,.SPX,.GDAXI,.FCHI,.FTSE,.OMXSPI,.N225,.KS11,.HSI
2006-10-24,0.52563235927903,0.53218995558964,0.5243831718311099,0.45771166096821,0.53032004852097,0.63516426120241,0.41619251214198,0.33823603317335
2006-10-25,0.51435250686782,0.41982611899705,0.47521073336152997,0.36037263112187,0.45059439985544997,0.5755234964610301,0.48801232322802,0.31688046190441
2006-10-26,0.47968439603158003,0.46327020152821,0.54086935350262,0.59845312701717,0.5041766542290801,0.54295246076253,0.53156851991869,0.40180927924039
2006-10-27,0.57597013220587,0.70758528925046,0.7345332265381399,0.52452278715583,0.59272517168572,0.8043426257949999,0.60444611157565,0.5876158748551199
2006-10-30,0.37421855031249,0.66750737761629,0.54671575807472,0.5959518098163901,0.75867794122722,0.64445118817556,0.52224402269446,0.0
2006-10-31,0.5092893871794,0.54530622670346,0.56845655020399,0.54734639041459,0.53930203329775,0.80351298222497,0.49037971679852,0.5339101874364199
2006-11-01,0.47338367171045,0.6047413809140001,0.60550611151241,0.45942747143859997,0.5031177391870001,0.93042724351604,0.49059085437279,0.540985131853
2006-11-02,0.43675985931548,0.76969348513666,0.76286371937968,0.78004405071293,0.8601508623789901,0.8274767444890999,0.61236571766851,0.68657646623894
2006-11-03,0.62034224242863,0.7861607966298,0.6985026405675501,0.6671795697100701,0.33696244546244997,0.0,0.42888165844954995,0.44119869734205003
2006-11-06,0.50746683054901,0.57241036152902,0.46641370899758994,0.52895054397542,0.51053380510724,0.73922375280241,0.67433665105413,0.48743840620118
2006-11-07,0.44252549013233,0.45277938129091994,0.50342905318688,0.37924724869873,0.47378413844720996,0.58012362427405,0.4612389763397,0.93430779102252
2006-11-08,0.63326037854308,0.53848006363192,0.5191270363152001,0.50777450271049,0.59626741839595,0.82073961332491,0.44397140535852,0.71339442829609
2006-11-09,0.49816416436460004,0.54207030829913,0.5240397112314901,0.4324358894911,0.66429648972518,0.83804980153233,0.68013016309706,0.5802738667180101
2006-11-10,0.39843052157988,0.57405665534696,0.47346564949297,0.45922706000035995,0.62989922713261,1.07646124145368,0.46189274009806003,0.61345099733813
2006-11-13,0.39814265722528003,0.47167455110794,0.44944045117364,0.49675961890713,0.46704604728791,0.72926941214146,0.49891567764622996,0.49194598634862
2006-11-14,0.60683304864013,0.6210939615347599,0.5367828426126999,0.61239204769164,0.5603105759294,0.74198190617031,0.37217531459589,0.69718395481659
2006-11-15,0.37803987498784003,0.45736647625056004,0.3357036366866,0.6310396562819499,0.83022959827971,0.70143922043314,0.31501033133367,0.65895729240113
2006-11-16,0.45292898577590995,0.40526736958439,0.41210463532312996,0.46361206070751,0.55671660622578,0.61398612011969,0.42590298003911997,0.78534398760186
2006-11-17,0.48639867641699996,0.51125896455758,0.5858572718991201,0.60693687267951,0.5965131280667301,0.94270261976834,0.48792969421078,0.5100947074776301
2006-11-20,0.4120997079261,0.57685841763765,0.58596814261956,0.58479870668159,0.66378443962685,1.05337512960388,0.5888287096079,0.71208519838623
2006-11-21,0.28140946635865,0.34400606813708,0.43543307014263,0.38898576177874,0.42407998869658003,0.7451238674005201,0.40624066601643,0.49954449393247
2006-11-22,0.35207455205821,0.57708747835537,0.5713221989367,0.67002047762259,0.6107595235600399,0.8047705754306,0.51638720133024,0.33421640623174
2006-11-23,0.0,0.41791330619983,0.55284700098848,0.52439691199638,0.37103673512469,0.0,0.49839633942732997,0.61706956075779
2006-11-24,0.54027318540413,1.02318907734934,0.8793250313658799,0.67184373862325,0.7161170314830401,0.89122797924229,0.53483165869509,0.44813374253577
2006-11-27,0.61521850307096,0.79882381043913,0.81755514934566,0.73929142687295,0.85841305196334,0.8366218031523299,0.55318279042034,0.75659470131699
2006-11-28,0.6330273473946401,1.21641747733868,1.1200269140243901,0.8249147427802,1.28674002313637,0.70182203646591,0.47981613779719995,0.75472418829727
2006-11-29,0.64282454607142,0.60599367308586,0.59584055745966,0.49642860594479,0.9791378582578201,0.65874964756455,0.50798896429863,0.64746331255847
2006-11-30,0.71578075356367,0.8039243471727501,0.79005106776963,0.69020779316686,0.74471064574875,0.61676858207202,0.4633932472455,0.42277319166585003
2006-12-01,0.75721986871395,1.15567784995257,1.07908881223604,0.99150768583385,1.0187154707925,0.68178189344977,0.47272199508465995,0.64172586147711
2006-12-04,0.48245798751643004,0.68093634162614,0.68151301444695,0.67436905758585,0.90534709533716,0.7304852005565999,0.40832046610312,0.65922955034641
2006-12-05,0.467400212653,0.8881308052425599,0.9540676893956801,0.65702144841168,0.8696758304201799,0.69220938310025,0.47938291963026003,0.56901441810662
2006-12-06,0.31289780949509,0.6246923077851,0.6124771324399,0.46626729480314005,0.54794727601714,0.6237405119336901,0.62965756521829,0.92063979457389
2006-12-07,0.48392934687423994,0.7291711688832301,0.66933475865738,0.52805626621043,0.55312552205135,0.6949223796035799,0.51651635420811,0.66624666067263
2006-12-08,0.45929948455958003,0.8897878343636,0.8105138961183801,0.62606674802702,0.8250453240148101,0.73450575350615,0.68669819944056,0.63036827613166
2006-12-11,0.29404768693780997,0.47340689793526997,0.48264798664555003,0.52103569905249,0.6818609035576499,0.64177644445395,0.5033502957757601,0.60346126538544
2006-12-12,0.49787017263500005,0.52424198509855,0.5247649167995799,0.40811008346571004,0.56315831347117,0.47625181325325,0.6701761463632,0.5802752786315699
2006-12-13,0.51270657073037,0.50729616673177,0.58269501268891,0.48662976865066,0.6064368793054801,0.56247482391549,0.82143708866976,0.67865711975566
2006-12-14,0.44787147118389004,0.4079287457083,0.42974714886077997,0.5908012750659499,0.55067823615476,0.43495449027172,0.8667333369949,0.53031788060557
2006-12-15,0.44447880117929,0.5916757252226,0.7523347765296,0.49235453304445004,0.6100004783253999,0.49950434266285,0.7112348740697,0.6150828514371001
2006-12-18,0.35473547607225997,0.37150765719004003,0.34580062067441997,0.37133942323161,0.4028681484549,0.37921572556423,0.54051730983073,0.55112778750023
2006-12-19,0.55034252880703,0.72244112318942,0.67085499370308,0.69192746489106,0.7323911649257999,0.55328042576598,0.51961977409794,0.91101157606054
2006-12-20,0.26845744143126005,0.39204097389814,0.33867420634149,0.56921298771465,0.76273598138692,0.67822563334385,0.64640501721349,0.42029971639801
2006-12-21,0.44239628064226,0.42292355116114005,0.39421165648072,0.41902008620469,0.40887283281307,0.54194049856144,0.55973782334655,0.46913599331968997
2006-12-22,0.46027920088155,0.7613970941432,0.52121526328706,0.29335363816103,0.41786542907312996,0.47465272548958004,0.5685426136079901,0.35697679245825004
2006-12-25,0.0,0.0,0.0,0.0,0.0,0.44074018534613,0.0,0.0
2006-12-26,0.25511318499407004,0.0,0.0,0.0,0.0,0.36837481879312,0.63709476850943,0.0
2006-12-27,0.46023261975717,0.52170444245479,0.51293658409593,0.49968666558668,0.46760680062709997,0.39206108452102,0.6152618422476399,0.5159338264008699
2006-12-28,0.33066275771548,0.36155029711255,0.40921708328716,0.35537863312384,0.41505020152776995,0.50382052316411,0.51136462554975,0.86410501213699
2006-12-29,0.47467182840623,0.32425557995494997,0.37273497193446,0.40273405623263997,0.31926142848876,0.26663177919808,0.0,0.76973780273614
2007-01-02,0.0,0.54113971883407,0.41903996898504997,0.62186799554281,0.44593533035301,0.0,0.5579666783319299,0.6574024460430901
2007-01-03,0.6712733998939701,0.47428939944252,0.5114846402031901,0.40421722210546,0.4878004661961,0.0,0.8165921363897201,1.11226836192575
2007-01-04,0.65037528746136,0.62651953246623,0.5996636055840501,0.82107439023187,0.80265809218828,0.32819754520055,0.96360742829174,1.1516431495815
2007-01-05,0.62935285314436,0.7630449258009999,0.67866169571638,0.68683116647417,0.53689220637282,0.9946095535377499,0.93924392363999,1.31196273493457
2007-01-08,0.58046086199667,0.7348133432170301,0.66234219906695,0.62531869295628,0.59516714826861,0.0,0.85905116044426,0.78735013439627
2007-01-09,0.5580445860641701,0.63682415705081,0.50441690107781,0.51368824974897,0.57956197291709,0.75497133951021,0.70604749155939,1.03585304168593
2007-01-10,0.5338351984659201,0.7673370402970501,0.61551601104869,0.7373786987574,0.6909575853234,0.82927529215328,0.92232524531591,0.77413197650783
2007-01-11,0.38954770751495,0.67717990244806,0.7216071685072301,0.8784149873424,0.77104662257811,0.9580585118397201,0.98094567460024,1.02281754084
2007-01-12,0.36037063821298,0.7381397158301299,0.57076856548654,0.55551460056466,0.52051822242187,0.93136940765782,0.59848234028013,0.77303121475512
2007-01-15,0.0,0.37122173638280004,0.32211568208868,0.5450972277834399,0.5655733010662001,0.5666647483874301,0.69772348967658,0.67012343310708
2007-01-16,0.37626710289984,0.6617471415312399,0.57473248249415,0.5170286510105999,0.54836626773932,0.5578137452935,0.5334539795524901,0.8764598157457599
2007-01-17,0.47292512290253996,0.6086772554033201,0.63594131166323,0.71770425780758,0.6785153424129,0.9323024539953799,1.05453196326664,0.8739936642004601
2007-01-18,0.499481842645,0.6444561527114501,0.7443181071813301,0.71400838343644,0.63173795036458,0.8854315770426601,0.68435578991873,0.74093104116779
2007-01-19,0.33769320029293,0.73762274225793,0.6434363031681201,0.540815445122,0.55982693467177,0.6666848965018,0.72471352264756,0.68896374093271
2007-01-22,0.42786371089432995,0.64879612253189,0.603813943206,0.65727129640755,0.62373861712979,0.46800568036513,0.71620228731086,0.50307122733304
2007-01-23,0.43670507926303,0.77674740442818,0.72944304775965,0.57475008347382,0.63822859481615,0.6297688135177,0.62951129721785,0.81156810043389
2007-01-24,0.41257022279795996,0.56396653471142,0.54492553361575,0.71896740684342,0.60835834075438,0.38561155614854004,0.5159088615957099,0.8552050373351701
2007-01-25,0.46475061354733,0.65369042216599,0.61989427519964,0.60455671875075,0.77179675464332,0.58013800095232,0.48979894003301,0.94086951382208
2007-01-26,0.57395580202097,0.8860041029055801,0.88227151294427,0.81537438957946,0.58967863651023,0.72973635925826,0.8089960747447901,0.8664971364886
2007-01-29,0.45414878809160003,0.56984501122019,0.5356771577912001,0.48800217095006,0.47043849722500997,0.60194831888863,0.57051277157746,0.61226678079245
2007-01-30,0.47074534090115006,0.6186768833470601,0.5895652485856699,0.5289767463799699,0.59343574391166,0.5353560447103399,0.6571915711619,0.65807364596958
2007-01-31,0.64250641882185,0.50684691487873,0.60107668162831,0.53383116346813,0.49529479403169996,0.7887299214738,0.64060741102994,1.2780515176725
2007-02-01,0.47181735369664,0.49186422748899,0.5363011143511,0.9779820311505699,0.74425902056419,0.55761287569803,0.66385953284523,0.85954911625478
2007-02-02,0.35818637501803996,0.47201855813599003,0.48671952034293997,0.53940858544686,0.7618159135901099,0.56399634215703,0.76660786509352,0.8399473545797099
2007-02-05,0.30567814586018,0.33958206678250996,0.34036036636459,0.4020760461545,0.40907355236023,0.78817608383447,0.7161215394517301,0.7212217507718299
2007-02-06,0.32730770554442,0.34836866160709,0.44088999530629003,0.44825237892154,0.57191035116745,0.5804027707731,0.61167762423461,0.74195016121652
2007-02-07,0.32884965863833,0.41399876447979,0.35619488315553,0.35188549413382003,0.5507244109510699,0.70023890318936,0.83649816437601,0.60544196631127
2007-02-08,0.52494546150775,0.57350874776657,0.52280191687082,0.49121108669118996,0.5660079812212799,0.66153695942388,0.73165407286708,0.93225848359024
2007-02-09,0.52369963563923,0.50856357242979,0.34634258029381,0.66133331920365,0.58697169082766,0.69155949046805,0.6161973508245799,0.7147186626178099
2007-02-12,0.3460125148996,0.47956998394670997,0.43667318995161997,0.50483450230953,0.7007409801246199,0.0,0.76546862408213,0.58562339292655
2007-02-13,0.45874110669945,0.3884243968,0.43858042204479,0.34099269883465,0.46174932906413,0.7795383843593999,0.69491355194996,0.8738143832916099
2007-02-14,0.49845626011043,0.38286673748794997,0.44964256061937,0.42989866979844,0.6907168237455199,0.51545794247251,0.60643625833394,0.57621020773897
2007-02-15,0.3057618965535,0.37437669711681,0.42162883060177003,0.37874316832202,0.43974551925493,0.62888091706118,0.44973956681921,0.63063326717193
2007-02-16,0.30894994242034,0.36589233810752003,0.40402028883141994,0.36050758195606003,0.46694094487073995,0.55858613466176,0.6129771712144,0.43509719139975006
2007-02-19,0.0,0.29715382906102,0.37285627545440997,0.41258163940722004,0.39056446334294,0.49194627014798,0.0,0.0
2007-02-20,0.40255000601709,0.44437762686537996,0.50746311772792,0.41084785198997004,0.51597214491678,0.53847426152165,0.48323970767213,0.0
2007-02-21,0.54478397691488,0.68041237507569,0.6044382185179801,0.5010301424831599,0.64611827440048,0.7021242993275499,0.64584838880519,0.62854322221492
2007-02-22,0.52670137706275,0.67073490460694,0.53636599155538,0.5913192522374799,0.64440943077867,0.42337671492153,0.52998861634117,0.41789195293426995
2007-02-23,0.41973001591078,0.51569668801596,0.47082696630457,0.47279348881577,0.56249965931701,0.6571070182075001,0.61788678106645,0.74078363053223
2007-02-26,0.49435038056132,0.46705887743365,0.46867439838112,0.5586482811608,0.58219582416937,0.60070067946488,0.5268373020445101,0.50633430384029
2007-02-27,1.6742879653837899,0.82802467165607,1.0035679795106,1.09542497169728,1.52830805888832,0.72450463324147,0.69153202940555,0.9682345535880601
2007-02-28,1.10349758834852,1.65936509309434,1.66359542646131,1.9682110818496998,2.42765016755792,2.11667250550102,0.8321501671107,1.14664906071779
2007-03-01,1.94913930663485,1.7775046010145699,1.85450240969565,1.45017209232559,1.89143716840528,0.96374920117235,0.0,0.8002774959556499
2007-03-02,0.8625022598471701,1.3609508697025,1.43373407060235,1.20252719674941,1.46511818784799,1.09087695706986,0.72986910676465,0.69393235074812
2007-03-05,1.30177266935475,1.40688789773279,1.2012334323490101,1.77879550251567,2.55119345151558,1.34744199148942,0.77105919169492,1.04522854643231
2007-03-06,1.06521783781159,1.1415987308529199,0.9351798196379401,0.93724515247669,1.13156868922173,1.19223172269739,0.8657035395024499,0.8238272029703101
2007-03-07,0.58431838512124,0.6143273027328999,0.71566841492836,0.69912636923414,1.00051872581426,1.03392043352474,0.79011787562552,0.9673060321387299
2007-03-08,0.8638234396368599,0.5680003514101399,0.5315001889379,0.69406546951827,0.8906004699239001,1.12980196733409,0.74813552408482,0.8344437774750101
2007-03-09,0.76085111361591,0.90550812732867,1.22768529030529,0.86629550742405,1.03624345535641,0.90803378510861,0.7828111777487899,0.82114582849089
2007-03-12,0.49902204238035003,0.8341369408800999,0.9390825077806499,0.71371637969557,0.7856704837489001,0.69150690793959,0.47935739708261,0.72228907827068
2007-03-13,0.94713985208439,0.93150827064976,0.9805118673297599,0.72616841680521,0.92869780330062,0.7860817993549001,0.60955538682775,0.67181038318912
2007-03-14,1.27120195101801,1.43198135953126,1.23634503882249,1.75175835028265,2.27963743313426,1.0389270597732,0.6468849836887101,0.63133077842481
2007-03-15,0.6548677830966301,1.36233901539044,1.1460582203636,1.48048776515748,1.7618190077854101,0.6714843827555199,0.49376114852228,0.48533651789867
2007-03-16,0.54011628316997,0.74924705250902,0.86753179158269,0.8480503399924001,0.8368682961944599,1.06858819504755,0.63862845406807,1.0934364748713101
2007-03-19,0.7370965373271601,0.63747444611257,0.5362689442769,0.8970030055508701,0.98455216800277,0.92825738597157,0.6594670516663,0.632072816041
2007-03-20,0.43696283383956,0.63174847129065,0.7762000605654801,0.6214325180498901,0.67560157399412,0.7828591596496799,0.48441602143129997,0.40097658395154
2007-03-21,0.8145214800859399,0.45263824270482006,0.55021743763331,0.71996077515669,0.58395294737487,0.0,0.6098508754847399,0.6296631252986901
2007-03-22,0.41810054215851,1.30392718329284,0.70326948419389,1.45103552185292,1.52361891201638,0.61017739762262,0.50670255456019,0.7532837892302899
2007-03-23,0.46639523066237004,0.7400234892455201,0.74905059533549,0.64812289250297,0.6206543592861901,0.6511559247189,0.50145380724274,0.38639127460796
2007-03-26,0.71010780158916,0.8996151457559699,0.9522879611433299,0.7833096890283701,0.7166234933354,0.67902808169673,0.67204969427113,0.5627105651641899
2007-03-27,0.65204060391288,0.8146235775831999,0.6147764508574101,0.9136405642988199,0.8235187771004799,0.75134659227587,0.7574919293397699,0.43895257790958
2007-03-28,0.78665908502526,0.7278907918216,0.83644193566185,0.7439054223873,0.77334381120849,0.9672891039274699,0.7982053062208301,0.83419466179395
2007-03-29,0.88999938353699,0.59400421427799,0.64883302777873,0.6935578839987699,0.64836072333274,1.0672473994800802,0.6721761636647701,0.69867934053551
2007-03-30,0.6865841766338,0.64336674223003,0.70094612817268,0.5554688471346,0.55482956575553,0.74551830577023,0.49954144598545996,0.58379208398175
2007-04-02,0.47102075327070997,0.52689921071313,0.59916110225757,0.56141808714041,0.67088993036168,0.90974096898248,0.58979374517063,0.73757156564585
2007-04-03,0.65109741710801,0.8119046946537299,0.48094042041608,0.71412853229376,0.68714368531165,0.8153030624218399,0.6420610188821699,0.47493545476131
2007-04-04,0.36366481278921,0.46524803828731,0.52016518640984,0.43403836019686,0.62789143656834,0.5781094732219401,0.40656148530482,0.40217156995342995
2007-04-05,0.26208268223819997,0.28641178023656,0.36901145005833996,0.43146776911037,0.31828972799842,0.53421220047719,0.43572408626730996,0.0
2007-04-06,0.0,0.0,0.0,0.0,0.0,0.5261975608977,0.41455777825666,0.0
2007-04-09,0.34038168780871997,0.0,0.0,0.0,0.0,0.52461259217012,0.42403945526717995,0.0
2007-04-10,0.31631913688003,0.48072814209889003,0.5504559034499,0.42735210007974,0.48560008081476996,0.59672650756501,0.67843007853207,0.54226089482187
2007-04-11,0.46836170777650005,0.48566125707516,0.57838549781507,0.43754322115733996,0.64312647766222,0.54195633877761,0.48442603595264006,0.55652661261333
2007-04-12,0.45622203325161004,0.6247384353889,0.65775393665052,0.47987196381704,0.70459178345515,0.60852230026726,0.7206763452161601,0.6053802684267899
2007-04-13,0.43375532109381004,0.63396085393418,0.5831320446546601,0.5060320387551,0.66281774939237,0.66791055113681,0.78641551321345,0.65327916648905
2007-04-16,0.55195375516027,0.48757877563009,0.52051966493369,0.55973424764277,0.56307803748793,0.6876682147761399,0.47925322915458,0.61068072987453
2007-04-17,0.3859057288867,0.71348613366929,0.67229413243501,0.62545935611934,0.73182538450115,0.80832339057141,0.6631434570421,0.51004730401613
2007-04-18,0.40530071666216,0.7429514735294199,0.64988412704764,0.57513023999732,0.6943852075921799,0.76602764483777,0.57898409534673,0.75999200100439
2007-04-19,0.64810089589284,0.74373604553316,0.8454815730521901,0.9288465853221701,0.91147488366074,1.22329719672817,0.9470356050988501,0.9521353142537701
2007-04-20,0.89034464564966,0.7922248897669,0.8741384941029501,0.6844582277621301,0.61433006424047,0.73272173156876,0.70744571129126,0.46041139804544995
2007-04-23,0.3625177039042,0.56269267785419,0.61312293313401,0.52985237795375,0.49947720390608,0.6877286625103199,0.7093613996187,0.61342143196123
2007-04-24,0.47747143612714,0.82276907936649,0.80244157485212,0.6688094828090599,0.80861750147206,0.80359692474723,0.6831026404888,0.54324757364567
2007-04-25,0.56256505206558,0.7602811216601599,0.7847035232028,0.76515506374376,0.69134816327683,0.8157662415531799,0.94981778295375,0.64913874292414
2007-04-26,0.39843478458090004,0.72436117687553,0.57211082168565,0.8248533769712201,1.03443762762623,0.7404866284115199,0.66418416719623,0.51264823010965
2007-04-27,0.45983870193313003,0.74078011280344,0.7753424600443499,0.7053078834442099,0.73612962769258,0.93498465839359,0.69769059728203,0.6703265492538399
2007-04-30,0.48131106400397994,0.5710870827039299,0.55967460778256,0.54506144959168,0.37831624535692,0.0,0.61660651224537,0.9318637305412201
2007-05-01,0.61674995363147,0.0,0.0,0.7094461028262601,0.0,0.70555356094259,0.0,0.0
2007-05-02,0.3888007517274,0.46800444610486,0.55357151657654,0.62694053546995,0.5848120825004499,0.6560848138026699,0.58407143161849,0.65738054429079
2007-05-03,0.4486753672923,0.66949702217948,0.60982850260227,0.66686273137385,0.67917338602429,0.0,0.43074025228433,0.53811960896362
2007-05-04,0.40722989433188,0.49053490430952995,0.58343909279177,0.6256700174622299,0.53755837835263,0.0,0.52774512580802,0.53953652764038
2007-05-07,0.33051804017548,0.40820799397992,0.42167650338143003,0.0,0.48814414962926,0.5831428795090801,0.36953550976635,0.5133675333859
2007-05-08,0.5005767706131701,0.61097461324963,0.5473775623730901,0.54882620670936,0.87862466772379,0.52776531274144,0.62630570665444,0.68954876555895
2007-05-09,0.44564602001798,0.6108504106910501,0.47357778476544,0.6665296967357001,0.8438658124077301,0.5766602068942,0.67870029264484,0.63865097017841
2007-05-10,0.6717902429063201,0.81471493969126,0.58688039335688,0.66629189949867,0.7854985282600699,0.6257845002728201,1.01168141250543,0.60389323208129
2007-05-11,0.5214068488275501,1.13223794989304,1.04860781744701,0.9025918745111199,0.9068946712409299,0.71330408689202,0.64540657836822,0.4586582228312
2007-05-14,0.52071997747217,0.6532942829419199,0.62831941955205,0.66449331082694,0.67326416719534,0.55290501186761,0.9380009490665401,0.59118527261967
2007-05-15,0.7311000470965,0.9442623306160299,1.08548153120493,0.72086991824043,0.72194638139455,0.5770044089745501,0.72957484533968,0.64068134772485
2007-05-16,0.61111362080705,0.6379108895623901,0.59260116254025,0.67853148109548,0.3618546427973,0.60002315782132,0.8371768111097,0.45514091375134
2007-05-17,0.44727094816120005,0.55536796670474,0.48641924338497,0.47422491020568003,0.0,0.59863509855118,0.50332088477228,0.38008019824671
2007-05-18,0.45781443551277,0.63299955281856,0.7540748610635201,0.61626661350211,0.4687508281927,0.77570016843229,0.76113703889453,0.45535491105768
2007-05-21,0.38369610919020997,0.53770429519412,0.55705165587259,0.6094583699462001,0.73975765383761,0.6157966860296,0.9406810752385499,0.54620491357206
2007-05-22,0.43751416033893004,0.55876292853842,0.56633083597095,0.53924156588616,0.6026808374393501,0.65533441186779,0.65544842395515,0.56589239779368
2007-05-23,0.55330393159827,0.50892404670248,0.46961718654001006,0.53491122115991,0.55983116169315,0.54865934834059,0.78005366295044,0.40122687554330005
2007-05-24,0.7315555526228,0.8506287020275,0.83822847154718,0.74604665654067,0.78651494397209,0.78966092123931,0.0,0.0
2007-05-25,0.55561398007094,0.74181426111726,0.69121875489692,0.67118520368073,0.61480156656965,0.73460104869386,0.54562634204785,0.49982046727443
2007-05-28,0.0,0.0,0.22353109726876,0.0,0.43375483453976005,0.46508340044454,0.48847098359226004,0.29999290383801
2007-05-29,0.5117791671894101,0.45008467251926,0.46208689912315,0.4666026613257,0.47676379265277,0.6116236066784699,0.6203725446614899,0.47547652918825
2007-05-30,0.69618597484603,0.8779579382682401,0.7290341625357,1.00510855210867,0.76541601395624,1.0058260236596501,1.1338604821634801,0.64101548592302
2007-05-31,0.41456350526937996,0.78423765270184,0.56109167944544,0.6753487730253,0.8802399949511199,0.66147928557241,0.6916217853708101,0.72753598459921
2007-06-01,0.6158181704572799,0.5712770461226699,0.63879509590895,0.60224714306414,1.03725904535945,0.43935692846739,1.20756520839663,0.77912763990085
2007-06-04,0.35610506941918,0.7611861484076,0.56553690543033,0.51923130655342,0.51568739970051,0.49346683196949,1.39434031105501,0.8414513057968
2007-06-05,0.5580955874747,0.86135045941004,0.6797810339089999,0.51542934190109,0.57290746538729,0.71184626324652,1.4053335202435,0.8057192787191401
2007-06-06,0.6061692105879699,1.0530018741673701,0.84394822832476,0.79942359988833,0.0,0.40448301195261,0.0,0.62689290817684
2007-06-07,0.86238163656431,1.40570748239667,1.2253017368052601,1.27215180898114,1.21709829508918,0.5194712613204899,1.0439912645123,0.7274176657889999
2007-06-08,0.7248894790001901,1.55912144824352,1.3409395609672299,1.14200814648188,1.6549701078826098,0.8222406159164,1.13128784185811,0.45738453291758
2007-06-11,0.48363942027902,0.8311286480298901,0.68905547833745,0.7388770924467,2.2871564485957196,0.4246038283476,1.13056281302057,0.33380237108625
2007-06-12,0.8143074453613299,0.9635406724304799,0.93922178682761,0.77771860966204,0.8839914899046101,0.5937389159073501,0.9891577083675799,0.61724966720764
2007-06-13,0.80554275617563,1.03024231491285,1.00232438786951,0.74885610728859,0.97066272146887,0.52898259748685,0.83577580339878,0.40003561804119997
2007-06-14,0.4886611053776,0.7147399685253699,0.6687415117164099,0.8878502556913,1.01920447323488,0.36811935503903,0.8340493994469501,0.48853118133025997
2007-06-15,0.68687200466769,0.85223673750939,0.8861468172782201,0.71118467110468,0.77429805553488,0.3856244769164,0.79064822396951,0.42145521215901
2007-06-18,0.42551508745990996,0.6707284946644899,0.61463087466022,0.51913841890908,0.5562712609282,0.49954794099402006,0.63172081984277,0.6400778499075
2007-06-19,0.42789336200475,0.71637549390742,0.64806741761448,0.49228047941186004,0.53194288493043,0.40959526368325,1.02918028605633,0.0
2007-06-20,0.7196579257957,0.78789727423465,0.5841252112812301,0.6462380285460599,0.6126601007366099,0.47359072939149005,1.11016516888884,0.9158302415387299
2007-06-21,0.8811502849714701,1.1078184722800901,1.04566876249173,0.85078961288632,0.94557274356585,0.49844088868335,1.0265631424569,0.572638629152
2007-06-22,0.8986882409767499,0.7906055543217799,0.66335280329015,0.63501912075967,0.0,0.48693976471682004,1.16353227356614,0.99359211601899
2007-06-25,1.04351503911347,1.01254745526469,0.82632381148462,0.7493667141324,1.0347991853833198,0.6389831974856,1.18001429289182,0.94635060905905
2007-06-26,0.89551810248483,0.936345981148,0.73779923895537,0.79487393567303,0.8224795567695099,0.58310472542127,1.2871483850356902,0.76299674010079
2007-06-27,0.8415150473755301,0.8970090460764101,0.78928244126272,0.89360043950206,0.7601779011479101,0.51333592332947,1.1300429578776998,0.73855874297474
2007-06-28,0.78401642369305,0.76422742169921,0.51777746411248,0.71239746347633,0.73808697033156,0.40891863126967,0.57223347200324,0.59611448561134
2007-06-29,0.8809040710892999,0.7502819136284801,0.70682876724171,0.7717045789922,0.6184221635194,0.49595055967491997,0.8171488541401499,0.64156817597037
2007-07-02,0.57084032271779,0.80173616069784,0.53264504318928,0.70177518157661,0.67563861230642,0.46235554992614003,0.7942595132911601,0.0
2007-07-03,0.31657344126322,0.64945072296951,0.46239804792155004,0.69632768926719,0.8558413179502801,0.36600776097881,0.62995813332272,0.56052466129959
2007-07-04,0.0,0.34980603171778,0.31014711737697004,0.38688115707828996,0.44270653105475,0.3550378488466,0.85056321825468,0.61143010971405
2007-07-05,0.45884580864441005,1.14771031009048,0.62407558759692,0.66188655664301,0.65212679630507,0.48604666244572003,0.86199870983251,0.6271013343890199
2007-07-06,0.42619872140473,1.00761930648682,0.60488747422829,0.5979944886375299,0.54578768149555,0.46248681714212997,1.20785001606325,0.9499573873494699
2007-07-09,0.39409349648269,0.7328639923108,0.3959938607203,0.52213142006183,0.54533521563023,0.3316706934464,1.021411851531,0.7153158775236
2007-07-10,0.86353665383136,1.00325602862479,0.90830936692354,0.61838584121908,0.66930364500116,0.34087013588708,0.8845304323943,0.6988032828452
2007-07-11,0.70027269829058,1.2126884290043298,0.84156922741536,1.0030980074962699,0.84002172993074,0.43269113115547,0.9442458252063,0.8786385958969901
2007-07-12,0.7007859376296199,0.7795409499249301,0.70542916697191,0.73269701530683,0.54643475422008,0.7482087409416001,0.95616698231561,0.784587466077
2007-07-13,0.43393693844273,0.9591796429125501,0.64708555370754,0.95645099406252,0.8478299242529699,0.47807567479286994,0.77418382663631,0.67607462595737
2007-07-16,0.43646598646729,0.5958954417987,0.57950272229245,0.5446106578369599,0.41890101994062995,0.0,1.15134931768121,0.52523366476159
2007-07-17,0.47501990953441,0.84799757383415,0.68170370909625,0.64264665018825,0.55418012272328,0.47030702664421004,0.0,0.60589406963893
2007-07-18,0.8200550414412999,1.08081114491755,0.73869175668291,1.02339729173864,0.7625123525749,0.5637895289481599,1.21764684968754,0.5825663474520699
2007-07-19,0.59512108440081,0.7145720870468399,0.62858400442568,0.80694871812405,0.62905030218505,0.51440766095491,1.3549457119014,0.5629565519843
2007-07-20,0.8966533369859799,0.8427921381636099,0.97852133787061,0.6740283152103,0.61859970635465,0.36633774424885,0.92512230315648,0.47166007503074997
2007-07-23,0.63467346910597,0.93856306849721,0.79503037377457,0.6572332627060701,0.47086778818019004,0.48026297161566,1.14944415954886,0.5247467770309
2007-07-24,1.0782411267684902,0.87134036518753,0.8462927315698201,0.7414237972222101,0.70289879447703,0.49826396228813996,1.0497291040968602,0.40637667949123996
2007-07-25,1.3070076019212702,1.1420960317823499,1.24171578717434,1.0663107074187999,1.18591717985447,0.60022905142653,1.7568142352568101,0.65380224042514
2007-07-26,1.80919824833488,1.4311036665968602,1.55537937554475,1.26800573389437,1.6779227726075399,0.61875985142549,1.24396102690759,1.04647221728863
2007-07-27,1.36990794988787,2.0093172338590497,2.07519786322148,1.72323871666928,1.54646774244922,1.35875556343626,1.6761712743096902,1.09101985022134
2007-07-30,1.20367749634069,1.20703533175711,1.30095919677559,1.04943555004202,1.0500172839872601,0.9548764171572299,1.8048020044223598,0.9076227076941199
2007-07-31,1.1620144631221199,0.9586655720190599,0.8674841632944401,1.27684380517861,0.95008915776531,0.6980059382191,1.20419656065818,0.62074926838647
2007-08-01,1.6718278456103,1.42700636874051,1.52207129828664,2.27782403890555,1.87272308775189,0.88010338059739,2.05776998321969,1.49849698129559
2007-08-02,1.0545318478490802,0.82314552682513,0.8938435230310999,0.9050104109966499,0.88296660159927,1.44089231141227,2.67015161298941,1.9595422790572798
2007-08-03,1.2634865620615001,0.9746030734448701,1.0719931148235,1.00971236665795,0.8235023318183,1.06490169605461,1.36398403401139,0.78514012791971
2007-08-06,1.52283774649074,0.99161502502169,1.09257498895636,1.2974274087219602,1.50072615034955,0.9231945332304801,1.29011129727167,0.81289881192668
2007-08-07,1.58026486162826,0.92989485683109,0.7851652526670799,1.17976539895141,1.16724393787631,0.76315642670253,1.18340618009329,0.90389133605711
2007-08-08,1.17729603737207,0.82238874240134,0.9766598663409599,0.98334541140819,0.92809581652137,0.7670764013566,0.91526474223781,0.84453187100048
2007-08-09,2.19386674119578,1.27141880366581,1.67153728005868,1.36364015924216,1.53459745018555,0.7291420425274501,1.28095601978405,0.87024326410977
2007-08-10,2.0329281871743503,1.42027008870566,1.9048243500811302,2.45529238311204,2.2290088147802303,1.1996055368816,1.2562597472911399,1.12664273212718
2007-08-13,1.07905128075407,0.9834549804240599,0.97665426723435,1.471146284087,1.3631790084236899,0.93574819906987,1.3104531332165201,0.9507245819991701
2007-08-14,1.24195990655817,1.05877022261159,1.26546039123751,1.31344798731925,1.00550031786519,0.60116552272792,1.41530554137048,0.62546254294561
2007-08-15,1.40862847306484,1.25967373492345,1.17002080858077,1.46888271502424,1.50411282915677,0.86926432857243,0.0,0.78086033822643
2007-08-16,2.3308847642341703,1.37002380236439,1.59339344515816,2.60557396837318,2.32972320113613,1.7035084752248801,2.23700509908471,1.39314528946912
2007-08-17,2.2522152985216497,2.5542490903426,3.0538505868252597,2.8124398918458597,2.49255145553346,1.89116639430008,2.4822638533145502,3.13509593282773
2007-08-20,1.09045199972213,0.8633953358948201,1.05980864124756,1.05547027709168,1.35050487750914,1.8842936388723999,1.28737701325447,1.38315327708067
2007-08-21,0.9885767491763099,1.19276147660292,1.3018906337895602,1.2101101841977,1.26969107568494,1.23992402843843,1.8663053303331598,2.48023388833069
2007-08-22,1.1598292597111,0.76850179972729,0.8996038238345401,1.10109280451013,0.97935974608042,0.9290414502003,1.18270677147254,1.19153901025186
2007-08-23,0.94393036641698,0.69811374902362,0.80724183824294,1.26039349537317,1.03319904321529,1.20379632657148,0.99989235446702,1.0623218591980401
2007-08-24,0.5917589497742001,0.74297150129783,0.9766513999648899,0.75430457738702,0.93450722597443,0.7590282281657901,1.22548527182745,0.99011953163811
2007-08-27,0.61759687949085,0.46984928948799,0.52191929005046,0.0,0.6473276344884901,0.74931331024927,0.9014213602658,0.75801099442887
2007-08-28,0.78756928668851,0.69315192349063,0.77119487591282,0.75026487108812,0.86954843102394,0.6436693310706401,1.27083677193965,1.74001078088441
2007-08-29,1.05954677736001,0.81173144655175,0.99491843588263,0.9410478767067101,1.24655220752161,1.36072267723294,1.4099317974646801,1.3824976566736
2007-08-30,1.14575198011131,0.87311598404958,0.98513076405601,1.24496815500276,1.2339361649898999,0.8844781167368899,1.1340997883872401,0.91867112424422
2007-08-31,1.3263122023777,1.02253257685464,0.9893949828014901,0.94157954053312,0.94603361401635,0.7659229416351501,1.15624139555544,1.03786625777698
2007-09-03,0.0,0.48447592713877,0.54067729354663,0.43626908545398996,0.58163955812195,0.73561737030188,1.19326037491362,0.94041972128323
2007-09-04,0.61760228737722,0.69777817334938,0.6749178847394199,0.65793339348062,0.74255577992012,0.6469597208438901,1.0192799445956902,0.9549258322538501
2007-09-05,1.0097555605125401,0.89718360182072,0.93135686077415,0.94661480997162,0.97352972395729,0.82220392644073,1.21703868574791,1.25879500631318
2007-09-06,0.75078579609669,1.16365416358856,1.11916495536717,1.28814699509528,1.18754470829901,1.28277903926319,1.2430455088266001,0.9076388383849501
2007-09-07,1.3905552147473301,1.2863552503049,1.39557897612173,1.17483783101754,1.17534201537595,0.94838933863414,1.11148989161755,0.8043779948254001
2007-09-10,1.08790660443532,1.01147547657568,1.14618054135288,1.1860870939222798,1.2573020993050898,1.39830026432987,1.3573148657540701,1.0768064428025101
2007-09-11,0.8977413343981799,0.7252968636937099,0.81533132749126,1.2689118571536,1.10605083971397,1.0835041232838,1.0158843873605798,1.03458290023274
2007-09-12,0.76248678470237,0.62995044025142,0.83537149185082,0.8116502102152799,0.9143108168479099,1.31094612358708,1.18114792222269,0.76539737289092
2007-09-13,0.80409830595861,0.7261554696229999,0.75580883745969,0.79939040871413,0.93016221673829,0.81548772224773,1.74200540981881,0.8504679464632501
2007-09-14,0.82566414516829,0.9741965949036001,1.07101567233864,1.50111007640645,1.217783961774,0.8287267442460101,0.9370408850651,0.6769053285780601
2007-09-17,0.567288055663,0.79047968619495,0.9626653749524501,1.04718593120371,0.99976338729956,0.0,1.00480803181652,0.99251988690692
2007-09-18,1.47271470662854,0.8219407218254,1.07227681425087,1.1436710315724499,1.1257793411797,0.88045461623,1.02606163174246,0.90401575004253
2007-09-19,0.94172241515258,1.39936319271052,0.88853596585532,2.19432287155058,2.27545729515585,1.32676871911196,0.8076435739530499,0.7953219138865999
2007-09-20,0.64285407385943,0.66254523635576,0.77225465275627,0.94863528381899,1.0181002821701801,0.65482805021347,1.19657164033166,0.8133206849820499
2007-09-21,0.64949032399021,0.77712906591049,0.95399843785341,0.87139223682151,0.6376003984648899,0.64813533866305,0.87221110583743,0.8381831994482201
2007-09-24,0.63679669322711,0.51141617163226,0.59679520520925,0.66983820822505,0.62900501792122,0.0,0.0,1.11182993988739
2007-09-25,0.70385757771399,0.71381930830776,0.93143994490433,0.96093386808789,0.85790174413709,0.73889238092276,0.0,1.44598656634285
2007-09-26,0.61366845312773,0.51722551893762,0.70543666677792,0.9105112003359099,0.66137074913294,0.60008959023686,0.0,0.0
2007-09-27,0.53217810694347,0.66763426529702,0.69843449967023,1.00003282547624,1.60360022261379,0.7981364740810799,0.76648669875107,1.21001576499399
2007-09-28,0.50032915304266,0.83569189390731,0.72584989749369,0.87885226477187,0.66610800560216,0.62373875609291,0.8080791637683099,1.08327673014654
2007-10-01,0.54628027272883,0.65815909188943,0.8439301451743499,1.06495815102801,0.77936722222511,0.8118752866094301,0.55029328435057,0.0
2007-10-02,0.43112336425717,0.55372637532853,0.5225703251667599,1.0106298278405401,1.04079823877877,0.57975928479004,0.73205365941363,0.8131631515343
2007-10-03,0.58972424914371,0.5338169405670801,0.53733330209835,0.8304675508792899,0.54273148040426,0.6384780856586699,0.0,2.56434743951341
2007-10-04,0.38272768382561,0.62983624351687,0.6434264050252501,0.75300455375995,0.71883556485692,0.7074501172591601,0.8805931754620799,2.26469559341912
2007-10-05,0.71397246765417,0.69303005057538,0.87941469349632,0.8779699963726699,0.8676993376934099,0.53444480324054,0.9541462595039599,1.02155249206098
2007-10-08,0.39922194191626,0.40535631050686,0.43492785627075997,0.35545883179356,0.53035150160153,0.0,0.70312635097126,2.00951130657754
2007-10-09,0.57080454249213,0.48978898027404,0.52899884101659,0.57316647179437,0.54524061570424,0.56542298225721,0.88631641571642,1.49199791612756
2007-10-10,0.52097613517271,0.49658976554894996,0.5683071859248,0.58997597504963,0.5962610019139001,0.49269379264200996,0.71955172987294,1.46587338969673
2007-10-11,0.92419004912444,0.61544611841332,0.64696345822051,0.78346177886651,0.53076878117365,1.03006262722418,0.94305671389252,1.00689785853531
2007-10-12,0.56724724103417,0.56459700879226,0.65004342102262,0.98882485658465,0.92782006008158,0.60922549579858,1.04313633426891,1.61324502450712
2007-10-15,0.71455533443909,0.52142742387234,0.6126745415313001,0.65088437102789,0.49446822918761,0.62283502624124,1.09657387436551,1.4738595004823198
2007-10-16,0.67439117573416,0.53852604968194,0.74656642189722,0.73927046970627,3.49515065462735,0.78580334928058,1.26870531222581,2.4500020820762503
2007-10-17,0.9175762766805601,0.53332043561179,0.6996854994269,0.85223358412087,0.73791696129521,1.22615796240288,2.1905269787494,1.7002746264233302
2007-10-18,0.67907368277681,0.86814102096353,0.77899820037673,1.03142755510166,0.9498711222191499,0.84842514448406,1.457985081733,1.9386343447202699
2007-10-19,1.10550930702278,0.690905339609,0.6417189279469,0.76110606982622,0.9038583288858,0.9328718838693301,1.4555875467927,0.0
2007-10-22,1.0594827616554199,0.8126454788997,0.8605263740736301,1.91176612108045,2.08899477387139,1.5827135168058601,1.6968491513514001,1.13509548193224
2007-10-23,0.8465983825356601,0.52995795213176,0.63623712422328,0.99872151192414,1.29675586431216,0.71906901326145,1.13841823768727,1.24004895748272
2007-10-24,1.40331851994834,0.63630472400403,0.8680845859841,1.0150931866572601,1.1449246740305599,0.89173373463881,2.07031438745785,1.44834575815652
2007-10-25,1.19326509509287,0.71447117888333,0.84252987218068,1.09335087908548,1.3266537528311502,0.9904996508809201,1.6585241407483302,1.6329883000125798
2007-10-26,0.8088633642832099,0.6993521611233501,0.69480665814085,0.7600246221052199,0.99709611432964,0.76228671169003,1.44829195292213,1.33851077278593
2007-10-29,0.60953455576061,0.36464357082012,0.40741321470734,1.02779982958696,0.8719467309582901,0.75400982122409,1.06661953381419,1.15861207603623
2007-10-30,0.53872727342382,0.44126860267392,0.38379089534515004,0.75616103753591,0.5688099588265401,0.7734534897602799,1.24152059757299,1.57350446666604
2007-10-31,1.1165580972340798,0.44005464570169,0.57203239910758,0.69692491427835,0.59658267022652,0.71152064774302,1.0872763722260301,1.37348889142832
2007-11-01,1.44917334846629,0.9498559509687201,1.15573654694398,1.37552923864925,1.02836431880389,0.64316132531597,1.29555940508183,1.13772300561516
2007-11-02,1.42679761941839,0.9498258554350001,1.04940391001987,1.35139283212432,0.9977730581111901,0.9652031633607099,1.21186931157365,1.23592289977206
2007-11-05,1.2828664577550501,0.55091376499927,0.74065308955368,1.0670383659569098,0.80053107036945,0.84878256044599,1.33279444387009,1.8886067319156201
2007-11-06,0.88201134312879,0.48399157288081995,0.61245507304201,0.9641889120923199,0.71298811033138,0.86974024199175,0.82159849384041,2.31973763643844
2007-11-07,1.4051869458951,0.9448345395651,1.36834842726368,2.3171219244716,1.28516312908595,0.7652643090632799,1.17802234521506,1.7911850393298199
2007-11-08,1.8736413950310697,0.9435861489588899,1.14068648598026,2.0356331010521,1.7053606872931601,1.0955954166945,1.55298138033396,1.4072239207386201
2007-11-09,1.56057699105907,1.17289164895526,1.38998955503521,1.42781547757509,1.39567355055328,1.24200648483572,1.97204554651407,1.5933325944735999
2007-11-12,1.32446758187205,0.57461247640156,0.9498080558510501,1.06464422991579,1.33594177388013,1.4491807574616,1.6545649880349198,1.56410011794769
2007-11-13,1.12250306198246,0.569210606133,0.8355481356073801,1.1439324699845699,1.18188491822935,1.3986117413303,1.8451928110192102,2.45739675631388
2007-11-14,1.12829576884033,0.8127069780712299,0.7854261595578701,1.41194282506233,1.5171825549023399,0.8325673053309199,1.04957189493526,1.15884484111635
2007-11-15,1.19442194920304,0.9581780988931801,0.94116556575803,1.08989923971668,1.27886236281782,0.7714588986500199,1.40304557086361,1.6241209313206901
2007-11-16,1.30428239344246,0.8603838327973901,1.02533531640288,1.22173790781124,1.34192119534196,1.22739347473212,1.31890595274227,1.36023911263461
2007-11-19,1.2105433790067102,0.76709542368436,0.9242836867165001,1.31021596320225,1.4138246807596,0.99788275512799,1.38818406882228,1.77149484255134
2007-11-20,1.7195501392160601,1.00619164374188,1.3134418616311099,1.75244643793697,2.11034736519417,1.3794039077289801,1.51325229181752,2.86745710610324
2007-11-21,1.48970267947768,1.04744453810977,1.3015924947728401,1.82136714302443,2.13567189769168,1.32580765348673,1.9621775027802602,1.5548563291478
2007-11-22,0.0,0.8600584377884101,1.00805904188742,1.1374420722748901,1.33056344071111,1.46612534272073,2.1563524119382698,3.06663276952963
2007-11-23,0.95875398520361,0.73507382928789,0.9274668465364501,1.06811411175164,0.93165839921216,0.0,2.38522637876449,1.70983785968787
2007-11-26,1.13031524538024,0.76296298171246,1.03552548123887,1.28293108040182,1.2843579090444301,1.13832750616068,1.28437639115603,0.90532592445312
2007-11-27,1.42742600180814,0.9636483229454099,1.0981188433767002,1.46287120816393,1.38706985178541,2.46390093963515,2.51583971424671,2.08971385432072
2007-11-28,1.10863999286919,0.80500378892843,1.0922387243757599,1.2685212807935,1.32563244679775,1.07773435611749,1.9726660418142201,1.32299691839059
2007-11-29,1.06073671479778,0.80182664721911,1.16920901939473,1.51842182399226,1.36543854561968,1.10319618361377,1.07366765159755,1.16816054632828
2007-11-30,1.30214407395226,0.77347361832379,0.9900948900302899,1.10666347762858,0.87015519033874,0.7760715576530101,1.09829450209768,0.9792458625786199
2007-12-03,0.87087763669699,0.6352035587452499,0.92233743874717,0.97075562279991,0.81373447268744,1.11924227199208,1.14327109487557,1.1464724638865
2007-12-04,0.86632910017317,0.7224282689163599,0.8863078058447601,1.1039707226878799,1.0807641007648199,0.86771489203301,1.01525453894922,1.0686886552116102
2007-12-05,1.10511759654753,0.63338743113477,0.79636539014231,1.20815572957711,0.88306432957946,0.89521509366241,0.94660096626087,1.12666196041048
2007-12-06,0.64717750796409,0.68239276382305,1.06107627061347,1.20475300051006,1.18667172345725,0.74956369649021,0.9068366106701901,0.9590924406911
2007-12-07,0.55551982044037,0.58718663746734,0.70445524022243,0.9722105554093999,0.86249758323735,0.86016476963883,1.03037351284327,1.39842019803991
2007-12-10,0.55581421786981,0.65973975373282,0.8961668712682801,0.95016657492169,0.8553845656438399,0.8798873198777699,1.1731564058965,1.71660758134408
2007-12-11,1.51483044521953,0.58218036734294,0.73071255531838,0.7292539254634199,0.91108472715101,0.7118763275375,1.11039851884087,1.14776415913069
2007-12-12,2.1373532448593897,1.10961504327311,1.87514622894029,1.9495371065398999,1.7613315528605,1.00031604847917,1.05128011045677,1.1539021784263102
2007-12-13,1.05717568226004,1.03830818968262,1.24421534259548,1.7945791947166798,1.43821790630696,0.8954540345853799,1.53743650530062,1.7359123883612297
2007-12-14,1.00638244479422,0.96634008469279,0.98582834346086,1.2282178236880401,1.11661883667122,1.49143069219927,1.19255550597026,1.68768890409162
2007-12-17,1.01568531257668,0.8039476222245999,1.008735058271,1.5635311335349198,1.5662057060475802,1.0335650759004,1.23617898200867,1.40100461489639
2007-12-18,1.21359702574042,0.91928042543814,1.11419080760388,1.06281767903907,1.44937914872437,1.34841811951782,1.4378380242231699,2.17342905831177
2007-12-19,0.98982980794452,1.01244763317961,1.19396373746483,0.99684893292221,1.02985359076132,0.8350462360118001,0.0,1.38158321728008
2007-12-20,0.84279255120552,0.72556565065489,0.809654668913,0.83900382808296,0.81792437574602,0.71832128616228,1.6452427703536598,0.89690913133041
2007-12-21,0.94438357694302,0.65781815610578,0.75696062929651,1.16901850223467,1.09675529112058,1.1984009328734602,1.45360522147933,1.08299139303135
2007-12-24,0.44417109620274997,0.0,0.2868132560215,0.39053432064168,0.0,0.0,0.9410585685192799,0.69627700720274
2007-12-25,0.0,0.0,0.0,0.0,0.0,0.8315531292928899,0.0,0.0
2007-12-26,0.46182060053944995,0.0,0.0,0.0,0.0,0.40275282351143005,1.03184449249293,0.0
2007-12-27,0.62170162579272,0.67508502784959,0.6067136506906,0.5488716863783499,0.65138771698345,0.5141691368361,0.8602379708669601,1.0992054424428501
2007-12-28,0.77545808130491,0.39613806783017996,0.66544965793402,0.71050704256787,0.6248046825318601,0.61008389193458,0.8766568129162701,1.01172127776428
2007-12-31,0.61130555079652,0.0,0.35887819861371,0.50757426182599,0.0,0.0,0.0,0.82345001009332
2008-01-02,1.05307709238212,0.84737935946498,1.06767132053642,1.10035673743109,1.00745913808749,0.0,1.06123216812062,1.34596412302371
2008-01-03,0.80877492741545,0.9105691836517601,0.93010549808963,0.8603278734117801,1.12260877671386,0.0,1.33479203927128,0.99715476465044
2008-01-04,1.2991107117682401,0.71183389424133,1.1503738182543,1.15516534786194,1.18868704678691,1.68140015710686,1.25179500125699,1.2581565111201298
2008-01-07,1.38075579492356,0.6980401715469801,0.87682208046718,1.1087443840006501,1.6278924123764997,1.17606883981168,0.99789810744345,1.19305194945903
2008-01-08,1.5058282563582701,0.7460308274449401,0.79749085989587,0.92552854441507,1.33925488600191,1.21718633789531,1.0890847087058901,1.4896114577305
2008-01-09,1.57427161534374,0.85634336959526,0.94879719602109,1.39210964101574,1.54480583997569,1.28836669225496,1.09406167692274,1.44368639319001
2008-01-10,1.8811375727314499,0.98082207003517,0.96506516779188,1.1094419191936,1.5174224413211301,0.81835842446742,1.23556980440604,1.3091413342534801
2008-01-11,1.49517586517472,0.7971613046036999,1.00736664867713,1.18732319371433,1.41723639170288,1.37721941351841,1.35578516056121,1.43632027494044
2008-01-14,0.95996805896987,0.48556477215530996,0.6672441107185,0.7969239988392101,1.11597942245186,0.0,1.63608854923075,1.49132067903754
2008-01-15,1.22017320941249,0.91231991106009,0.8840880402375101,1.24689953878851,1.3269490265722301,1.21546583319482,1.69734545640067,1.90085093526925
2008-01-16,1.59634272162371,1.24754794099024,1.53555109535892,1.84230645060179,2.57653018462466,1.83769119470464,1.5533339820904501,1.86583673491519
2008-01-17,1.71281857124682,1.25629634375413,1.6069247280834202,1.99202021543181,2.26064410044416,1.67695470007153,1.6301969885743801,2.7915635761561997
2008-01-18,1.92022432170306,1.6476034955234202,1.8737241360499102,1.6905907622408198,1.66548419644258,2.09829528418666,1.52690892844268,2.36208287793316
2008-01-21,0.0,3.45853817335937,3.4615802202913,3.44509185044303,2.4966692776134702,1.81148049081517,1.6154309810227099,1.8923889274752599
2008-01-22,3.92486756743396,5.713717931918319,5.06387561361897,5.997119452509169,5.7899253863530005,2.84611891636523,2.3567365797613,4.17620299180882
2008-01-23,3.51739556671068,3.38996658084427,3.99707636237938,3.67094217113468,2.81263102525891,2.64287884861622,2.04686500001221,2.9525590719787402
2008-01-24,1.7193947161923,3.61206458393728,2.77184235263732,3.0886589646293,3.1331607804167905,1.70517501809755,1.38320764343138,4.97779707285642
2008-01-25,1.67636790716417,2.3058844370807003,2.14796824804045,2.11961836380207,1.80710836821868,1.2824519537421202,1.0376172702186401,2.2944754151995097
2008-01-28,1.42175287041454,1.9195729264643702,1.91771224348232,2.27999235231831,2.09891249919619,1.19222023373955,1.16680312194817,2.28686267219262
2008-01-29,1.00227057131096,1.30750639477403,1.4651825633183,1.35525921321679,1.12347458328125,1.69878347878297,1.52601883200765,1.4732333730258
2008-01-30,1.51177979526318,1.21782082704887,1.44405935928271,1.49700793061994,1.05983345288163,1.4701990390708999,2.04150078591584,1.6971930514523
2008-01-31,2.2185607990409,1.9383115203444399,2.14635378360418,1.9855594470103302,1.5021093663675,1.65949570298901,2.0318050605496003,2.6626275214259603
2008-02-01,1.1777100157165101,1.8891128409954698,1.7454375815365,2.16045815500555,1.86632653913349,1.40099694184284,1.28111610113369,1.82210132893398
2008-02-04,0.8220021621014799,0.94176039230178,0.96028044373354,0.9467218612850201,1.10601337945478,1.27419018067712,1.05969336122484,1.39728332587524
2008-02-05,1.82096591453135,1.59708444511271,1.55310358573856,1.47634093183519,1.5624629174534,0.97218791195038,1.04230596558784,1.21222995291776
2008-02-06,1.18190258416546,1.50476318396417,1.6991586603634101,1.4657539204204701,1.6353446764245099,1.71677699246611,0.0,1.33326871770622
2008-02-07,1.6257067120347999,1.9196541646205398,1.85715123095131,1.85395642632236,1.45810899505626,1.29265321509057,0.0,0.0
2008-02-08,1.25648517636858,1.67109265481869,1.4979332330087298,1.6793171849260597,1.41590487263375,1.4193151879498,0.0,0.0
2008-02-11,0.9540772072651801,1.3046635912215,1.34109556534238,1.32721838813625,1.3511522250438601,0.0,1.05126643149108,1.83950261526587
2008-02-12,1.26158098035044,1.6207173596151698,1.67991964091381,1.76014540203217,1.5357754991130699,1.19110915403501,0.94236432738299,1.3381908509398002
2008-02-13,1.13969480272702,1.20431175014943,1.35544918337022,1.78476596828435,1.67991878599562,1.14913081236907,1.02759087365935,1.51712978252883
2008-02-14,1.08638394776708,1.12771927964986,1.1959551343282,1.3397652205080501,1.77872555753803,1.36687947587854,0.75262471395372,1.05543380450694
2008-02-15,0.8609744375195599,1.3812904922104499,1.55933958143407,1.4361603247454602,1.27345732916851,1.28766478686496,0.96943926700797,1.54029251047779
2008-02-18,0.0,0.9453313731724801,1.0381430738342299,1.3667150266196602,1.07441006845803,1.3829020982217,1.34348314876257,1.45320417712687
2008-02-19,1.16920861755633,1.30211419521138,1.35472299540127,1.41288370967146,1.17971323850247,1.02885658571834,0.7139189947689499,1.17021943518683
2008-02-20,1.42653959487495,1.18187259429305,1.37257476064074,1.9030407066497501,1.4066232712155,1.23488684210295,1.09033672553711,1.66623098940062
2008-02-21,1.0697027677911202,1.3670329568518,1.08068419801068,1.26970652757044,1.31918225293853,1.38926953818616,0.9923619911283399,1.18012089808078
2008-02-22,1.23963276094495,1.3807152515641998,1.2938882334405801,1.31179608513709,1.02484732669359,1.34578055897051,0.91667904533306,1.20937223611219
2008-02-25,1.3419788509522,1.01004262582724,0.9571782082481399,1.75058720904815,1.3971909923056298,1.27513865484503,0.6816783581792,1.27743821666803
2008-02-26,0.9973722375916501,1.0808867677684801,1.23363734317261,1.2138679666755299,1.17972761048896,0.95643443308979,0.70380819165256,1.2220496926586
2008-02-27,1.08238598711965,1.07637340172033,1.16805889352249,1.1869996702497398,1.16319793573879,1.20396603613889,0.80710352363439,1.3933339036616401
2008-02-28,1.02188389356668,1.22973873640989,1.31089230800779,1.14426471440222,0.9501269952935101,0.99435987213687,0.94506699475708,1.25263416126457
2008-02-29,1.25933553775711,1.30827742024694,1.45763580193819,1.41512556479699,1.0827546042779,1.1301521504355,0.76950222162631,1.18130189016229
2008-03-03,1.09896796460861,1.28162748083481,1.37784923247175,1.8104813738351402,1.41983425383775,1.71081922857647,0.87261467152109,0.9986279073816501
2008-03-04,1.43127146387364,1.40390432020098,1.36035513161086,1.25633389585014,1.31767102624517,1.48200013614405,0.98186886372115,1.14464088881185
2008-03-05,1.27233853147973,1.12607251436042,1.25225751620583,1.265803887765,1.2939497780462699,1.1221272484348601,0.61857711231875,1.39171094320731
2008-03-06,1.23484098048898,1.2704566195533702,1.38918788510661,1.20397286407252,0.96384598546091,1.04320238276999,0.71502815604491,1.22942004343308
2008-03-07,1.80523485444969,1.4284752781346899,1.42151971280527,1.76592932903641,1.5126709015648399,1.65455719650364,1.51055104384625,1.09203985991217
2008-03-10,1.22214602519134,1.43731080317689,1.5517529180571799,1.2874094636175302,1.35848768980399,1.3408215100855099,0.9095691627337499,1.72135698640839
2008-03-11,2.3203340284230602,1.53907959559699,1.7274416666602601,1.65810188481347,1.53611334165321,1.3021134771482,1.10426891226956,1.9204976113439898
2008-03-12,1.07756451943073,1.35332630004075,1.2846965333856,1.81826951376934,1.68458956334206,1.71577576305296,0.7170588259209301,1.30850743331667
2008-03-13,2.0191429381651,1.53394662474774,1.58967546704634,2.50835403852207,1.86503469619897,1.6251465036039001,1.3794586811061,1.47113372435207
2008-03-14,2.38414179530182,2.0280210989306697,2.0947743969709403,1.9651563924229998,1.78029900906083,1.6146070118552,1.60074474908025,1.98409112877105
2008-03-17,2.2045317323654,2.4023670356581603,1.74964513111802,2.39674306983727,2.6570677799102103,2.00169402049389,2.02407618121082,1.8778818702519602
2008-03-18,2.3845148582804,1.45571518415794,1.16275078100769,1.95156812074982,1.51047875364766,1.99998199764722,1.3853576929869,3.56637092632903
2008-03-19,1.60870036812049,1.80306107279897,1.92694300886144,1.85366220401318,1.82176639506057,2.03967086593989,0.81159843395443,1.73905191302042
2008-03-20,1.18013454987386,1.4601192449354898,1.55818160081872,1.60408543100484,1.04454580800843,0.0,1.13295046517444,1.81885958423705
2008-03-21,0.0,0.0,0.0,0.0,0.0,0.8904940650976301,0.66965222341373,0.0
2008-03-24,1.06129155708881,0.0,0.0,0.0,0.0,1.02341065344122,0.7853973509706701,0.0
2008-03-25,0.9686493968629599,1.4331351888366899,1.21952716226904,2.70228709511961,2.68245394400873,0.9059974303248799,0.53431227606052,1.38646670311298
2008-03-26,1.05207361990451,1.02320763043333,1.0446004443958399,1.1735685043528499,0.96138475350881,0.9275095354739299,0.6995645148334599,1.56219289552218
2008-03-27,1.1229486598696299,1.1431477979364602,1.32242328939526,1.12019873660882,0.98836687243311,1.08312529911271,0.7456304526324701,1.5263887519727701
2008-03-28,0.9389823372572701,1.0001080675327,0.95693553949488,0.95057556767615,0.73141712461325,1.37821594376752,0.8535480912062999,1.30737878565318
2008-03-31,0.9178859606894201,1.2445973547260099,1.11671209375424,1.58698914528297,1.16464071473437,1.32335890846965,0.90227969074811,0.99450001455632
2008-04-01,1.3439155434062802,1.16338029974638,1.27069226049819,1.0316508994078302,1.1281407249829198,1.2880524787659,1.11809173196388,1.6687223179756399
2008-04-02,0.88173940571468,0.8880178475778701,1.05719403085904,1.0663476219994998,1.2197769031560601,1.6212590060712,0.47044744619104994,1.2531429059401
2008-04-03,0.88564037563229,0.98185498966492,1.18151444665987,1.0461557502699999,1.0851626129613001,1.01283782990664,0.8979987004087701,1.1340093360382801
2008-04-04,0.8571365773353999,1.01210072864414,1.15822004506224,1.08532899109855,1.0931198188268199,0.91922720438097,0.8288102117556401,0.0
2008-04-07,0.8542978959812999,0.61551984542313,0.64326338732305,0.76788696115239,0.7853016224497701,1.01346816602545,0.69826916554705,1.12003382170539
2008-04-08,0.87992343058658,0.75903852216713,0.7538364997774499,0.9445316046674399,1.08437193183612,0.7980574140442599,0.9023342373613699,0.97106229212483
2008-04-09,0.71123166423045,0.82599701258423,0.7312711748760901,0.92132501755925,1.04342604465769,1.13134852765184,0.0,1.15094643377743
2008-04-10,0.8668627061993,1.1437750631588302,1.3320492127703,1.17718340760732,1.3506283722975,1.10328658463474,1.1930537352634198,1.17957193455295
2008-04-11,1.18425017926238,1.31747555912737,1.46404542094806,1.46839433738284,1.29587413263364,1.05694127747524,1.03411758404496,0.8860200884575099
2008-04-14,0.7099434890283499,0.9815057784087,0.97650651471658,1.14776902819295,1.16749714984106,1.4995740943321199,0.7467987961982501,0.8777906274475099
2008-04-15,0.8432462002237601,1.00003840378657,1.03093836584831,1.17080665666283,0.9085267521246301,0.90281587085529,1.04539983785057,1.2638597492791601
2008-04-16,1.00100438495692,0.9630409352268001,0.9525309388663901,1.0117961135797,1.21040865062837,0.70438305297808,0.64282775093082,0.95692626211093
2008-04-17,0.7720801061701701,0.90007785176302,1.1640428806646201,0.9137119096365699,0.96441694007511,0.9689755599487401,0.55916441406506,0.9825058531946399
2008-04-18,1.6248906326174601,0.89851078262548,1.0587375446540002,1.03061228658744,0.8138478076079699,0.8219587187762001,0.6647150511045999,0.8353416696050701
2008-04-21,0.59707931723482,0.82587620802872,0.8922576073885999,0.8518528885442,0.83879172966097,0.99544684427358,0.45434564043321,0.73220108831151
2008-04-22,0.7977572086298901,0.9017494439918099,1.03701854083521,0.92356666472511,0.84076191176457,0.73928882225846,0.56775631065848,1.14384801635881
2008-04-23,0.7978800792409699,1.13585713341555,1.19160267702326,1.0633590870985201,0.9535810246430401,1.01513987428531,0.65174033416751,0.9001026002117
2008-04-24,1.08905013910287,1.24155940134735,1.44233758967136,1.42261398829584,1.03342621508552,0.9876940994813901,0.72614881122797,0.96146048780311
2008-04-25,0.96638920247251,1.0475482685031698,1.09761872049769,1.10661589276948,2.18902880964413,1.11508155244448,0.61676632896736,1.1544719768339902
2008-04-28,0.61964546901161,0.70256690899933,0.6651626617448501,0.63952279189926,0.77238297352313,0.9894523135504599,0.76384438748414,0.7386552186448
2008-04-29,0.574393051945,0.8049811970637499,0.6906385863463901,0.75826113889887,0.8059619403412601,0.0,0.75502533029826,0.79443589939042
2008-04-30,1.17762715128006,0.73787736855095,0.77589773498714,0.82694432284661,0.43976555439757,0.9281806145191199,0.79417168974951,0.7924016337831401
2008-05-01,0.8206018804542,0.0,0.0,0.67549094066794,0.0,1.0319158905744201,0.0,0.0
2008-05-02,1.2258778604510299,1.13885526247324,1.23346840596344,1.49354903219981,1.29150276610466,0.8584468041513501,0.5573992346647799,0.60145378931629
2008-05-05,0.67501756292873,0.47167104253871006,0.62393475780252,0.0,0.71363973058828,0.0,0.0,0.82157700956883
2008-05-06,0.84859564204064,0.6799274839404701,0.67388010547692,0.70762620840241,0.64119261414079,0.0,0.59590335094227,0.6800466515708
2008-05-07,0.7097914894254199,0.6155582962979,0.68990679630984,0.8262036740157,0.69619507936989,0.8593607683172201,0.79133634046103,1.4519062684223099
2008-05-08,0.85923096653995,0.7804832214294001,0.74918434750384,0.95431206348818,0.90516622526455,0.75664448451592,0.98555125237898,0.93547080666252
2008-05-09,0.97959409944984,0.7547980948981801,0.8830323776047301,0.9513441959607899,0.9573345248680399,0.9570968086242901,0.9773081355846,1.08059490972658
2008-05-12,0.60077933496782,0.61981872594105,0.72222601509575,0.83829294403863,0.5876755930765,0.79994583639775,0.0,0.0
2008-05-13,0.5236916755482199,0.76900166271252,0.9530916298449601,1.2266135802260598,0.90598402890906,1.08030162526768,0.8500095017427701,1.10440867335692
2008-05-14,0.64336109319259,0.71122095260874,0.8233971359618499,0.96661485790601,0.7909826342667501,1.03439057198332,0.80063481686205,1.0039625564332502
2008-05-15,0.69593730377643,0.7065482633976801,0.7812729478727,0.8496855803491601,0.76738287253585,0.89290052874051,0.75323993990397,1.250394873372
2008-05-16,0.62243728763856,0.76877149707475,0.8967924350818701,0.8518324051349601,0.67535028655492,1.01572904875611,0.83624816761609,0.71893619174265
2008-05-19,0.74798569986345,0.51451824589204,0.61159347861364,0.58786830376744,0.658690021837,0.8096848556223301,0.82526072160686,0.8257084810896801
2008-05-20,0.8097820855106199,0.7061001523857701,0.79106663242661,0.94753983888754,0.8376603931473801,0.9451929230247,0.9447919620884,1.10978889334278
2008-05-21,0.98610035214848,0.98042091359296,0.8522400031510899,1.02328208557562,0.9277766513530499,0.85700372197203,0.70233093247215,1.15863645123136
2008-05-22,0.66714889843336,0.83579313490882,0.9485849302745301,1.09070049870713,1.13110911756514,1.07116342066605,0.9038281648874,1.11387702570436
2008-05-23,0.79171372870277,0.8965666870587599,0.96667234018933,0.91014920881285,0.8354267763036801,1.11373136339783,0.8955884303187601,0.88587387842625
2008-05-26,0.0,0.43755257844086,0.5386340982415699,0.0,0.42541406995804,0.90227025078479,0.89936757310572,0.85677958697306
2008-05-27,0.77967152347378,0.95591467305938,0.90041394054343,1.23245291995921,1.08501479427517,0.9045499556800699,0.70336432669792,0.75972910983396
2008-05-28,0.7457875515454799,0.9806575299090501,0.98948641214691,0.9745453136342299,0.99830918735655,1.12866608607993,0.9764388512645701,0.72203173898828
2008-05-29,0.67454631522524,0.78110818865097,0.92131062808992,0.95392257911987,0.90512444691393,1.17892948857809,0.75541923675708,0.64855940714133
2008-05-30,0.62311412063062,0.83330696518749,0.88130717314332,0.96309473283993,0.6622971499261501,0.99576323915734,0.75536763468584,0.81633752596821
2008-06-02,0.7787525215957299,0.8178875620464,0.94015487346257,0.8597927911985199,1.0589593635999401,1.51235951840361,1.012036623737,0.79360020432533
2008-06-03,0.8753149625894799,0.76309537280604,0.8690117263505499,0.83987958958243,0.48045867168128,1.15713868718835,0.7928316541259399,0.75643701085778
2008-06-04,1.02681348956516,0.85158480212315,1.00647751167177,1.10367583227639,0.90485659514081,0.8997945935519801,0.8553159598518699,1.14371316705151
2008-06-05,0.8476006738561,1.09515912233519,0.99160571961198,1.12181021380846,1.0064259979511598,0.9108967790496599,0.85714711357578,0.90693817169081
2008-06-06,1.31712863464165,1.37710448703756,1.41246051068764,1.61272425860746,0.0,0.65962543437819,0.0,0.66235290005024
2008-06-09,1.03817516003803,1.05482492333941,1.14886054698166,1.16272679417608,1.9355393144036102,1.3027847883069499,0.58821023985261,0.0
2008-06-10,1.16072717026655,1.15772346058979,1.1364980788483499,1.10153654923611,1.20926090924746,0.98255082326985,1.06331447703489,0.8747155644479201
2008-06-11,1.03100177290342,1.15115908038333,1.2347168357826,1.21859451151521,1.10643338536759,0.99781345637171,1.27093521923621,0.8467762906126001
2008-06-12,1.09758353002038,1.04461662979822,1.30945765543487,1.07765138444396,0.97536654059657,1.1354690875462001,0.8263117312996899,1.17494104859563
2008-06-13,1.11246547549036,0.98943611756392,1.01893359716273,1.02235733182972,0.9556770902878899,1.1201207581944,1.34898360135177,1.12245472432566
2008-06-16,0.8265463330382399,0.9186761960987601,1.21761837278147,0.95516843101354,0.89527732822223,1.1563851648002,0.9026332526149299,1.0164901073916
2008-06-17,0.896538289272,0.8093046354841701,0.87379565705211,0.98974005409646,0.8764658543698499,0.8463807865033199,1.08844489698422,1.04747449058246
2008-06-18,1.06843954263776,0.84173244214073,0.91964765914922,1.16934862764489,0.8781962594379199,0.7725020395626699,0.88890901017914,1.0887663469137898
2008-06-19,0.86325028891898,0.92150878496821,0.98832957527181,1.03159988148506,1.03448168552082,0.8628131850976699,0.74676219128339,0.9638048747965099
2008-06-20,1.17215345245577,1.3690533356122299,1.5015356030204499,1.46663233724611,0.0,1.1801903954506598,1.1097677277363,1.5375703761655901
2008-06-23,0.76357740587152,0.9184446537945999,1.0930217650660001,1.03192408017838,0.7215306014916301,1.0864068598954901,0.79634650230091,1.22903928632163
2008-06-24,0.958119628571,1.2386140150749099,1.27293877994858,1.19518101364939,1.18191795735067,0.86674139837964,0.8756585878052401,1.12066317429725
2008-06-25,1.0744005591659,0.8541511995641999,0.9910120533523701,1.0304488944338699,0.9697996850854901,1.03489117428935,0.8892988304802001,0.6952416550559299
2008-06-26,1.15407066579997,1.1121281163526,1.13382130278408,1.22684003588283,1.34913648185311,0.9888497321207499,0.74924339194398,0.9391592763435999
2008-06-27,1.07613854973697,1.67979024083901,1.9136194117446599,1.60331215847788,2.18663631600753,1.32562146482168,0.81333836180996,1.20982781796832
2008-06-30,0.9365818958162699,1.41267489497477,1.51729632857757,1.22213573333611,1.33546208975283,0.79730369872342,0.8284218422868399,0.98346185329426
2008-07-01,1.52405635550789,1.33682334214584,1.56137581062343,1.59463138201184,1.5897825801759797,0.9060192244772299,0.91123455406587,0.0
2008-07-02,1.18901163214663,1.26102356589835,1.3853109893374098,1.40358424396079,1.51275158863806,1.09709690469484,1.48002032813573,1.34602730319373
2008-07-03,1.3173422666771102,1.75498120401729,1.85447212238739,2.0104667714714903,1.96336108973336,1.13558606084171,1.33631129750481,1.38728467694593
2008-07-04,0.0,0.89428227725404,1.0220200618642399,0.95681194343415,0.9662888718643501,0.8704679339612,1.25120787972422,0.81676239291615
2008-07-07,1.6012949750964,1.104213870238,1.16095270222261,1.41591622041136,1.21588056858393,0.8823880622702399,1.12853743875735,0.93129842647293
2008-07-08,1.2554853383078501,1.43321124228356,1.34104911917722,2.72682864446246,2.22141368533665,1.08453608484042,1.5028406287534202,1.46894164196301
2008-07-09,1.1477916191425999,0.9440387254980901,0.91977260590426,1.18016618934495,1.26408419309474,1.0767750142555301,1.51713765525281,1.28859468821348
2008-07-10,1.68867903514403,1.3610140762402099,1.3428825149219101,2.07380138803165,1.80395778857932,1.22582827697438,1.7798517787237198,1.46560632096037
2008-07-11,2.30839821419853,1.6668469407012099,1.62029228086848,1.8109883047184399,1.33052940292952,1.5754011897742102,1.6829154185745598,1.39881344403211
2008-07-14,1.5208641998810999,1.1795531316405299,1.11695847890465,1.80426646919018,1.20335673024544,1.3783153131138,1.36408267324271,1.2174509438116998
2008-07-15,1.79543423565303,1.48480435469323,1.52044993136242,1.65723271173574,1.5160410480076,1.1607702953819001,1.44770080115022,1.1375688600968201
2008-07-16,1.4291751961827401,1.75873367116229,1.8028175675289497,1.82658042616715,1.48206763136437,1.0245421475483498,1.68373252867817,1.38746443179203
2008-07-17,1.33660683214025,1.44342861513966,1.45850211715204,1.71488584846688,2.25460626967991,0.68464833001285,0.99194689899168,0.83692955565162
2008-07-18,0.90924532410203,1.26054672844682,1.51667998923866,1.79192173786747,1.32086639645423,0.8515758884643201,1.1980042996817601,1.0902926174257
2008-07-21,0.7031120971402299,1.12289653864458,1.4100743856995601,1.39116982795128,1.24961607698884,0.0,1.1891367132003698,0.74022079143301
2008-07-22,1.07612185085658,1.11508168879235,1.13467868064135,1.34454829738615,1.9630006384408,0.87311287819044,1.08699905130455,0.82629487778586
2008-07-23,1.16273718091493,1.01379886849759,0.99652141004091,1.53800004014564,1.20251674176121,0.88910647560339,0.8138403516474,0.65435470760541
2008-07-24,0.9752411266735799,1.1208354559568499,1.1984150724753,1.1569860236610399,1.28955939381092,0.9936928856865399,0.86433587694389,1.09534172975514
2008-07-25,1.0933106261319299,1.3414771989199,1.40272607410285,1.5277318565134301,1.73244812778564,0.65076485999179,1.03225706413906,0.99186735812803
2008-07-28,0.8555647456396,1.2119368177962,1.0492922620337901,0.86845550392377,1.0900389330556,0.75118777672338,0.9946733469186799,0.7248470639153299
2008-07-29,0.97524883398236,1.27545543191598,1.12580644164305,1.21285219336446,1.55606878757045,0.9275774277558401,0.88664728649826,0.80817904792826
2008-07-30,1.26014458178099,1.4519291895671,1.05208361284405,1.4673185756290201,1.5050317779748,0.65429570436365,0.94933973107333,0.63662237598199
2008-07-31,1.1173533844294699,1.36249797391005,1.63080495189093,1.3792914701613999,1.28467170442918,0.94606845321179,1.053966203183,0.7473900022375299
2008-08-01,1.06892426641834,1.47515469413516,1.38200648882485,1.48015100537546,1.29778422642517,0.99899861116199,0.95529346908736,1.18924344394787
2008-08-04,0.8374349371038301,1.13884656149325,0.8580371952468401,1.04464151237015,0.87196480459514,1.15365952520316,1.285617432796,0.92992633437388
2008-08-05,0.87060890279132,1.18315606926263,0.9608816327593399,0.96996814628624,1.0312117333433501,1.16210643549676,1.1887999292273699,1.24299225840992
2008-08-06,0.7849995363457599,1.06206920655153,1.05565662483451,1.04191384474101,1.33618175971983,0.9040830785749,0.58582068095351,0.0
2008-08-07,1.14005153438868,1.12525121902844,1.0919586154818302,1.1454524227740701,1.21559771030139,1.02352205058757,1.26249535802433,1.28547281312597
2008-08-08,0.8982277038681499,1.25902330009773,1.2592223702746,1.2403656216607999,1.11890354307598,1.06676604647598,1.02836187334566,1.80358560683794
2008-08-11,0.8412615384018,0.79326235200747,0.85007768487555,0.7794395561991699,0.95801044764131,1.02112073705512,0.760113819106,1.28891871757919
2008-08-12,0.90529270552362,1.14848022774403,1.04779176654762,1.0176459626766001,0.97541565446133,0.8120569433823501,1.14565369483888,1.61864142639282
2008-08-13,1.05565397841764,1.0709458391926199,1.03551312922,1.0326327192031999,1.19581833529637,1.08474054169971,1.09933211596132,1.31157012711253
2008-08-14,0.9407296805395,1.14891908835217,1.32758158676896,1.47679164168307,1.0997636179611499,0.98041050164148,0.8355039322294301,1.48434253020116
2008-08-15,0.87598481588825,1.0514455502274,1.05580108733132,1.1465799493964601,0.94186907564326,0.7222523064955401,0.0,1.26405379390119
2008-08-18,0.9083198013908399,0.9781077810483201,1.15765399993737,1.0779798914274699,0.81521553436522,1.12076267885043,0.9135329227800001,1.09411441162247
2008-08-19,0.95954854947206,1.10941101743447,1.02028029440198,1.50951222171898,1.42998405422508,1.31256155054153,0.93569401942871,0.94351256566658
2008-08-20,1.036177218978,1.00178007969464,1.0991466261009,1.21508491736668,1.32407743040088,1.11580780699321,1.130637707956,1.52815522024563
2008-08-21,0.98858383894153,1.1176663798025699,1.02997478106796,1.13443724834474,1.13618150279873,0.76143594682517,0.8996863903505001,1.37845163142962
2008-08-22,0.92520738772823,1.0644637529639,0.9657911921823401,1.09995249020264,1.0391660053518799,0.90184557436826,1.1111183608392001,0.0
2008-08-25,0.9087023641323599,0.80865785213175,0.8686209348784499,0.0,0.67224334033382,0.97353509374863,1.02749262841589,1.04389334712124
2008-08-26,0.82308443252498,0.9874352598297199,1.11190460455652,1.8459075136336,1.06529205122398,0.70180886454208,1.02666167061257,1.17522911742774
2008-08-27,0.77126147691942,1.04026697911401,1.21129451407533,1.05880397488817,0.92741052957395,0.74363709395451,1.28273269496922,1.1999466659989502
2008-08-28,0.8790086300856,1.22849044577644,1.38555950465182,1.098577150887,1.02408124665379,0.62862749150668,1.14720297669462,1.39701480162523
2008-08-29,0.7496417619234,0.9938819850837799,1.04186826100759,1.05223623106695,0.9499317117809899,0.8951700253749899,1.17082450751553,1.17679021914273
2008-09-01,0.0,0.85135967239606,0.8177147280591099,0.95687913428858,0.96988471725198,0.76329838508947,1.38926601653103,0.8064598667356799
2008-09-02,1.23195313088972,1.13911341507024,1.06967493665225,0.94704769228401,1.11768364921027,1.38251778253771,1.7279349993278101,1.36020407288061
2008-09-03,1.09953529533844,1.03927200745954,0.95348408073568,1.50498380998733,1.15783574506317,1.1140538524627,1.6843599177322501,1.3017006559136302
2008-09-04,1.20389833220708,1.2835246248876502,1.26144075043776,1.34384415574277,1.11889698573729,1.14296199867843,1.49285669399946,1.16027987892878
2008-09-05,1.298959212897,1.67473174158967,1.77746241952875,1.7036583820745799,1.85893755020764,1.4505954556009,0.9939812491661599,1.1123696613343
2008-09-08,2.5494998758582,1.4236239762865701,2.44390683873117,2.66476289172732,3.3160326589420004,1.28130976543067,1.06257091264395,0.9294745813258
2008-09-09,1.46973456005157,1.16904541111926,1.20099087904155,1.2719619505618,1.1892604102806899,0.8359503795313101,1.08715986175309,0.8162522535313801
2008-09-10,1.35466241156016,1.39571310318954,1.69141964749378,1.7352267789127698,1.66132445589776,1.40452192366797,1.23006844719592,1.3717762419316
2008-09-11,1.9478952099378901,1.25377842698261,1.35004577500875,1.22009856153755,1.18323923254471,1.0278939642370701,1.5666939901123,1.42489348908576
2008-09-12,1.44166763683589,1.12120003172627,1.2271429645408,1.50661235625558,1.43887939832391,1.0699274498020799,1.12661824693992,1.6941787807515998
2008-09-15,3.02396625005306,2.03479227926292,2.1172994257409603,3.08628133954699,2.67954008142106,0.0,0.0,0.0
2008-09-16,3.53273461713783,2.26420181280203,2.39940744152592,2.7413596883605,2.46080949230451,2.2029889997866503,1.84285413541929,1.9282383573917898
2008-09-17,3.1532456494742,1.97867197030735,2.30539014381904,2.66930383378269,2.31156762629995,1.52597030711904,1.26961442166785,2.3916215362759603
2008-09-18,4.04171204318825,2.14105899407115,2.74949182867889,2.29547507867652,2.4424042109706097,1.72046977172602,1.84575449636727,5.2949655989738
2008-09-19,3.53356336670973,3.09345751033532,2.89654771552601,4.054940089985299,5.29517527296122,1.2890016470815602,1.14222268385284,2.3745061713112
2008-09-22,1.67034593949307,1.32558687012583,1.57716668399316,1.40811687459741,1.37486129065735,1.50699180152746,1.53079534214113,2.5481146369674903
2008-09-23,1.99169951097448,1.31209899939333,1.80536582713615,1.84362928796436,2.021628832007,0.0,1.15559613878249,1.39716537737126
2008-09-24,1.55986040867957,1.25353582740861,1.3005736400185102,1.25253338290003,1.19151338274649,1.0445319499819,1.49551242510786,1.60396156117221
2008-09-25,1.6723109232164302,1.53069763844104,1.70856232060847,1.47360597090979,1.6279154825493798,1.19991605689689,1.49781619165103,1.21037763108378
2008-09-26,2.05598947823402,1.41255915841921,1.77271865171182,2.00548208711072,2.1117243726739,1.24099357609014,1.2229029947530499,1.43357312097953
2008-09-29,4.4667162213324,2.2023135964103697,2.4862500323945698,2.3740583126134402,1.97822448038689,1.4062871897973,1.39212345096474,1.70079730053201
2008-09-30,2.55212696196035,2.03982197109698,2.60549072087677,3.045995084433,3.55507702889951,2.7371262163409598,1.6711236567764802,3.07008622572184
2008-10-01,2.27205207380508,1.51064290762377,1.9541735933923499,2.2054339157596603,2.0824110332059798,1.24435373709206,1.7675388969516301,0.0
2008-10-02,2.09990025573121,1.7831039252741199,1.92521006139693,1.7219472611575501,1.7478723349515501,1.35488163938699,1.6100246037710102,2.03705492308184
2008-10-03,3.2951824811644297,1.90531902573873,2.01190913112421,1.95634069663543,1.6259294141524099,1.45653293604058,0.0,1.30984848339378
2008-10-06,4.2527883153343,2.7556418775748,2.70676140043613,4.5568563752902,4.08226831157776,1.7759069037945001,1.5780242794656199,1.47348461656136
2008-10-07,3.01290790422442,3.40983659131181,3.1535232652753598,4.00694756578945,3.35136581571946,3.40298138469666,1.93224143398748,0.0
2008-10-08,4.99645257396295,6.0444950794192795,7.07397694172514,6.00725225848157,6.2289810936944505,3.45037508494105,1.96273974239276,4.58090339735799
2008-10-09,4.19169471356383,3.68907604860892,3.5763230241749695,3.08650057721005,3.061424538476,3.05098992447615,2.611713363632,2.48588404689056
2008-10-10,8.80212459591932,7.64097074892202,7.15686088358241,10.29568840000886,7.65753985363576,5.68230135451447,4.01668185236832,2.8967490302575403
2008-10-13,4.02747393232644,3.9118034271923703,2.8566412776722503,5.41519092666112,5.02200973966717,0.0,2.64252577760085,3.40234203953276
2008-10-14,5.2373959724488,3.53572320411029,3.8436406611846503,4.24451966376785,4.81244546788054,3.80992338428058,1.6828977695017602,2.4636651147704702
2008-10-15,4.1467892714983705,3.3532254280802496,3.14263730420533,2.96180041573178,2.26946934476938,2.71140869461706,1.72990609319176,2.11414354317227
2008-10-16,5.71702546240927,4.96934830705898,5.9970388397153105,6.05296538402608,5.31931048708749,4.3024617055588,2.41417483219256,2.96239624044741
2008-10-17,4.29476819124455,4.23331427253918,5.20362182048407,4.8883881865885,4.65920029778566,2.85048699411504,3.7640859044463895,2.92303081863568
2008-10-20,2.84668122262539,2.86415957498862,2.6119353772495897,2.78086997055831,4.14545838674832,2.17437281691916,3.3035545282390903,2.8812698424390897
2008-10-21,2.81351084397821,2.31671678754957,2.46359124690602,2.45718199179995,2.44825801950795,2.1711077319787697,2.78616749822493,2.46848312830673
2008-10-22,3.79023242312935,3.11384827897426,2.47552721640199,3.0561876894039,2.61293882888788,2.40584958527045,3.57161900117019,3.9388711590020304
2008-10-23,5.60970175827833,3.6157888659943898,3.7635215714765,3.16506121536693,2.8782057645363,4.0929113514657205,4.9948969797023794,3.0454229600397
2008-10-24,5.945594859181879,5.54694571321028,5.21740044063497,6.02435084310351,5.37032448511642,3.59135929744017,5.03801654207119,3.45925931592299
2008-10-27,4.365833865200431,4.71502127488667,4.74181747781797,4.9320800705235905,4.28152365163477,5.31851662034076,6.13473122935821,6.61288009944517
2008-10-28,5.03543530983757,7.67037627801557,3.8709908527906602,3.6023519380141,3.70175073521219,5.00857257686429,4.93123358929933,6.12364175116311
2008-10-29,5.01403841622139,5.85522870849653,2.82556983917315,4.34589227634015,4.37803605698502,4.7653612303659605,7.709535129533419,4.36718283223819
2008-10-30,3.6886522230667103,3.16987636042574,3.1707604272734002,2.43556480685445,3.07035870911429,3.6736653083838404,4.43854043902305,3.8055534651376197
2008-10-31,3.06574313742329,2.90580905648822,2.53775119421999,2.6807981629936197,1.33700972413292,4.19866002493247,6.01362700886536,4.492717535090089
2008-11-03,1.5781787837235,2.0212801862812,1.89084720866547,1.6956514495414399,2.9732973994122998,0.0,3.66127344474992,3.05888397756779
2008-11-04,2.37122137260273,2.04312622879816,1.87261610569785,1.92110970267473,1.7107674144616998,2.58407827593128,3.2215601750249805,3.46449350299924
2008-11-05,2.7218072547340597,2.41347424468586,2.29088096268509,2.3482112155570602,1.7393685133691401,2.38687746130504,3.19644863204869,2.61114437737938
2008-11-06,2.59166249206315,4.27023579519656,3.22541261253688,4.0904380147194495,3.52523677545338,2.91708909239296,3.03734778538826,2.45683575518205
2008-11-07,2.7305174676976502,3.0677327764216997,3.09827091171382,2.9052897396275297,2.2584767575319398,4.5948934524786305,4.6525310549376195,3.2310769646521798
2008-11-10,2.82298431761177,2.15229256222614,2.05474406577753,2.64515169539707,2.82640704169498,2.88031030813782,4.29942230147667,3.1478757696905704
2008-11-11,3.36319389922525,3.03918382727945,2.4530011679675097,2.5413586251086198,2.01015651974491,2.4698525569569902,2.9501525103616197,3.12505356662041
2008-11-12,2.61640793735629,3.26070759538493,2.66691148346959,2.7137640426159,2.4062772684374902,2.74781781137942,3.00975706608025,3.76159783621322
2008-11-13,5.41531192264628,3.4401973740887297,3.3551077472781703,3.13868616073716,2.59871575605682,3.31951807403183,2.99582700606226,2.6614503695211003
2008-11-14,4.23490662785025,3.23756970441564,2.8493429356634103,3.1428113312825503,3.84931461396233,2.97440318524994,2.92741898853392,1.98375945053401
2008-11-17,3.9109691069751498,2.7435014210739803,2.38891393090793,1.99661800981159,1.9608666902436198,3.29105160883387,3.31548307239412,2.78261952071173
2008-11-18,3.6095591082863496,3.10619146341448,2.6226515793669503,2.28627309812694,2.09797810169863,2.20855538706118,3.1176515831810003,2.5430925279252
2008-11-19,3.4235449245348,2.97198678203352,2.53017519245071,2.2742536659933,2.16033940319918,2.0083359021080103,2.94219565092908,2.69888174665545
2008-11-20,5.02206009172899,3.7577470121784398,3.24711573349657,3.28765675693007,3.4271691921367102,2.57638907175236,2.71819125904708,2.37544124608671
2008-11-21,5.50955615407738,3.82607783904169,3.88610107083179,3.22676928958548,2.89864272111362,3.47792980742265,3.80274801209506,4.35685542864013
2008-11-24,3.7179195891850503,3.00925607060366,2.77718007537556,3.12500063569033,3.01235986344095,0.0,3.9760864156766003,3.3092674075586497
2008-11-25,3.5112157612741397,3.3940084436319498,3.14632390945083,3.3730638042045604,3.1833613905161604,3.33444986488251,3.76292643911676,1.8555858803431802
2008-11-26,2.68392630842633,3.60862844839947,3.10010089742108,3.18226847603073,2.70802911234,2.0637792299272197,2.59995781071347,2.1783928507383603
2008-11-27,0.0,1.8167293759985201,1.42817891190599,1.50206493500247,1.7795549636077501,1.8840155806746899,2.57528616128033,2.19664115149266
2008-11-28,1.16774237282287,2.26221113437362,1.95289651400707,1.84813645242173,1.83702145241475,1.4546449434068,2.43709746350346,2.18620987897159
2008-12-01,3.68523763956912,2.27398784614781,2.22895021825903,2.46727394302092,1.9077496483199698,1.72569935323016,2.11841189524771,2.12239772113074
2008-12-02,3.30387846866361,2.83299573621881,2.57493908533755,2.73783651934588,3.37098726926133,2.80256955088736,2.2298238837367803,1.67862291700459
2008-12-03,3.32149333398006,2.89193085991574,2.34834213269893,1.9579357731120801,2.11297407687529,1.8094791584038699,2.03671682710557,1.64337029059065
2008-12-04,2.98973023298708,3.68505345471202,3.39175886107429,2.85131317636225,3.02329588168111,1.8141510987404,2.0408802791601897,1.7568421875979598
2008-12-05,3.36111269037799,3.30962217322823,2.78700161893835,2.51315364786536,2.88254681625034,1.53852160042197,2.1053695699408603,1.62865846052049
2008-12-08,2.7651767703027503,3.32223544261962,1.87171215407765,4.56269217090469,5.11383399800022,2.15405419342387,2.02916486536727,2.16993737200362
2008-12-09,2.76389705750395,2.3243460466251498,2.24670999673433,2.46909318620298,2.84033839872927,1.80411897246633,2.6725399365433202,2.2890526798343798
2008-12-10,2.38301223686535,2.22821744643291,2.04947049768226,1.7692647844785698,1.8537243276488,1.85511706198557,2.11342451944042,1.60039732943634
2008-12-11,2.39307677553061,1.9857201665348,1.71641019634381,1.55112012626424,1.64332040814869,1.6527810801718401,2.2942322616666297,2.3587518254409403
2008-12-12,3.25570089492324,3.45941029469127,3.55304725954356,3.55755831968374,3.83841721092626,3.6484138020363,2.90491573225678,2.91588091281777
2008-12-15,1.8790005029014698,1.76696039434278,1.79273939393069,1.76791173785684,1.54072563110633,2.0559031936261003,1.74426446291982,1.9567698085474898
2008-12-16,2.49774161398912,1.8993436604866898,1.9577934189609898,1.6022353427711502,1.33507835397814,1.7230003156311302,1.9697535176059398,2.20643860053911
2008-12-17,2.4281641033062398,2.17332771036652,2.13167686421793,1.89919481606153,1.9639230484843302,2.08472748039186,2.26791834372933,1.98289972234326
2008-12-18,2.04247129770555,1.54725920571764,1.7130593345853402,1.39835809427056,1.1633821674033,1.72896960997872,1.88982486260737,1.9447688901666398
2008-12-19,2.0223343070770903,2.4764657575649998,2.2874105501946898,2.34509389856142,1.63565226795764,1.9618267928443602,1.82117295241308,2.09924566902375
2008-12-22,1.67511018989348,1.9159494848546998,1.4536800331469,1.37241491584505,1.1262253835312,1.6057792518356901,1.8542088575227897,1.83015652181691
2008-12-23,1.57099348566217,1.6137945824667401,1.47497313914694,1.42377844618641,0.9874034313587999,0.0,1.7823359775272398,1.9019116874976
2008-12-24,0.58317011252955,0.0,1.5002643797547799,0.9495486432371201,0.0,1.07388577979084,2.18923153083747,1.65456980693925
2008-12-25,0.0,0.0,0.0,0.0,0.0,0.7602034329907801,0.0,0.0
2008-12-26,0.67893847189535,0.0,0.0,0.0,0.0,0.8490197019885799,1.9993567423438898,0.0
2008-12-29,1.10342287732537,1.1980031766952801,1.27690300639829,1.6288797797219399,0.74088694668852,0.7873732001480499,1.8800205733528499,1.57150208348446
2008-12-30,1.20077505459807,0.8112896184316299,1.12330021993499,1.20891288181696,1.21879955134796,0.8429020694857301,1.96247996062736,1.3576784679245602
2008-12-31,1.20324030289506,0.0,0.78169513052486,1.2025268984592399,0.0,0.0,0.0,1.09477291193927
2009-01-02,1.22122900595261,1.28793354956884,1.46242603312988,1.12582944885759,2.15692197028543,0.0,2.02269191022088,1.6958457715591302
2009-01-05,1.47448764058977,1.2373873926980101,1.1477842002257999,1.4558987302092798,1.28853315415553,1.29619183978915,1.7057501965619102,1.5763753358711803
2009-01-06,1.61275173646999,1.59243263793825,1.44090471899393,1.33698394257971,0.0,1.17244314627447,1.43642307981492,1.8047038067488999
2009-01-07,1.49745474754197,1.63487732631931,1.57911668164895,1.5405053371407,1.51586051457843,1.2760440830837299,1.4117518023006002,2.1442859653472
2009-01-08,1.53998595959346,1.68787420229233,1.73698781568726,1.74865309365465,1.7628408757619,1.59898911552049,1.47978930012586,1.4720306085975199
2009-01-09,1.73962959258544,2.05128103523408,2.1043878201439,1.61132639404746,1.37529793721615,1.55121410881412,2.28519177833918,1.65606653610535
2009-01-12,1.43229891436843,1.4709372048449199,1.4288855778332898,1.2847488919555399,1.3463332314679701,0.0,1.8063009693212801,1.5791685489000202
2009-01-13,1.84449042535221,1.7986975882715799,1.8305306229525298,1.56170361346703,1.54519614139467,1.8934694237179999,1.61502227840516,1.9514548482683298
2009-01-14,2.2332013596008298,2.18522192275933,2.134239713021,2.1637430991162,1.92200862716143,1.34250456672333,1.50014969509779,1.64853527331749
2009-01-15,2.4630482783098198,2.73233684703149,2.58773556771958,2.2773803828870998,2.32407483982207,2.03269468296864,1.52931824259439,2.14896918915674
2009-01-16,2.59865423578205,1.90674671675212,2.19511926763057,2.25816209540059,1.9145808614856101,1.43969025495521,1.55168578955115,2.06762640461061
2009-01-19,0.0,2.04431020953743,1.9569868669664,2.41885966190186,1.68401660517436,1.44343793669281,1.68239556455549,1.94472779354438
2009-01-20,2.62783068417297,2.4389589558442704,2.2642329516776702,2.17497390946029,2.01523529766699,1.69599730909839,1.51456084184294,1.7606721229769002
2009-01-21,2.67916941920513,2.93889756329171,2.90663191392907,2.50761791193794,2.23351688967914,2.0150608430002803,1.39768375820319,1.5921672496638
2009-01-22,3.2951340702138303,2.47509066985777,2.25256100739336,2.8280121260456,2.32986850583053,1.5885210466109598,1.3566236389069,1.8075936202816703
2009-01-23,3.30493810156166,3.19056199196176,3.1773101216521096,2.61648132125283,2.00926080568675,1.5493271725875,1.2475181015544399,1.46592376017888
2009-01-26,2.22301603091408,2.53429253957154,2.4776551192333,2.44635889717432,2.01364922162103,1.51520575253593,0.0,0.0
2009-01-27,1.91223730204386,2.09147620191026,2.01285773141893,1.86945295683844,1.9021540819121299,1.85741776655549,0.0,0.0
2009-01-28,2.42158265394431,2.23652417897102,1.64902063479508,1.6180159948711799,1.71123135569244,2.1188582237641502,1.13148689014411,0.0
2009-01-29,1.56144716475614,1.94585337870097,1.86815851047843,1.8192499908486999,1.62665989309505,1.7174796364193001,1.30389275417842,1.83728370732339
2009-01-30,1.79655077047658,2.6732074208779597,2.61653857040652,2.0759384996032497,1.95153166549021,1.512219177468,1.25327960028558,1.95211576794512
2009-02-02,2.01061927369728,2.35474664257516,2.147185029439,2.16812138291171,1.7597728660884,1.7268993356990998,1.52044949876311,1.75080976259986
2009-02-03,1.6486612778157301,2.11454885688011,1.91999609856166,1.47013055188748,1.62195301709174,2.2965839210192103,1.79480813395805,1.9468627930357598
2009-02-04,1.63698434406288,1.73344881151102,1.8933283138497101,1.30906819551312,1.37734336095506,1.53870244593391,1.16795056376714,1.21325182971178
2009-02-05,2.09934344463715,2.1572540072335,2.2046411654799902,2.47306629693928,2.16602704169869,1.5912870211596,1.33901170932893,2.31153893228018
2009-02-06,1.5920151680442598,1.91790038598306,1.8705152701090098,1.79541211079991,1.8739669853753997,1.6763095875992,1.46271364429063,1.62062433949049
2009-02-09,1.5355988229925102,1.44415222598796,1.6049303183552799,1.6576014624688802,1.4441462049107001,1.57655130948567,1.32834459323136,1.46986161589994
2009-02-10,2.5891293091021903,1.96975897203287,1.9851382311602301,1.9930754458690199,2.0276952518519598,1.9428794637130702,1.6525019714587301,1.9350022013796198
2009-02-11,1.8213226860468699,1.87015522759502,1.8758425854274101,1.51626376377034,1.95242831210239,0.0,1.13335547023429,1.4998677052887
2009-02-12,2.69728370709515,1.87220468163793,1.9615289774170999,2.11173796127502,1.70280236250717,1.6160333997680802,1.5471514972509899,1.24889957569654
2009-02-13,1.7835042324996002,1.6243320273346198,1.69306557303401,2.04098018066614,1.38162957610062,1.5890151457786599,1.6792893341321498,1.19652540650669
2009-02-16,0.0,1.03570960448525,1.05223370524185,1.0413056408591,0.96481621770388,1.1611588990814299,1.33162644136071,1.55996672535923
2009-02-17,2.9150890705523897,1.80592273359271,1.7837200334679701,1.83564152216656,1.90929301589069,1.0789363031805899,1.7122797705305,1.44046396894646
2009-02-18,2.17530525860854,2.19696271335223,2.25281986856672,1.9110855916580498,1.6975603589911001,1.11564167963015,2.11189552722051,1.4748346143985
2009-02-19,1.99163448187838,1.69198973425638,1.7517035312654898,1.56960284422748,1.65627675011726,1.0441028636044398,1.92290502792025,1.42128494982181
2009-02-20,2.60415694217226,1.9896861730883502,2.03044658571285,2.1170585499003,2.1816669400689896,1.23749577480692,2.20414723196319,0.90029604311581
2009-02-23,1.9441152306126301,2.36678505149622,1.9385023473106702,2.1908674325574697,0.0,1.9150303264170498,2.02878205564742,2.16009406241001
2009-02-24,2.36748106878872,2.54545013718222,2.20183489905056,1.62342486746846,1.9730458665525201,1.70931285355256,1.82711414816699,1.24787253050141
2009-02-25,2.45331726061062,2.3386030841549403,2.10874762838728,2.02927044783291,2.32242076136948,1.7071654861623602,1.56811209930476,1.43838567031411
2009-02-26,2.35360343522735,2.2380478618660002,1.9633063957467198,2.03322394878404,1.75143672146783,1.5436981183009801,2.50559392291189,1.6991976697067899
2009-02-27,2.95530854813689,2.13408068998503,1.9637918515178698,2.4174860040844,1.82116919989824,1.59838248323172,1.6536344127986597,1.38399931233581
2009-03-02,2.37226483196396,2.66598529018803,2.02898938641999,2.74722891815698,2.30913362990646,1.7572066040050598,1.86151768835163,1.2639318910617698
2009-03-03,2.59554456688013,2.03859654884996,2.14431618138673,2.208971037285,1.70941364263392,1.6020874292416099,2.39992564475589,1.7497939851068098
2009-03-04,2.2299466627060798,2.0523807889200203,1.7611620208725798,1.98139125218342,1.9069314324684,1.50730393494311,2.15060509319516,2.01634211731169
2009-03-05,2.7134620570385697,2.19143353795112,2.12836601730905,2.00841624505603,1.79435789354325,1.54173387739583,2.0809552973829097,1.96928794814369
2009-03-06,2.92566186353823,2.99034019821156,2.6450065365681,2.31748425482332,1.9015607686085099,2.00668366619504,1.7582152052137898,1.3642483924681699
2009-03-09,2.3832528184040798,2.56682584282494,2.78683540930963,2.19679103160997,2.10856253707638,1.81384071595275,1.7188359365870198,2.60912244868787
2009-03-10,2.7299849047991,2.18858035276797,2.23416551050498,1.89422858855234,1.9963756796039098,1.41423734002394,1.65187655212004,1.13665332028195
2009-03-11,2.2275276497047103,2.29053610943682,2.52379267973995,2.0775841732363,2.2430696143399103,1.79484996490486,1.10094594899522,1.50521351362356
2009-03-12,1.75037018750748,2.39329154947595,2.19757506787322,1.8472879331241199,2.03193649221598,1.28074252290341,1.46300473915021,1.14701333748827
2009-03-13,1.8969993235628702,2.05405426648908,1.7355936701368198,2.22726896011034,2.45529074161859,1.8901837887642,1.6035854888399301,1.01774053970842
2009-03-16,1.86069060758633,1.90262343624112,1.72207131424049,2.19742458065641,2.02634250512715,1.1957861049523,1.58913527527583,1.2968475702001299
2009-03-17,1.91272120579111,1.8263902063764998,1.77303627012168,1.8147865442428701,1.56097868772126,1.25770310386513,1.31101446052246,2.04599621454268
2009-03-18,2.85166052061741,1.76155511343925,1.56067677707204,1.73941484010198,1.71555176618631,1.60824133793718,1.4432815211586398,1.33175207920543
2009-03-19,2.0634479610043397,2.06365771890616,2.01694118411668,2.06791802681755,1.9272815561884,1.1213360249769,1.3960909467520302,1.92083424540874
2009-03-20,1.72336175574079,1.6288326785109002,1.83156669101236,1.6828971010644098,1.5870349795117902,0.0,1.30924685526374,1.2812410103138199
2009-03-23,2.49606357179119,1.9886485024737202,1.7210052502517201,2.27477442111058,1.51757916361585,1.7457314181236399,0.8993242755939599,1.60174232893933
2009-03-24,1.7698369023879001,1.73188375750741,1.71310929233222,1.9032823746937801,1.8127522168708,1.65217033135025,1.04403369125713,1.41536185096038
2009-03-25,2.3847575151149,1.64763174817554,1.64149878998066,1.65806178809536,1.71068806150624,1.36053796738937,1.2199814657083898,1.61159506464961
2009-03-26,2.2984887986203,1.7501233118806199,1.85710547229525,1.58014914212931,1.4054343897788302,1.48260725597374,1.29919848799904,1.44225545637969
2009-03-27,1.77561136379698,1.43622437786301,1.3205758443156501,1.29541797561752,1.1707399139147,1.8187874849168,1.27145631017074,1.4003953099539401
2009-03-30,2.3465298378399098,2.29030363486372,1.7115978591982401,2.088368040399,1.79273001611954,1.9252088007764199,1.3824703926222002,1.3622714820134
2009-03-31,1.75835642618924,1.51018354663961,1.5823583671134602,2.21297699430834,1.6023561919682499,2.18947842530361,1.5211267184205899,1.73451100379847
2009-04-01,2.20955518678986,1.87403177338992,1.84936012152987,1.90235973464458,1.92050382792693,1.9490299375509799,1.70224065872044,1.7883978859901302
2009-04-02,2.41708004693783,2.35948346258709,1.97928689315546,2.68738736885641,1.81861845311186,1.6591790744036599,1.1602210991009398,1.4072373875395001
2009-04-03,1.53684994785795,2.26051758973558,2.13146002986825,1.9045628531978098,2.47683292937149,1.73595304830228,1.46732127470707,1.90141349019091
2009-04-06,1.69539635847167,1.76265758660693,1.65276122938856,1.8248048598814601,1.9270499390986202,1.74907607992476,1.3774768605152599,1.50422876452985
2009-04-07,2.32628902589166,1.73516754729132,1.76755075167419,1.78890207242515,1.47737073937011,1.34691662768413,1.2850551682885,1.49888602282061
2009-04-08,1.5155185715186699,1.8069437957800398,1.64331647861116,1.9662516458825898,1.77964481110051,1.40925919603137,1.0922125812079801,1.58639807814211
2009-04-09,2.2163987802193903,1.67907946321399,1.77524836519738,2.01151279845617,0.8914373762895901,1.57351355606299,1.20332410485911,1.37841804318718
2009-04-10,0.0,0.0,0.0,0.0,0.0,1.268634155293,1.94228123838542,0.0
2009-04-13,1.57619863641483,0.0,0.0,0.0,0.0,1.42420152239245,1.73824752154058,0.0
2009-04-14,1.62404643880955,1.51587734491283,1.65039082196975,1.46895748997886,1.19022155874946,1.7647549823777202,1.8123645758602198,1.45844237338092
2009-04-15,1.29194108520744,1.51777589330671,1.30110160727208,1.38636447142228,1.6852512878846801,1.3903584484754201,1.60339253579465,1.47436643183504
2009-04-16,1.37179219044832,1.27351510667404,1.3070429365705598,1.35038896675772,1.55330986478068,2.0027952152771302,1.6804605110546302,2.03135001274595
2009-04-17,1.18371402381825,1.15456881304667,1.50392275915154,1.402413054577,1.38922992271221,1.49258047292834,1.80106532392248,1.5644163002190299
2009-04-20,2.05970017678544,1.6345396422928897,1.7101008234858501,1.5972404071917201,1.58524928986453,1.2095697431124,1.59882092971226,1.7325382548397001
2009-04-21,1.43082609835542,1.9923483132093098,2.06087430032037,1.84654230246642,2.4119421868939903,1.4736764368602,1.4490887546634201,1.38719400368081
2009-04-22,1.7449939958315002,2.08697906906418,1.98713605289975,1.8614790607807,1.94966024233839,1.13598310394873,1.3735659841390901,1.86405280086858
2009-04-23,1.5992794924662102,1.81384915728017,1.6862709860319,1.76158603434887,2.4328822948657,1.23784083222399,1.26016009681548,1.40564569557054
2009-04-24,1.450817739682,1.42189749766816,1.46555782383944,1.6878621295523502,1.59955129631312,1.44181780433486,1.4340091248294,1.50263507761465
2009-04-27,1.60149251427598,1.6086341744548298,1.41774275114563,1.9107336551782899,1.79688508068045,1.51018023512526,1.4905877975272,1.63827455336948
2009-04-28,1.41228537351662,2.04201957374311,1.41522111843202,1.9455347882952299,2.29647810721678,1.66528850882001,1.80499007490623,1.68813005599035
2009-04-29,1.5792120888823,1.25160635451526,1.29665967581088,1.1777255222779999,1.2029880669133801,0.0,1.34028428515707,1.5194291654088299
2009-04-30,1.6268842532847798,1.6468967523108402,1.5237934489953,1.7145992146265499,1.11468094223728,1.53621956545117,1.42102552017477,1.74748458319894
2009-05-01,1.23023797406721,0.0,0.0,0.87504255115747,0.0,1.47970518958169,0.0,0.0
2009-05-04,1.41023601352291,1.21702501686202,1.05903500023323,0.0,1.58956586664913,0.0,0.92873854553617,1.35524261622633
2009-05-05,1.09883477443835,1.21542680664118,1.21061981310442,2.0547653410477302,1.2244461423656001,0.0,0.0,1.45881015752873
2009-05-06,1.7786391367568,1.48446058140895,1.6545030691177303,1.59820731532301,1.33187453716219,0.0,1.31172569214108,1.8997744898531999
2009-05-07,1.90223947587941,1.77941509476597,1.68387628100879,1.9007161743663799,1.8832199110077399,1.82479057257839,1.15078588793441,1.7879944190047101
2009-05-08,1.79314303865391,1.56041401189972,1.41863601426052,1.61934461909502,2.0075645842169,1.02589607431064,1.11520607890066,1.9767508864856902
2009-05-11,1.3628309896161,1.5577141376613302,1.40715795472541,1.18972270205876,1.3619008023622698,1.25588680639578,1.1903024876983999,2.25727122063765
2009-05-12,1.3729220772578399,1.42783309448163,1.35713378131745,1.29587662612341,1.6665901517094701,1.0205217463268401,1.02731063689957,1.97486481801185
2009-05-13,1.8909967906847398,1.6539224987661898,1.67014613055953,1.3676726769446699,1.6905971638716801,0.96732449423674,0.86360840312968,1.34749158202825
2009-05-14,1.2825611774094798,2.02224904162271,1.7289252216281599,1.49855049161548,1.8576785305280799,1.20601116174561,1.0069555081938801,1.15694563961104
2009-05-15,1.15016217045727,1.46627718338518,1.4659387194142801,1.35709775643061,1.6053333694276701,0.80591040455036,0.8070036481703701,1.1140866943101801
2009-05-18,1.26451821849746,1.45470774642812,1.24592463817118,1.2937892260453399,1.6865710766282498,1.13862841934232,0.9164167793163,1.5406754487068302
2009-05-19,1.1848150430792899,1.6256433675674298,1.37092826222271,1.38986310320585,1.87120533368281,1.3705929045704999,0.7585825566596001,1.27999479953826
2009-05-20,1.6729054231662301,1.47705209393304,1.3966696230200601,1.1061067558857,0.95520722570122,0.69027539735953,0.73078670840033,1.35288147092788
2009-05-21,1.5095289769722802,1.2899851722287299,1.2904445844971402,1.91108234383712,0.0,0.77015456799252,0.94128181557938,1.22378077003195
2009-05-22,1.11979332959345,1.3232606553147401,1.22991879152527,1.04149330756275,1.97084055451982,0.87939089632186,1.18493494417457,1.66797474499735
2009-05-25,0.0,1.38113571174269,1.20983641911293,0.0,0.9588778692078901,1.317677163002,4.67789173688329,1.67873494464849
2009-05-26,1.38513734237692,1.8475593441989802,1.79066301454321,1.59404946627731,1.5603967752482,1.0382779899810002,1.76399087114389,1.33252879955481
2009-05-27,1.36939117284178,1.53410813777842,1.47456316047736,1.36943332060746,1.46740899953455,0.7048546420577,1.7943904042139198,1.28144183370646
2009-05-28,1.75099901513336,1.37728092565787,1.26090890068434,1.79274679126166,1.3192388862609299,0.93507851792703,1.92887143405645,0.0
2009-05-29,1.44898870966581,1.4660732298152699,1.34745055243522,1.47300887794337,1.1795853598006298,0.82714176229475,1.53307555311993,1.5023531915059098
2009-06-01,1.28788760845929,1.3921585916913302,1.15498655900577,1.6140905441987998,1.4778578166677598,1.16695692931401,1.20029676166354,1.17436811391871
2009-06-02,1.16301555947674,1.21401394740093,1.33858121708172,1.49925947843893,1.15700345094256,0.78858827331065,1.29838865129051,1.7481338068162802
2009-06-03,1.21236742014374,1.2672310637275201,1.40431516540055,1.19371022279613,1.39587889696742,0.70247529866419,1.26603165850345,1.60847846293601
2009-06-04,0.89542874103392,1.0627438656106099,1.08608543933476,1.14450376809646,1.2934668188005398,0.69949125618585,1.28879712918092,1.70717503303381
2009-06-05,1.5055118016936901,1.50222706255379,1.66954310255261,1.79856001632583,1.3756996644195199,0.53476446527958,1.3074433953992,1.50062847473683
2009-06-08,1.25236617588866,1.27053018933593,1.22556000040838,1.22392817611982,1.16939522519163,0.74993528602134,1.15872059089065,1.6725155058181
2009-06-09,0.97601273975683,1.24171951850729,1.1264607244475902,1.35343043731438,0.94062726271061,0.8636664990571099,1.33945276656924,2.3467617097146802
2009-06-10,1.3372605990041702,1.29948310694291,1.27709478964444,1.55394664330246,1.38000340000342,0.7124315035291799,1.13532181134645,1.26524149918661
2009-06-11,1.19464762931878,1.0626460711779802,1.073146124306,1.04614817920168,1.09636216437133,0.64948057546845,1.57648676804342,1.70237447202958
2009-06-12,0.9835572866314001,0.88975197522156,0.92599811333348,0.87646056290201,0.9305845149030999,0.75067996009506,0.9101919776273899,1.4169551812033399
2009-06-15,1.3957873024823602,1.4463366692285,1.37467448061713,1.51450535887496,1.10085083103615,0.69446281773758,1.12432799205125,1.32263229137202
2009-06-16,1.03999347051459,1.1468971500282799,1.10545169965946,1.2351129436509,0.96059665618752,0.94008125181689,1.09602751528006,1.6655929115738302
2009-06-17,1.24639602067521,1.3933392211109201,1.4313345632891,1.26388309493679,1.6402062605699899,1.0355568398605601,0.88877172800042,1.72378828934008
2009-06-18,0.96054405722481,1.22022553740322,1.34464777563382,1.16074124713477,1.13205804073686,0.8604346352764299,1.05133969223652,1.4671392862053
2009-06-19,0.95908737682711,1.06044880166748,1.28032974554916,1.15160457743011,0.0,0.9910659231173,0.94209499742832,1.3373367217421301
2009-06-22,1.3873374876817102,1.43118186377587,1.38104427601941,1.33530810084601,1.0601102944660898,0.87033857216295,0.90400940889859,1.34120420177465
2009-06-23,1.26367217469959,1.595695187392,1.5314413341192599,1.13333047529085,1.29883075148881,1.17092842393888,0.93202253728597,1.5568554949894902
2009-06-24,1.17830174991086,1.17119772381609,1.3107878493276401,0.90637316300107,1.14526338388686,0.87881451410246,1.01254970156185,1.08035964505621
2009-06-25,1.1450676330793699,1.5311030822923,1.53628813396836,1.28397323927214,0.99162908666983,1.1259474561448202,1.04359999860003,1.08954283895356
2009-06-26,0.9949549868125599,1.79044603409876,1.6446723408469501,1.43345844477926,1.1681665766807399,0.76842051109466,0.9063265135226,1.00655009972579
2009-06-29,0.8182254344538099,1.42868667852052,1.23712977464654,0.9659041933613101,0.9428096067296501,0.99480142165004,0.85776015866621,1.19801353737802
2009-06-30,0.9867157079112201,1.2635160527587201,1.33196186422096,1.0485404510737701,0.95862170515848,0.82364984574672,1.0068490443164702,1.1957513534155
2009-07-01,0.91952239092884,1.42490259377404,1.43431047857986,1.29963579853857,1.03903839579439,1.36929463113604,1.0953271132392302,0.0
2009-07-02,1.6639760224080697,1.5154298352803999,1.38655338354677,1.4036244107634301,1.10905232860221,0.99701598746508,0.8810718641583201,1.4695252043190599
2009-07-03,0.0,1.02852230894424,1.00507191493345,0.8263078785880699,0.7363704357947101,1.10905172511024,0.9388434417271,1.18256373547728
2009-07-06,0.9971880296763,1.35006427159154,1.11427081911894,1.0846947113930199,0.98294206176066,1.0153916683817101,0.84613294701938,1.5052838045255699
2009-07-07,0.9929518694592099,1.32653026016144,1.33404838937236,1.07465718699453,0.87376153185685,1.11239715809552,0.7962607078430699,1.20708678943355
2009-07-08,1.31245369014681,1.43344838112643,1.41017027406196,0.92139293309527,1.10121068449729,0.87020612357097,0.80413134250305,0.98624785179062
2009-07-09,1.1748155493221,1.22506681934007,1.10505783381323,0.8818755244706201,1.09568404422442,0.8850636013889499,1.00919379399152,1.3356058128662
2009-07-10,1.1459602889851799,1.35350696664073,1.1952772695082,1.17905087100472,0.84808274486103,0.9750014870832401,1.12854267969891,1.02599636670165
2009-07-13,1.0905336623983601,1.2834037062499,1.25485647337534,1.09915848231908,0.99619656701943,1.24204203834934,1.2669684243255601,1.56144607712786
2009-07-14,0.7938455461309499,1.35720416384381,1.44946235676612,1.02561407338433,1.00968887334465,1.26361004485402,0.94049643827851,1.29025296069879
2009-07-15,1.0268433892439401,1.12961059646233,0.9390207186816499,1.03595125543724,0.87160032907198,0.95185332593208,0.8526545417047201,0.7972722848367
2009-07-16,0.8198964300591,1.382766520874,1.4770318240887699,1.00645924473671,0.9696127321531399,1.1090898193325,0.70378894931997,1.07752442449394
2009-07-17,0.7893254771266299,1.23191964035971,1.1329878558475301,1.0099174374353501,0.83773195949557,0.8183564054960201,0.66169908411254,0.9191738130086601
2009-07-20,1.0414383706725001,1.1466671446466001,1.17846156562783,0.98110430041851,0.8928431439684199,0.0,1.03377203101699,1.18179079506103
2009-07-21,1.02241751274711,1.17743237770965,1.28526560897543,0.95863201815432,0.9560845577210499,1.01575448703808,0.74343647638183,1.42783925347078
2009-07-22,0.9451026681209,1.32409373379795,1.24251016591253,1.0435264948783,0.8245579019930701,0.88394254496269,0.65459289434557,1.18765772735834
2009-07-23,1.09787675261296,1.47441642314239,1.3763573520427,1.03355833900559,0.98177607912676,1.27694562839026,0.89332137759618,1.37291544194316
2009-07-24,0.89935481619781,1.43095432204455,1.46531110435395,1.0587880751269299,1.22969796778314,0.7944510376344501,0.68893779413969,1.3667837987589602
2009-07-27,0.9060356341849201,1.20448743963065,1.03607938303442,1.05074435382827,1.10014783523624,0.8626012644407899,0.7930358699805,1.00085584435222
2009-07-28,1.11421281886047,1.13281851274111,1.22158580392414,1.06655986741532,0.87548278045296,0.8044648914509799,0.57701321282351,1.3052542395667501
2009-07-29,1.1443606558332,1.54127066514937,1.60864996416311,1.1444817519969401,0.7960391657516,0.8526589539421601,0.67563865961057,2.11986973154319
2009-07-30,1.48246960201246,1.260695468035,1.23308861915151,1.27474220919015,0.9498944478733401,0.7121312248877301,0.7555510977344501,1.5690288645432802
2009-07-31,0.9453646141435399,1.25756500965437,1.34909629645218,1.22166400846509,1.1071029721322199,0.93772175886779,0.9072237765051699,0.93798668532182
2009-08-03,1.11574373503103,1.14507262721016,1.12642001569663,1.03613619166208,0.8449475200654,0.7146163068371401,0.71728905589496,1.3681431661591499
2009-08-04,0.8405202185450499,1.01772114432589,1.01052737289199,0.8805899866010399,0.84557516021098,0.77960867086357,0.96696253815546,1.20464410830543
2009-08-05,0.98722995115368,1.26265663712863,1.15547320649204,0.97016920411397,0.9357526719911999,0.7073754541602201,0.89510064960824,1.24937240742822
2009-08-06,0.9333401116979201,1.13861237566522,1.0168219910893899,1.09934110807383,0.9626855410086701,0.84503371497476,1.18192247809194,1.5472009720492
2009-08-07,1.2252656083621198,1.46744046273366,1.54652263982781,1.2781725626307199,1.291174498224,0.7895115866567499,0.92929243448849,1.3119702422505601
2009-08-10,0.74978223458014,0.96933582589907,0.8481218992668099,0.94899549357235,0.92926600867595,1.00765715309126,0.85501344242539,1.07226930856525
2009-08-11,0.85066615892791,1.24445742403145,0.93510000729305,0.75739781158929,1.0624749375759401,0.6516614482133399,0.71346780014963,1.2073765570864698
2009-08-12,0.99593408361218,1.1234851034192601,1.02198741897637,0.96877893626482,1.0165428405330401,0.7054563281185899,0.73396089608495,1.1453539161097699
2009-08-13,1.0137794816063301,1.39750577739914,1.1746574684800601,1.13030800568384,1.13570159884584,0.49985435364972003,1.05810598180097,0.9624935793780299
2009-08-14,0.8726764044597,1.33353266411363,0.95130306693023,0.8211223337614,0.8895861118346701,0.68718662716959,0.86872044348354,1.2082261645586
2009-08-17,1.47857453604814,1.63611427528733,1.55923434296099,1.4103546053095999,1.76878219361768,0.9287728676319299,1.11389430159239,1.35014049673321
2009-08-18,0.70935213710613,1.05477601172049,0.97601851117812,1.12442356115122,1.0077332165369899,1.02403299136111,1.53953382291133,1.67231117860432
2009-08-19,1.01979292016565,1.12023190265274,1.15319201972568,1.31215274392732,1.1007015878057,0.8300745169788201,0.91458946468895,1.87512654855292
2009-08-20,0.5533172534952401,1.06013483343676,0.8799653804364699,1.19634453913118,1.13017028901842,0.9162316971709901,1.08980243297535,1.02576090792884
2009-08-21,0.97285289545239,1.2201160714305,1.1848649577762,1.11995297387167,0.9555127410230501,1.27748859038192,1.1886332167729399,1.51394214114641
2009-08-24,0.94711890479561,0.8253326245472601,0.8563417187132,0.96613758105443,1.09107925518405,1.07119310444615,0.64477509006586,0.7835800993037699
2009-08-25,1.00234549806192,1.1042641502720199,1.09179491160886,1.0496812650119,1.31963441116053,0.91548672303749,0.76288026726336,1.34345186680878
2009-08-26,0.92250073255156,1.16341590454746,0.91527625501452,0.82129771097632,1.0171323095084501,0.7988622283965799,0.64395730922115,0.83580680018235
2009-08-27,0.8204358459992299,1.09391723591915,0.98873499292357,0.8118889210195099,0.98053694099638,1.03603695751985,0.8834707523595,1.01595425075
2009-08-28,0.95991101091228,1.14500141066113,0.9916508044439399,1.13556256177367,1.37047866827433,0.80823178294841,0.75769174850179,0.94293375461852
2009-08-31,0.82825471020166,0.90408791665142,0.82591999694512,0.0,1.10026688922642,1.7419215075726,0.9345774031209799,1.09395220917551
2009-09-01,1.17354006983315,1.6212848662372599,1.37274320783094,1.2002263910150401,1.35326021549146,1.1963894254334502,1.10063215973048,0.73297787614483
2009-09-02,0.9873606019679799,1.56937518189596,1.36812770839348,1.1277619566743602,1.42035537377376,1.32934396588618,1.20940005085166,0.8400401283754
2009-09-03,0.79211839227778,1.09036412967962,0.94178326087991,0.85563684025058,1.05174218319462,0.99506999032226,0.94250908739003,0.75288624462752
2009-09-04,0.74744731456407,1.32007276758896,1.11895772926013,1.01795770779733,1.0487338106903,0.7267506082879,0.9826062155291699,1.98706608616069
2009-09-07,0.0,0.7702680659280899,0.5458841885381199,0.83886824385179,0.9416965037105599,0.50873253476575,0.92674859737297,0.90904490442413
2009-09-08,0.84015211097402,0.76717715576545,0.74630014063619,0.72059641157459,0.7538065427249601,0.64362349353755,0.56564953545472,1.09990299519321
2009-09-09,0.70375297262338,0.9468447794506699,0.84440311871653,0.7211442762946799,0.80119950036023,0.73538782993192,0.8518086387560699,1.1045512352571
2009-09-10,0.69161600773034,1.12881713938972,0.9865895624877,1.03270572165791,0.9615370153464701,0.7206090421172701,0.66812450016467,1.0946201683319101
2009-09-11,0.7942860512739699,0.8700314855696599,0.7017044182854599,0.8473564044963401,0.72330187293272,0.86067983938529,0.7458641606251301,1.21205178070039
2009-09-14,0.8538339507595799,1.0438924313496099,0.9157700826610301,1.1139588867000398,1.20613629157073,0.94268618416969,0.8084446990173201,0.98640692970895
2009-09-15,0.80372719738228,1.0576413463343801,1.00554745998336,0.8516609780171001,0.8750827271813401,0.81372906984513,0.58339808708787,0.50480086189847
2009-09-16,0.7630377582119999,0.81884877014298,0.66445027931059,0.88242602318913,0.9243152017605301,0.9126768720212299,0.87858614076446,1.0206690642407
2009-09-17,0.86912336104245,0.8574568818809,0.7957286246505499,0.98791686856185,0.9616341451215199,0.86401751087828,0.8577584527232399,0.8622928202295099
2009-09-18,0.6997511915957499,0.8741386270968,0.81487150433834,0.62909006217326,0.87799240223992,0.82560563103465,0.83073246485655,1.03228363149088
2009-09-21,1.0973765644754698,1.04712262886683,0.90862084578004,0.67148207091369,0.8422084380637599,0.0,1.04809647404473,0.90995282826473
2009-09-22,0.6940570460925299,0.81856580742556,0.73777297635974,0.7385721514614401,0.70491368722934,0.0,0.6972348140112901,0.85960345261711
2009-09-23,0.96840821106887,0.96540855969016,0.81819392842797,0.69636798061251,0.66944562885655,0.0,0.7735129876729401,0.88113176261434
2009-09-24,1.06371073684343,1.46233100557055,1.52680277188934,1.18402398676716,1.2284625022014302,0.93420757759296,1.11283688178861,1.14268894292978
2009-09-25,0.99784683294402,1.29206439553375,1.1205760125814699,0.9983860785761199,1.04094507141779,1.06962026101416,1.0113946575808002,0.92277684611457
2009-09-28,0.82961566199536,1.44746161739508,1.2249235527546098,0.95532445894034,0.9579769916712799,1.29827341803489,0.9732118513869299,0.77240905082973
2009-09-29,0.95795969528806,1.01286587662533,0.91556352301276,0.90620937325886,1.18526012933828,0.81693012888039,0.66742309262539,0.6435240941848099
2009-09-30,1.23398772566829,1.3356113906103,1.1957788020001798,1.0267205562065,1.06625419614367,0.75552206836556,1.38255024108276,0.91220687768495
2009-10-01,1.07487087683963,1.34200882123777,1.15747487829887,1.0242180110269399,1.19061041407674,0.6416240301747,1.45429762065816,0.0
2009-10-02,1.29783225186616,1.47333836385061,1.341504703502,1.23985274897908,1.37097989045281,0.84954888990127,0.0,0.66215096137702
2009-10-05,0.9240554276019299,1.1769272832031699,1.04643408812069,0.79803296519219,1.0469363374360399,0.64652848735083,1.13960840367382,0.83722880500408
2009-10-06,1.1178940303145901,1.20045164729904,0.98878644343906,0.97302919601532,1.12431384026569,0.78982623615079,1.1632853592566998,0.8199160022718
2009-10-07,0.80709927383206,1.09099389044852,1.02256229431218,0.99599467399039,0.95939175720999,0.6989552380151299,1.03035686624974,0.77460392936941
2009-10-08,0.77783130159402,1.1344822884717,0.77233687531924,1.34888712500564,1.2299388989750601,0.7863697162079001,1.44653372143721,0.78874658508678
2009-10-09,0.5015306910387399,0.99840600708126,0.9271416994195999,0.76703769253602,0.78116132373886,0.81186017287693,0.98044763984181,0.8097657143357501
2009-10-12,0.5990912950495,1.0087456619188,0.7461724622921699,0.70515733872998,0.73497693308639,0.0,1.11346552727464,0.73663639570786
2009-10-13,0.77491446593962,1.11034899232313,1.0204212591170299,0.8009208670893501,0.7775150346103,0.58191778831226,1.15661650967898,0.91036371617466
2009-10-14,0.9448631209466399,1.0408683011731101,0.7917291383895899,1.50649550459004,1.1762522795217,0.73917927812819,0.77969049676629,0.89468066689521
2009-10-15,0.5849463371889401,0.8801112272183,0.75620423500827,0.68661793493972,0.9157096199671101,0.76283533156458,0.83027765678763,0.71076104856955
2009-10-16,1.0734913192606599,1.05656387333658,1.09118733010148,1.0735952121363,1.10667806692461,0.5923110428417899,0.77070578763639,0.8960372541986601
2009-10-19,0.57612397640637,1.02219794028749,0.86328929566476,0.9008714367651,0.8358421501211801,0.80915484263319,1.18774960703971,0.8674052163022901
2009-10-20,0.82667843710431,1.20596843738756,1.05102234371919,0.87559397217997,1.07527239313301,0.58594202597515,0.69260918015905,0.74583658094371
2009-10-21,1.01749909644923,1.1135418399691999,1.16531409036019,1.01085377696826,1.0002263184064801,0.49802455590322997,1.03776651841442,0.8207620001353
2009-10-22,0.84939539184303,1.70247030940248,1.15425096866972,1.7922272725477602,1.31209304778891,0.68830938585069,0.97678508136157,0.81896585116363
2009-10-23,1.16707710459977,1.45925489476616,1.18200173631175,1.1277149552377999,0.97589555383949,0.56341476769892,0.82349493995569,0.59731383079102
2009-10-26,1.3515823424871298,1.54067045183841,1.43969432129983,1.17885600326163,1.23401170052961,0.78927823249841,0.89740863776688,0.0
2009-10-27,1.32344428101563,1.36177834496477,1.2381769304332,1.05013123394031,1.04252132508836,0.6774233731344,0.67573133495762,0.6218883376026499
2009-10-28,1.15544295752754,1.4092987188286201,1.30737702912319,1.15628069602454,1.0716934031844099,0.8058607960184301,1.18826140776261,1.0612312718927
2009-10-29,0.96871032363372,1.37408721300905,1.55600350007896,1.33379401774674,1.29184330693432,0.94829951935947,1.3073859857433,0.8004518021939201
2009-10-30,1.60072265367021,1.42724194870841,1.5632601115476499,1.3307594773876301,0.67378570578428,0.64732068945025,1.01231866626868,0.80311984234561
2009-11-02,1.75362941647715,1.66544563217776,1.7320329994760402,1.36361811495594,1.8256151340690598,1.29497817559447,1.40546845005713,0.98273670367069
2009-11-03,1.3617274452356398,1.42736150587719,1.46994454198211,1.48449716788783,1.14952205240873,0.0,0.84165339132592,1.1069709687195899
2009-11-04,1.33448403462349,0.97555296804199,0.7502920305655301,0.84172234051783,0.95305724551188,0.57575341364773,0.85275846472377,0.88922068911285
2009-11-05,1.01618415725349,1.26811424871499,1.30119833899179,1.35191628627071,1.0996340414005898,0.82644365095725,0.91488992925202,0.9395401155952899
2009-11-06,1.03437020521184,1.49087201619387,1.73536488063231,1.3877768152448,1.16026384507748,0.57829970423506,0.64168477814911,0.5437910528444301
2009-11-09,0.71947541438838,1.06480081338718,0.6733764725765501,1.122623436834,0.91170747477737,0.73590819893453,0.79315573460183,0.77191610307798
2009-11-10,0.6665939901335399,0.8281533543849899,0.82470030431161,0.74942611644758,0.64318820574618,0.7404475120539701,0.63368016707244,0.6957260800775
2009-11-11,0.85232998562433,1.09012149995998,0.87456566572785,1.09561426451055,0.7908851633318,0.68536453461364,0.7947964708541999,0.74470583717951
2009-11-12,0.90188162770782,1.17388180544082,1.0227689273056702,0.71923505610793,0.75091919166265,0.71079293664249,1.11513164488637,0.85748538853009
2009-11-13,0.76281605941526,1.03976028212804,0.9420103881783,0.7405756954086901,0.68629657922895,0.8459486683540801,1.2388188330466199,0.9601852383044001
2009-11-16,1.02637286530042,1.01819631775704,0.68130991189391,0.8892165877705299,0.45881474415321,0.6513966315212499,0.77166697235228,0.62187675779386
2009-11-17,0.7370845430602301,0.69257935882649,0.69159601013951,0.69748081125845,0.4492061954793,0.76958581699941,0.8095983411184801,0.80473767399834
2009-11-18,0.68993802612582,0.9963514069952001,0.86659403043282,0.69601052291798,0.55639790696447,0.88532667938594,0.99160112683905,1.20100648086636
2009-11-19,1.00296849992061,1.0513564775836,1.05552828129614,0.8019991850371601,0.6332740702010701,1.2069986942553002,0.69978512285636,0.77724463201274
2009-11-20,0.65547160496248,1.03174950154531,1.07329880661491,0.88874522426477,0.7308260881089,0.92240011206456,0.65998364992508,0.73209793930625
2009-11-23,1.05553061303876,1.1083431683648302,0.7471918380845101,1.31813374504676,0.70286464186217,0.0,0.8021037357694599,0.63480197075977
2009-11-24,0.65720440776666,1.0579709453425399,1.0173027052696701,1.14371295823077,0.65946105803037,0.8663248562394701,0.80695118632583,1.23919090900756
2009-11-25,0.42849353470229,1.15649264272411,0.98519201681013,1.02700007490213,0.8332845193299,1.09121020744263,0.64313153601221,0.90951353534908
2009-11-26,0.0,1.3810553466469,1.30960745778076,1.1925201680659299,0.8822407793212099,1.12048366749765,0.75081801844367,0.99434301437721
2009-11-27,1.9247447457868199,1.7236138108378498,1.56643978799888,1.8695817923450102,1.2842546139231799,1.19620348506932,1.10621217187391,1.3823015437107
2009-11-30,0.76417696398154,1.45682551415466,1.26887024777634,1.07786690370935,1.2178228147608299,1.03590894700499,0.76227726577207,0.70973401110009
2009-12-01,0.99165951261587,1.23049138051877,0.9820952874935901,1.34231047978439,0.68039400015633,1.8649949079407602,1.27155315591995,0.90440963788781
2009-12-02,0.67632497545835,0.9603146960093101,1.04656786597238,0.8729443781461,0.86324736609991,1.24311043296764,0.62382392727554,0.66236471938412
2009-12-03,0.8444910157040699,1.18823237144171,1.04256198593369,1.08054926754128,0.86639679281842,1.25607076839762,0.68065793300388,0.72158209404721
2009-12-04,1.5020702376736499,1.45966414574209,1.6344032702943898,1.26163336476014,1.40308690505542,1.0686665054870899,0.98904605073773,0.91801555961189
2009-12-07,0.6702220074284201,0.91198027180956,0.8130060442549899,0.9452847880553301,0.70863303893219,0.8113267611626399,0.58858062427394,0.8151972172207099
2009-12-08,1.06284995937291,1.25044214867422,1.16337139352315,1.0756388971667001,1.1598042468434,0.8207467012613999,0.61069277640754,0.90454827829172
2009-12-09,0.77183368915326,1.31185964798144,1.24617178332483,1.07540756553364,1.08562748540786,0.82921767706348,0.67946744710701,0.93333679842154
2009-12-10,0.71243856024946,1.22314883177886,1.1004623716333901,0.82917557013504,0.80662498489009,0.97721287796005,1.2905601267271498,1.0883130915439698
2009-12-11,0.59427398600642,1.08524615263496,0.93233824666375,0.87427725771172,0.71194979308653,1.0360427544628599,0.9708039194305,1.15161434201211
2009-12-14,0.5392299934612,0.80581844229362,0.7134881201895901,1.36840995671764,0.59772046754236,1.05144652091582,1.07581633703667,1.5680256844698
2009-12-15,0.64416561704664,0.77731319888824,0.76794305071851,0.7345157497738399,0.6796723034566,0.5569531577443,0.6794514487393201,0.89704870859871
2009-12-16,0.69887948358587,0.79755096356141,0.7310169460406201,0.7735251129403,0.58863213977672,0.83663077934676,0.7739368754696799,0.9555823006305401
2009-12-17,0.74471991736206,0.85532165395199,0.7883234847974501,1.09058277616281,0.58717271593818,0.62250311036086,0.7876203223568501,1.07442117810893
2009-12-18,0.5849749056993899,0.9197556146715099,1.0545551106295898,1.0980739478700798,0.68683512516397,0.82834659391602,0.95055350268233,0.88243991765701
2009-12-21,0.80515736219057,1.0242716966796401,1.04167548348753,1.00629192072777,0.72310695565541,0.46100801337246994,0.63865380156469,0.68714668820909
2009-12-22,0.47198142906241003,0.74424331852556,0.76209202125074,0.74065377802885,0.64748898476653,0.54285628306637,0.5450322920316399,0.8096387458330899
2009-12-23,0.39821784258451,0.59808932132048,0.55834904633089,0.72089081539373,0.50432203190231,0.0,0.46879787445542004,0.65627544358772
2009-12-24,0.35519311750881,0.0,0.40120587292327,0.33958740572081,0.0,0.70066645921594,0.67719714938539,0.59581146509563
2009-12-25,0.0,0.0,0.0,0.0,0.0,0.60974057590483,0.0,0.0
2009-12-28,0.35073910114964,0.65619619773382,0.30043059747352,0.0,0.43511509442628,0.7397798756915099,0.67838760853935,0.6701203992075
2009-12-29,0.34431459440235,0.37040614755299,0.47856882523756,0.70933492876132,0.33978756658061005,0.50419954280731,0.62168053835852,0.6590943879172301
2009-12-30,0.5049496415693,0.58882392526086,0.59094907901223,0.56566009641734,0.58317236750697,0.77130491111851,0.59938449413551,0.8872719719064001
2009-12-31,0.44139986093558,0.0,0.40009604010257,0.6524897474216801,0.0,0.0,0.0,0.59752394599754
2010-01-04,0.84075779968665,0.72332224786555,0.71093515163963,0.6798722938872,0.55231545540335,0.51879341183992,0.5064696823118999,0.72395149254844
2010-01-05,0.54669374356793,0.56940729104984,0.6655622460211,0.57471655849794,0.36324592533087,0.78713829631124,0.66321300061795,0.7888890503435201
2010-01-06,0.44585544621547,0.6870652905329699,0.66882962452247,0.55521626034734,0.0,0.67063246287489,0.5631279858146601,0.66860396534043
2010-01-07,0.53481296669,0.80501948702857,0.72986646508801,0.6838173162396299,0.48878598822525,0.5931286390315901,0.69740009377471,1.07084099794227
2010-01-08,0.51233877707148,1.0426995465056,0.9159831558195299,0.76563785402871,0.64159660817741,0.8917957868102699,0.8464018874141501,0.92452249994282
2010-01-11,0.5673793586207401,0.6970613248573401,0.60759102798679,0.88372884573305,0.53975841523501,0.0,0.69227652709772,0.77301521089018
2010-01-12,0.70742980154874,1.0361895111358699,0.9271317180512001,0.8785630800434799,0.73762962308194,0.7048775622581099,0.7146670976378601,0.9331293042878599
2010-01-13,0.61671913631181,0.6873719512547499,0.72846134050224,0.79216313333584,0.6088889155149501,0.7853296909413899,0.68111184201576,0.82018366198805
2010-01-14,0.46100651842538,0.83210918561371,0.73360496154949,0.98416462668657,0.53131880882121,0.64908527063507,0.68723880048696,0.76454875852679
2010-01-15,0.56607098083954,1.11990406247499,1.0616192102675,0.83811250599724,0.6694287263606901,0.79591338446316,0.75710056064023,0.7427063494933199
2010-01-18,0.0,0.49671949064797,0.54248481866151,0.7310530639338,0.46202608974354,0.81493200840975,0.74177006312239,0.9516998902677201
2010-01-19,0.45988477929190996,0.93657045249293,0.97068678126109,0.83449954001405,0.7705439567206399,0.71778557828886,0.7799927954475501,0.95134281640727
2010-01-20,0.9148365825365,1.2442859553977101,1.20027472636226,1.0569421847579898,0.82282819435292,0.70236092862368,0.6496807936143401,0.9735645784354501
2010-01-21,1.2516852186288598,1.5129173953960602,1.32232026164654,1.34171624467023,0.9767009472794699,0.81626600600831,0.7598461716374201,1.11519689790368
2010-01-22,1.1326995631839,1.34828279519097,1.33900495141168,1.27782271006231,0.9653467091892,1.24933869923091,1.08887276809368,1.35455855989765
2010-01-25,1.1554823196012098,1.06036727949046,1.0643447363932401,1.0603275200153899,0.85755985217473,0.87502630800633,0.9350119552902201,0.98849930534162
2010-01-26,0.95192345055473,1.1526131235475299,1.17902180517367,1.1220633566345501,0.92171340541068,1.36179340732138,1.1716027830421,1.1406936974556299
2010-01-27,1.01213832386783,1.40192908778368,1.35583120897108,1.49956177910548,0.959480747559,0.83668056591614,1.46038492971887,1.31094084854428
2010-01-28,1.33648042210763,1.28639338726184,1.39842114668471,1.54210454145398,0.9862733499826901,1.03981296252306,0.93432108352644,0.76471825563123
2010-01-29,1.19338302015823,1.2031396047649598,1.19250458221216,1.09296304012853,0.80395695143455,1.03095800932288,1.33750712730773,1.2750481030702299
2010-02-01,1.06112964950848,0.9280247580445501,1.01549538818992,0.8271068145482299,0.75396416245815,1.08893052561951,1.13113702431182,1.01033684923742
2010-02-02,0.70994948632896,0.9873103727106199,1.03488410461896,0.8101304142775,0.7294186102224299,0.73207483896619,1.09382734207826,0.96151705954233
2010-02-03,0.76845139772169,0.96541051465237,1.11712196649962,0.83548983755052,0.68312598048707,0.79352330708206,0.72439053392524,0.92785512135627
2010-02-04,1.43956480139381,1.2483759465209099,1.30695267293693,1.04939780023116,1.03414580780468,0.78528931719908,0.72929374157793,0.8092948978542199
2010-02-05,1.5853011893198699,2.00817813458667,1.8872312343276803,1.49580824750768,1.43516059000343,1.1668022386235801,0.69208587604283,0.81983590007936
2010-02-08,1.00900648669768,1.344443463805,1.6490468065679598,1.40831962009552,10.26396866909052,1.11570482649086,0.80146525998327,0.92935115243845
2010-02-09,1.61892891518775,1.22390294280837,1.2891073723356,0.9405967604614599,0.93880506138114,0.8389715053187801,0.89039141739904,1.05570514542082
2010-02-10,0.92939485802417,1.1787739379512001,1.49765541969005,1.18036714117642,1.8617671173758499,0.67992712295187,0.7420030806568301,1.07485691989771
2010-02-11,1.0553120828214702,1.41296680465218,1.52775112486916,1.32931805035288,1.1000490499505,0.0,0.67920865863784,0.87338039675222
2010-02-12,1.35308192702585,1.16208622463868,1.29887346127172,1.28750989830175,0.9804200339061601,0.62587843589808,0.64847811252212,0.8645652271037301
2010-02-15,0.0,0.5791517357299399,0.82714285492996,0.8538422758616601,0.6240902927052,0.57339961684789,0.0,0.0
2010-02-16,0.7822755017712599,0.9860897156394899,1.0349870317289,1.18405381003398,0.7954305447463599,0.39193479258273,0.65520527805143,0.0
2010-02-17,0.74637750312587,0.68851360856951,0.91788968316247,0.81859670085754,5.63914370473727,0.63017599425406,0.51551587812439,0.64528615187228
2010-02-18,0.5833135374528899,0.8720377398732,0.8337236089667599,0.75523691743183,0.6207540544789101,0.47790360063156,0.58716287071654,0.61585731673423
2010-02-19,0.68895019709854,0.93831567133885,0.9850290822886101,0.95379228029743,2.24320343571063,0.90696327815721,1.09390139409089,1.02614524475875
2010-02-22,0.61238297781226,0.79030070870023,0.81716041707014,0.6457646500026101,0.56360843797936,0.90570869446091,0.6261940819902301,0.6669090088334501
2010-02-23,0.925939170042,1.13343743598709,1.1720878480950099,0.9849782982073699,0.8148609502673101,0.7143216502499801,0.64655918351891,1.55502200033761
2010-02-24,0.8936598908832499,0.95475499354257,1.15913317030615,0.80146430211846,0.7678860974388201,0.9545162914232399,0.65110683076757,0.8934517685927601
2010-02-25,1.30211064516998,1.29428627005581,1.0527315781817301,0.96500596571421,0.8032933306622,0.79515494883358,0.74349623121306,0.89025491573456
2010-02-26,0.64567042486961,1.06856241336994,1.1229533605689002,1.26006287959807,0.9552057874961901,0.68014212022256,0.64207246829236,0.6157041850825601
2010-03-01,0.6391079152927099,1.1449292797387,1.04922105466722,1.2928384382520501,0.64307114094633,0.6295620599494,0.0,0.64700284676597
2010-03-02,0.65479557021987,0.7864666756471499,0.78058992662338,0.74887583086622,0.56600916001103,0.58970489160401,0.45698402925305004,0.52291673209321
2010-03-03,0.52866940115856,0.7623007238405399,0.79370320266132,0.60328120992275,0.53764411037142,0.70361374996498,0.45810595988828,0.7946812052233101
2010-03-04,0.5774368531153,0.76048526101319,0.9124026317987101,0.85992649704699,0.76513166948495,0.63712360125227,0.460809775022,0.80863743219553
2010-03-05,0.56114840019314,0.67344102070982,0.92990858598004,0.8029724786168599,0.62137146117884,0.72207024474443,0.49714750648441997,0.69560647188405
2010-03-08,0.43738217678687996,0.57001882773944,0.6782778997048701,0.58855716500701,0.48442402033862997,0.5411227330357,0.36141925356122,0.63753132221724
2010-03-09,0.53012391978372,0.62962171545152,0.70540146957237,0.55395902038015,0.47330448471985004,0.49423185742927006,0.44524000822375004,0.62712327725729
2010-03-10,0.65639861975169,0.66141626786386,0.71523268676407,0.63059072263185,0.6076709489655899,0.51199403221646,0.5458452720226,0.44729783544389
2010-03-11,0.53496143234594,0.6828947279676599,0.8030754216107701,0.7013872485749,0.51978130364987,0.52904997833191,0.54796712977085,0.83514416692723
2010-03-12,0.5017386063904801,0.70028610629426,0.7656150831569799,0.62127583787646,0.56037564170133,0.52092338505813,0.54276480913133,0.65134471184582
2010-03-15,0.57368690795231,0.61381898299047,0.63384508544036,0.5008486686842301,0.4789600991423,0.56888646873628,0.59632055907948,0.53234914026414
2010-03-16,0.5474282513757099,0.66452019013154,0.67059037962403,0.7957769626097899,0.5190557486932,0.58520349757039,0.53673497775067,0.59806115369266
2010-03-17,0.57649614628148,0.49473445806977,0.54100378140759,0.52526246882601,0.48159226638838,0.57874742351492,0.64242932935884,0.6983297598866299
2010-03-18,0.46263349251329,0.5804881831151,0.72497598792134,0.59753135094413,0.41974389601884,0.5008810622037699,0.63818912505375,0.69759388737925
2010-03-19,0.6050229884413899,0.69991785096217,0.8084693472536499,0.7777495667760801,0.54649252226312,0.38770253289699,0.44349030532026995,0.62378913142208
2010-03-22,0.61856317865739,0.78691131834221,0.92735193169823,0.79959537310038,0.69801619976984,0.0,0.49569563791071003,0.9070598887199299
2010-03-23,0.52919633756207,0.80665836427071,0.79988631133686,0.6923205267611701,0.47248133764829997,0.36600929333922,0.51145743512085,0.61112195519582
2010-03-24,0.59255000199237,1.06674034262138,1.0464714194673401,0.86126196019717,0.7388238140594,0.57678025783275,0.35927768708101,0.54117215927587
2010-03-25,0.85110362093378,0.8052272905987701,0.7602134788019801,0.5565386697739699,0.46669390346528994,0.47663208717882,0.61251207025299,0.6048192997401001
2010-03-26,0.67442569208156,0.65025469347933,0.74385609085145,0.53214892018942,0.47984176144268004,0.61559003061982,0.48468446925885994,1.2059407082929
2010-03-29,0.57303518761778,0.53288426674001,0.60216055331345,0.65079461722535,0.49136589159785,0.52816047932373,0.6802979580955201,0.64429567485278
2010-03-30,0.56226530455822,0.67379838762915,0.67405804756523,0.6632842369405401,0.48845624227022,0.52482913279898,0.35209085736539003,0.6179001888006
2010-03-31,0.6598807765003499,0.75108156565803,0.96133376749226,0.67461018999804,0.56175676882291,0.5059275862824799,0.59967562462766,0.7013187824539899
2010-04-01,0.8185030521368399,0.48260460634790003,0.73716125775544,0.69773068316267,0.42365270272042,0.6296296608085801,0.56273400646495,0.53694629075488
2010-04-02,0.0,0.0,0.0,0.0,0.0,0.5501638602225,0.5261043055358899,0.0
2010-04-05,0.44730809052151,0.0,0.0,0.0,0.0,0.51501934740365,0.67762997733413,0.0
2010-04-06,0.43814406236465003,0.51701442355945,0.64122611099111,0.5249493872469,0.50124443484852,0.63045626948369,0.6628315370693,0.0
2010-04-07,0.62763654742693,0.6468099803548001,0.65298056566301,0.54830334194564,0.43893577720599003,0.55724883382749,0.40014938968734004,0.54120624885206
2010-04-08,0.59916447975171,0.74778780622859,0.88951559286064,0.83320996463893,0.68687018316645,0.52873583216452,0.5671416952442699,0.67385829617276
2010-04-09,0.51639793990547,0.51424707843358,0.59439848486307,0.93213726752091,0.7160612614255001,0.41386058255948,0.65323171214156,0.52676882631676
2010-04-12,0.47004528030153,0.5959553103699899,0.64269368023801,0.64634687993443,0.33022638525816,0.53359726566564,0.72429520975302,0.6386898276155499
2010-04-13,0.47285238651128997,0.5596028387633201,0.59051607910979,0.53721597355353,0.5175940537158099,0.65036298250657,0.79244645355289,0.8040231331164599
2010-04-14,0.4833836430331,0.5006929549116,0.63601722889145,0.65124481108288,0.42667970734092997,0.64690526603278,0.62223708114093,0.69666105362056
2010-04-15,0.41598644959281,0.6455937633511399,0.6287132346049601,0.45632541815162,0.52327312407117,0.58318326219602,0.61602439244218,0.6491300220435
2010-04-16,1.21682941285785,1.06547078055524,1.54233453320866,1.22285769029188,0.7988566042295,0.65542683732184,0.65029788056135,0.7502871205682999
2010-04-19,0.68257391988713,0.91472614261914,0.96500696619301,0.88971659277672,0.77381112716891,0.50364187743701,0.59145869027347,0.8725325127057401
2010-04-20,0.58319822886504,0.8590270253818999,0.80729039661381,0.72724666116322,0.74926343277259,0.63344941671216,0.53742719650853,0.54477987335549
2010-04-21,0.58902894313482,0.72954077364273,0.77569427243924,0.64805387846581,0.66326528383265,0.42003522018193,0.45996128408897,0.86974208652982
2010-04-22,1.01172815125012,1.38966665276101,1.12595986204837,0.89450771467676,0.86104729543891,0.64620298857949,0.58860949847238,0.75294888109586
2010-04-23,0.7354366175771,1.00262030094946,1.16057073046195,0.94334644216194,0.96213562783488,0.7201257920197199,0.61478795029953,0.64140810960747
2010-04-26,0.59287886003706,0.5914479595092,0.88904316114408,1.16067180540409,0.66331076513388,0.49092750416772,0.43037268934513995,0.52978929896573
2010-04-27,1.17974910919017,1.25700316812249,1.44827599007164,0.9869189393359399,0.85157893541929,0.51137744691493,0.52523751379243,0.76811448171394
2010-04-28,1.0046042012787901,1.61278046315547,2.12500866694091,1.47877548528233,1.45164888662789,1.10286362469708,0.57112857135763,0.54576952331527
2010-04-29,0.7969773213225599,1.05217282225545,1.4487454483994,1.02026164831184,0.8531458850516401,0.0,0.71747707989444,0.62307447604749
2010-04-30,0.9716528547694,1.2743068931988,1.32306735339966,1.0255337501525699,0.61651160863607,0.43960568773448,0.59912403737167,0.5896218983068701
2010-05-03,0.7667166088916499,0.83332885885008,0.89174705230439,0.0,0.7512152549648,0.0,0.68465296716113,0.50862191621487
2010-05-04,1.47611591597272,1.39858637260092,1.8016962922362898,1.26269262544136,1.0333858330043,0.0,0.5783714007152799,0.72584682723238
2010-05-05,1.33587102599128,1.37667453122806,1.92063880863919,1.4409327342204399,1.46936370035331,0.0,0.0,0.93969995188151
2010-05-06,4.055922828592521,1.56593731798083,1.80248002881391,1.6215149695815299,1.58232866980694,1.2794974954062999,0.68918380680665,1.0708752378027
2010-05-07,2.86648715011335,2.66082688062865,3.14160413390261,2.97382644788612,2.87073140493794,1.8177812288421797,1.00444246979655,1.38748705932632
2010-05-10,3.1004003433618,1.93305831156253,3.00420159749341,2.41503331895421,1.5883673419190498,0.876567157559,0.74147672678845,1.02203321777865
2010-05-11,1.24296133366126,1.29459176639742,1.8895773565519798,2.09853327780095,1.4134871943601,0.9796598602812,0.8979050261740401,1.0386004556666601
2010-05-12,0.90868714612569,1.32733494204627,1.81535351643419,1.43506155376311,1.1041170899497001,0.9097352290306701,0.68107421964684,0.87472385071501
2010-05-13,0.9118516523339599,0.98583476938803,1.3027778574546,1.16253838529056,0.0,0.58217104485935,0.53371595491726,0.8320333412289599
2010-05-14,1.5487811951234398,1.43495219370367,1.9262065306913398,1.41154569815858,1.37074793937908,0.93796145717603,0.72646394680967,0.71991425439153
2010-05-17,1.44356589580074,1.45170446164431,1.87186015829602,1.28751114170946,1.38732411404365,0.9250475756948,0.86945634193735,1.000518739807
2010-05-18,1.54606753512678,1.0025706087957,1.1637692773900599,1.1116502595470301,0.74343980072082,0.72785392511853,1.21830910347292,0.90082102284391
2010-05-19,1.8148912721053,1.78388743835899,2.26742788652252,2.28247363973387,1.91534842933394,0.9543992253191099,1.08478253817066,0.93036322599439
2010-05-20,2.47622337093788,1.8922584158745301,2.69097846263807,1.89621839881987,1.81388362402139,0.89230687238344,1.57756614152244,1.2741884139808302
2010-05-21,2.1977037538178297,2.4252314331772498,2.95418967731677,2.30305552864189,2.18131679423782,1.27694812693429,0.0,0.0
2010-05-24,1.1941296038022802,1.36169625720643,1.6223134553060299,1.4148950847918,1.67240562290492,0.95364421187675,1.29843760250387,0.8711016309409501
2010-05-25,2.38642861930312,1.62060656448843,2.0329528397501,2.9613745154404203,1.39838627710693,0.9666597391846501,1.62003480417242,0.9461418480160201
2010-05-26,1.62031257876528,1.19572696505724,1.5544421379887299,1.5663793708364502,1.14796982668186,1.37363726371557,1.46197725516267,1.10151131655376
2010-05-27,1.6456341432575399,1.30464585417269,1.6349355969805,1.5205770103835499,1.10686620757885,1.6661200917758,1.29978036785912,1.26670885905957
2010-05-28,1.5338487184429201,1.05307960616375,1.33514866571517,1.05057121760878,1.15014914850248,0.8901547090394001,1.01635396022153,0.92561087379008
2010-05-31,0.0,0.6746626836749801,0.72765044863659,0.0,0.45366302767148997,0.8600707813156,0.7108373769951,0.9032197529440801
2010-06-01,1.41996475916552,1.3717876449953899,1.4513563326774699,1.5110085151312,1.23642276012656,0.84090551390459,0.71653987613819,1.0338444113438898
2010-06-02,1.01343047269509,1.30246673948396,1.41038991074383,1.66692070592514,1.0706326793163,1.23131395485919,0.0,1.12237148145433
2010-06-03,1.14065313237942,0.8486548207495901,1.06200207284637,1.59858595136952,0.6716909739235,0.87023153789065,0.55466179787093,0.59111397723183
2010-06-04,1.8290319032551,1.7495679318480302,2.0238120633794003,1.65783285330246,1.72815036441161,0.8827152038392899,0.5704953001209,0.67574000459025
2010-06-07,1.1947119419500198,1.23090075143855,1.57464473598808,1.69630332392735,1.8338684165471,1.18922960835828,0.7719803623656499,0.6977656372761
2010-06-08,1.6528663716023702,1.61682269711864,1.8926535535979598,1.32341086335687,1.38129588024253,0.78858017391654,1.06962010786633,0.79609828435395
2010-06-09,1.3023225628744899,1.24507408524191,1.5076183932096299,1.12901244106697,1.18016385856117,1.06209758566997,0.77951350528782,1.3798385350014601
2010-06-10,1.9518825964214601,1.20210900359992,1.46308367276755,1.24275486790356,1.09881035127222,0.7500877683559299,0.85973080954747,0.7473343061309501
2010-06-11,1.0420566306281,1.25733768082921,1.3809824772899901,1.161549623011,1.1309996264238902,0.8141214147798901,0.7911019190779001,0.61835322122493
2010-06-14,0.98797590167577,0.8190485104483299,1.02392058927096,1.18540341741493,0.62845082165069,0.57841043830103,0.68045381705607,0.42588676086332
2010-06-15,0.83983589694964,0.8437603558175801,1.05948694771054,1.06719237401135,0.69595645696489,0.5967626932169601,0.59675418538532,0.64649203118434
2010-06-16,0.8765751822460199,0.76101439239598,0.99512510335831,0.93887226911666,0.7774078638645601,0.56349236947061,0.47602643294659003,0.0
2010-06-17,0.8786443229343801,0.94885102825679,1.23902317078858,0.8505596376438501,0.83857215390761,0.52110655459183,0.49263372545640005,0.46897509492745
2010-06-18,0.60369370999048,0.8364889272619601,0.9372078119130199,0.7346743183705601,0.50114421221243,0.63435608320075,0.60906023989607,0.71315028125073
2010-06-21,1.0165665912000001,0.66069661091125,0.73189048468786,1.4202669008587698,0.58965297064728,0.83247209100319,0.89640667280983,1.01445428830874
2010-06-22,1.05584578910984,1.02759036696535,1.09799439076208,1.03579031568315,0.8896731694659601,0.62188192750115,0.52959124760299,0.69599273854859
2010-06-23,1.20421922522313,0.96372251182882,1.31483663298107,1.24343408304984,0.92569897666714,0.47659866587690997,0.58313466058663,0.727720337878
2010-06-24,1.21268557403434,1.20216766529465,1.37683897951612,1.17659937308541,1.11367516469166,0.6679938456762899,0.6500732631627301,0.45271659429714
2010-06-25,1.16769730382877,1.2618628850089,1.44307365795998,1.1005696840041501,0.0,0.6257412609203,0.62317363076876,0.68026273988799
2010-06-28,0.84047978811046,1.02804700513984,1.17377933134299,0.83353324099062,0.9541427514473001,0.75461826076994,0.6027362427661099,0.6786615128667
2010-06-29,1.84577460992478,1.0379015359714998,1.46124132120981,1.6766983935359299,1.26478128623173,1.2745967052009,0.80278423731462,1.12062061614758
2010-06-30,1.06898179166017,1.20101287006842,1.57699210371675,1.10956914521403,1.28209577831767,0.69862634927329,0.6803915786132401,0.67822789956058
2010-07-01,1.6268077926285498,1.34500056472776,1.39781741501063,1.67889154943015,1.51122808048983,0.8873444317664301,1.01872794498531,0.0
2010-07-02,1.37801736483108,1.20619859117767,1.45429256033371,1.17511378350226,1.00622279342449,0.81667120556743,0.8697259971399999,0.98496878293032
2010-07-05,0.0,0.8429844799744599,0.9068420265354701,0.67587378899029,0.83772191998609,0.6240620506939301,0.73501499418305,0.66862755418299
2010-07-06,1.50758322729028,0.9907486860364699,1.3067818264545898,1.0226412611487898,0.96060439822952,1.17642078044847,0.89199502403148,0.60960863739228
2010-07-07,1.03190683458294,1.22051580745478,1.4892067247376999,1.4460516384922,1.16259496913241,0.9449135603557001,0.8152343277313,0.76358709807105
2010-07-08,1.0772590993878801,0.7939766169857599,1.0516535680341599,1.29849252944828,1.01668131911774,0.7866751279335201,0.40239585436147,0.71339179548252
2010-07-09,0.7506093644360701,0.7124763500425499,0.95139187806847,0.81087441489225,0.62802467304067,0.7638072548115801,0.74258307649555,0.56756715720581
2010-07-12,0.8788130610053201,0.64034574659204,0.9635768281990399,0.73050775378946,0.73946545992572,0.85667629113163,0.5456526616913999,0.70228207349874
2010-07-13,1.1238876039778098,0.96111568976076,0.9687630734175501,0.74346616033462,0.8651401566301099,0.90537867467611,0.7266699784163699,0.70519350132991
2010-07-14,0.8715316909634299,0.73771660866918,0.97556815051394,0.76271134795318,0.77168030751858,0.6387703475390699,0.64680478123264,0.47623551968910005
2010-07-15,1.02076951612888,0.9468911112532299,1.20349956670204,0.98468874951998,0.8868110875883499,0.60112016138152,0.5376101749636499,0.9487387220489999
2010-07-16,1.1250810378034901,1.2213752063285,1.41528459812187,1.0060750346534701,1.09732797899488,0.94690030112248,0.76196140123588,0.66436320697131
2010-07-19,0.9540116609271501,1.21498784702646,1.3181569405381799,1.18936777291424,1.17490824282068,0.0,0.6232038716548001,0.6411768123572901
2010-07-20,1.16708900253965,1.2915057047829799,1.52690877894358,1.10141917279753,1.08498258329661,1.01115918976934,0.55255111017974,0.7939898343623899
2010-07-21,1.09992591987369,1.07821468308495,1.2212249506716601,1.33447695629486,0.98305132439782,0.99093370073126,0.6859061103974,0.54337756347305
2010-07-22,1.46070657161423,1.0524343546274,1.23652877660408,1.1232141631785901,1.0279306114903801,0.9250278890984001,0.7696333142272199,0.50622083566819
2010-07-23,1.02339928719439,1.17250992478486,1.44054855461626,1.0449175992120099,0.9686380875583499,0.83516857624513,0.59293972787683,0.52119386723291
2010-07-26,0.69900698953634,0.9606285676310399,1.1129776156778701,0.94236854184284,0.76776218500735,0.65665409743153,0.51069368812738,0.50981544838713
2010-07-27,0.82438404878773,0.94246398274732,0.98723746287085,0.73956978694653,0.75627570992061,0.59180338640623,0.46772843406509,0.51683251741729
2010-07-28,0.74595145686702,0.93849866147975,1.06417703528877,0.85635008927027,0.81833557513383,0.81349252175568,0.53549413198674,0.75741009711133
2010-07-29,1.09998231542875,1.0055834470510099,1.1077181094254,0.85527249171207,0.6423226455808599,0.64256620446261,0.47262137472231003,0.55392559827647
2010-07-30,1.25521415060658,1.24798429725658,1.53517062124898,1.1144360981258599,1.0809014606456901,0.8573244851668599,0.71464223228,0.57371700205189
2010-08-02,1.0486048834661201,0.93118735375349,1.01569442478188,1.2809092353820302,0.71387060604536,0.77781755293177,0.5212590133762001,0.5482084890017
2010-08-03,0.68278269971239,0.70371626188,0.79060152055377,0.86975880074587,0.59196560601997,0.89288270577668,0.52148736825988,0.5917631282395099
2010-08-04,0.67488989588756,0.9188342134858999,1.03617350054274,0.9369484202934699,0.72143970285159,0.9017929577910099,0.76436648715705,0.72174386493722
2010-08-05,0.7645216044845501,0.62966656430506,0.89382059830838,0.62596988410229,0.5819542883861699,0.7820707043048399,0.6396900288708399,0.57421515031779
2010-08-06,0.8960889728649301,1.30619592703851,1.41754923509626,1.17866554496727,0.9849897823777799,0.63677164566492,0.71526794249869,0.6442915562797
2010-08-09,0.50443241663421,0.56959933332729,0.64097862379597,1.23010774408829,0.78215856189746,0.59819417856128,0.43597493998269005,0.63295160037399
2010-08-10,0.91926171818655,1.00751175613984,1.0078769555893201,0.72879640831828,0.63394708320027,0.93584506586051,0.47032371819719,0.57779509537119
2010-08-11,1.8260031784567001,0.91005087281733,1.14029184858833,1.3018975089326301,0.8274324941083501,0.91892847003806,0.66238925840243,0.7488209862270899
2010-08-12,0.87702211249368,1.03838236015544,1.26664882580334,1.06763985069591,1.15630261001002,0.9173553293967,0.87026384521757,0.6774883412717
2010-08-13,0.68238065630733,1.19142202534702,1.21821831543816,1.23917874510217,1.05688785283917,0.8101346114089,0.60376090917942,0.79465702803277
2010-08-16,0.88073309141279,1.12558861607871,1.31708717311915,0.9434539579886001,0.87693917806335,0.8979532245934599,0.89389106010886,0.9145825502312801
2010-08-17,0.87800351773843,0.79764045301943,0.8673949713958601,0.76097320112679,0.66862334935573,0.71371634023452,0.57642048869755,0.53960603251086
2010-08-18,0.7829356352915601,0.93993979894856,1.08133187667847,0.87064362416551,0.57445745309356,0.86079443115866,0.45679809070306,0.79465687910026
2010-08-19,1.23557557333373,1.46876673346689,1.8511012362175099,1.4205685476396401,0.97934239384952,0.8158646470176201,0.50040297742342,0.89444925421472
2010-08-20,0.84908780330274,1.01648999932808,1.47718729845575,0.97102325846753,1.00381465242344,0.81181586101771,0.52771167236054,0.62301979104415
2010-08-23,0.8600055087105899,0.9770839463752999,1.11166275911762,0.7848602765724599,0.89674592236957,0.9055468543570301,0.75929210991182,0.51071625830428
2010-08-24,1.23857986313236,1.05490860130487,1.13266585098739,1.1875336335578,0.98168067221387,0.88701179917034,0.74023892564823,0.5480728878480701
2010-08-25,1.00403643128523,1.08016903075861,1.28097156930003,1.0007469095855301,1.29171728439701,1.02324106368587,0.63416679054049,0.71079485066448
2010-08-26,1.01958975380149,0.9566361930577499,1.2177515791790199,1.2214797451202302,0.8962992925905799,0.80211503640079,0.6626510807803899,0.46465771295672
2010-08-27,1.14694306218268,1.31846594550333,1.3723507938763302,1.04340348272372,1.19622680669971,1.03637638058622,0.72719947107369,0.44392385435733994
2010-08-30,0.76167980022925,0.78410354586147,0.77906021213586,0.0,1.02740115694552,1.0624237039561901,0.43664830643818997,0.45077271993211
2010-08-31,1.34096045694121,0.9768003873380899,1.25481129290582,1.60012387642425,1.04391999861483,0.7879796477339799,0.6175889919324601,0.75679774104146
2010-09-01,1.82585403536536,1.2973919117413901,1.3186277444066599,1.25164600681183,1.21545301758439,1.0315884522507,0.5049992390311601,0.54842413098764
2010-09-02,0.53602027552625,0.87003106814093,1.01671888596209,0.71485529303852,0.74914325525909,1.18572376985788,0.54364183639302,0.42778670808304997
2010-09-03,1.01234769249354,1.26986289973445,1.3312306474691,0.9444940911298599,1.12274225644579,0.8259009115396,0.49260177788623,0.46362324482231
2010-09-06,0.0,0.38610273884447,0.47588703399468,0.5820930213572101,0.35764322809942,0.73111267514335,0.47264814792318005,0.48811340238254
2010-09-07,0.8310895478961,0.82815071749382,0.92521309229078,0.7367447394632399,0.73116193891028,0.75832085741399,0.45291712612948004,0.46985690488581006
2010-09-08,0.74903999852393,0.93737304049169,0.97208738987741,0.85914104502354,0.73370654703374,0.71185390144223,0.47580286734189,0.48872801979233
2010-09-09,0.99185604696043,0.82814568273288,1.0730161567227199,0.75391526920287,0.71619423832032,0.7861437574383601,0.6327163389324,0.58262941554755
2010-09-10,0.45908561501014,0.69476346493842,0.73460733494074,0.57806821545923,0.58100059891559,1.0295695263429199,0.5826549351386,0.69926792571023
2010-09-13,0.78777490289294,0.7055617732795,0.7132083824416799,0.9693096975680099,0.63654403278451,0.7971278476839601,0.45080143494609,0.68473098668859
2010-09-14,0.67310161543965,0.79195218912,0.9040620267331999,0.5918739777458,0.67403240005918,0.73357967332629,0.5529099003094,0.43574948838633004
2010-09-15,0.68237729109346,0.72234002651757,0.7608153833187,0.57600975375528,0.62561369043907,2.1532510076163898,0.62073319398219,0.56089965080981
2010-09-16,0.52790067342337,0.62189977464096,0.8083504042297801,0.65609740668466,0.5774826046945599,0.8257534915683901,0.47922189726545006,0.67370410145866
2010-09-17,0.6368335432637,0.99942661654309,1.15267854875546,1.16064927933678,0.74927747218538,0.70439581377245,0.65578493907107,0.7223947261506
2010-09-20,0.59375884677486,0.74246627401192,0.91236319206881,0.8509212706341999,0.56050729154836,0.0,0.56082987333303,0.60063814677445
2010-09-21,0.76747614796554,0.69918955333627,0.9464602006587299,0.60880160561531,0.58870319971805,0.73685470690498,0.0,0.53718752986358
2010-09-22,0.72573953363239,1.13425275287433,1.2549830358315601,0.92071713946604,0.9023372203444,0.6968536146525299,0.0,0.5392140465715
2010-09-23,0.83498361050579,1.12682710225216,1.23303670035972,1.09429048114337,0.8645092100531101,0.0,0.0,0.0
2010-09-24,0.88088639921672,1.17045095004617,1.19351847905468,0.8572500886417099,0.75937018127117,1.7761578313573299,0.45787470000914,0.61049604351725
2010-09-27,0.55603824232288,0.71906670735707,0.79812325310863,0.5906518363279301,0.5756033397263499,0.6500009205018,0.48547560602586004,0.46598874665214
2010-09-28,0.8015184313682099,1.1915583314147902,1.35513073762607,1.06140052219084,1.0078990576397,0.48913993619656,0.49883183750438,0.44327278777993
2010-09-29,0.8137183185489301,1.39148856052861,1.38785297058694,1.03349433155387,0.94503798485778,0.9576228585414801,0.36504750017806,0.5867863700863699
2010-09-30,1.13739357436772,1.18640670792481,1.4735217670546898,1.11761006867153,0.8433546095986699,0.96149879418329,0.62916746268245,0.5458633725228199
2010-10-01,0.9640327753429301,1.5459117986473199,1.55115281769656,1.10420428953205,0.91203854213923,1.12278567165154,0.55510603399781,0.0
2010-10-04,0.68907501894898,1.13893386864163,1.18930644497328,0.85159888376331,0.86539034858734,1.1156421018126699,0.45712092952259,0.61116071322292
2010-10-05,0.9452735050364,0.86666013680512,1.07011317461425,0.78173847138849,0.9456190891394999,1.61730346109844,0.77305506244991,0.6187577317324799
2010-10-06,0.58001779263009,0.95402213321373,0.91563144943855,0.79042555525549,0.6366226255988501,1.15078895878914,0.35568283035243997,0.46567045294152004
2010-10-07,0.69367106910923,1.09187481543215,1.16475995498214,0.82573397799553,0.7048764229520199,0.6636963417634599,0.50915951295315,0.70558761758446
2010-10-08,0.5861553810607,0.94235212877444,1.14169752185594,0.71105216302634,0.57207854970827,0.71031330689635,0.5551598956702,0.80250068019684
2010-10-11,0.45355949295805,0.48187660276037003,0.56763539387145,0.49157807891228994,0.42664120274480005,0.0,0.5066175149062501,0.57491861356016
2010-10-12,0.7922187689749101,0.88204307541684,1.00301836219782,1.01621053523617,0.60889602843115,0.99788963292634,0.83277652781394,0.6207822062795
2010-10-13,0.67205039185271,0.9701098428911801,0.88707040210214,0.8047484252600301,0.55218896828717,0.8256171174657301,0.42095659831065996,0.8083347781702501
2010-10-14,0.73777832665474,0.66434262689964,0.75597282718671,0.65373900690955,0.54213367341353,0.95668718861596,0.55525607563639,0.68988577722932
2010-10-15,0.79115564117549,0.8509959619932299,0.810454103503,0.75843509888673,0.56599555086123,0.78032894484128,0.5645812812048601,0.65957363849954
2010-10-18,0.52688293923094,0.6469806373495199,0.7989830370333699,0.71051519161262,0.6460492237439099,0.64502230685021,0.7638505718879499,0.8279513423937
2010-10-19,1.2529400855236401,0.8536882502241201,0.92901379538849,0.87939555791686,0.70741258950193,0.7004622682941499,0.7881394371793299,0.6807409979647601
2010-10-20,0.85946620546557,0.6597784812641301,0.86267771966061,0.7419062334134999,0.5798563755041,0.91979982152733,0.81235539401238,0.8088703624964401
2010-10-21,0.88968284982344,0.7940243446032299,0.96783620879411,0.92245626865509,0.57949515244392,1.31730845291602,0.9931987808127201,0.8050460526163801
2010-10-22,0.45525353922666,0.5736754114859499,0.75473101797534,0.57566030938296,0.50334651749774,0.58640864538144,0.61679846320882,0.6238894020885001
2010-10-25,0.7989625782810501,0.41495788800493,0.66940200703368,0.8340988880653001,0.69383453097624,0.64554021307847,0.51453004068908,0.60984153003307
2010-10-26,0.7238594614039,0.69241586244642,0.79410815028331,0.67085707015745,0.58992610494596,0.8634368217937999,0.42758698507752,0.65526595455061
2010-10-27,0.75159128567624,0.82482090472979,0.84442932737658,1.00047411091442,0.62130318172775,0.78254547388371,0.66328309477588,1.2682410771714498
2010-10-28,0.73397510854152,0.69672220043222,0.87414115011397,0.9633824068808601,0.6946998019100801,0.73907629485193,0.6094751368229799,0.49913789526185
2010-10-29,0.5631381955833,0.64222615660457,0.8737256040482,0.66072300883881,0.7185663347328,0.77938098935887,0.896785864045,0.87214068833008
2010-11-01,0.76435682090768,0.97625652621163,1.09447100020101,0.8942020389220999,0.6567670165120599,0.8995799860284801,0.61403718049241,0.57566627681409
2010-11-02,0.61196211137874,0.64669525697577,0.7603664131533701,0.5407911400079399,0.53658819631466,0.54688725693243,0.65676897934411,0.52541583388866
2010-11-03,0.92115424459698,0.58779654418562,0.797000552493,0.62365197184725,0.58230135954941,0.0,0.76571288465548,1.08974343091068
2010-11-04,1.12109002009428,0.62035097450223,0.88243656854225,1.44549752447072,0.57875266478397,0.69113966766684,0.51115015374441,0.78472607867096
2010-11-05,0.58290601602197,0.71807615687367,0.98149319965447,0.9017364406682901,0.46429362159122994,0.80151883496987,0.58758559514247,0.57131869898373
2010-11-08,0.50239880736354,0.50685253747143,0.75239734369169,0.5035929016180299,0.54624407976906,0.57227467542282,0.70934329968271,0.74978619229053
2010-11-09,0.67517249153383,0.49104703181197,0.59553367427829,0.5464543870425,0.41390005744855,0.57997928296522,0.5006036410975501,0.8639893854215999
2010-11-10,0.6674217838352899,0.94619373569656,0.8861514382378199,0.78617339053514,0.53914440264022,0.64972229860783,0.68358171549004,0.93783117091753
2010-11-11,0.82389087850144,0.7955643320847,1.15888292053684,0.82223929730785,0.56785755108072,0.49726127084282,2.53983114425762,0.7569597501463899
2010-11-12,0.83635321542771,0.87977295992134,1.2967245611829,1.6408569649073599,0.75463179338001,0.78588959258901,1.4638803793046,1.0895090442020199
2010-11-15,0.64314068401777,0.7124577464967901,0.8825512622372,0.7331338899808401,0.48428051104891,0.72387967989374,1.08918271328873,0.9352087396006001
2010-11-16,1.11186801887948,0.7650630962913599,1.10344996654266,1.14900254642058,0.9098551775223901,0.82827473529303,1.1884906707151701,1.29053722714418
2010-11-17,0.62796816543002,0.6168975632981,0.78521945878676,0.6900560681103299,0.68488625852671,0.6754223341754599,0.80273943902525,0.9920731266329099
2010-11-18,0.8887315474903399,0.6173479738180401,0.80866147276732,1.0180469599154,0.47592896683565,0.81147807738725,0.69216567048813,0.76221925214371
2010-11-19,0.52630781164745,0.66375831460709,0.8532187851093,0.74339325827735,0.43559098649072003,0.72010384685493,0.49538994935695996,1.2516927772572601
2010-11-22,0.88350045137672,0.73466786367962,0.97401376667059,1.08089079966109,0.7433965922644901,0.48279868622044997,0.71140924053567,0.7772376047502
2010-11-23,1.01857122225792,1.05885331575247,1.41098647373601,1.1453590998534,0.81832822864358,0.0,0.65859620251091,0.9029678736646001
2010-11-24,0.82979686765962,0.7967635257928001,1.16717663030537,1.08075979840943,0.80279293103829,0.8471953872790299,1.0234164967011201,0.57615360924031
2010-11-25,0.0,0.64844259737071,0.9138281905146,0.5879682929722,0.44966351466551,0.63564893720709,0.8051111291596601,0.68839565367299
2010-11-26,0.59865698383415,1.10006293682634,1.18876506803531,1.14157848985604,0.78053498193587,0.6260250972262,1.1034050834045401,1.0140788861513599
2010-11-29,1.21496984223889,1.28489588664529,1.58096445576426,1.21100239746872,1.01087739310858,0.9518861073145901,0.8371598553610801,0.81402418377917
2010-11-30,0.9155058302089399,1.2569800548147099,1.5585321920213902,1.33591656165458,1.00857464139844,1.17501923147368,1.09144877361834,0.9741093223749799
2010-12-01,1.17051665684645,0.74985860984464,0.94538807179274,0.9826163057980101,0.79627129239497,0.58403946721683,0.7718605159059,1.0887540131765299
2010-12-02,0.48454994692689,1.05872066088416,1.27003274036498,1.11880052699487,0.73121472103229,0.41217016831768,0.44668537790147,0.61554049757504
2010-12-03,0.5128526903362001,0.90113513929106,1.16618564276833,0.98845492863074,0.79607657797253,0.42413317497009007,0.47222151474739005,0.83046033607969
2010-12-06,0.39283133421250005,0.66511884002074,0.85685599104509,0.72610471410666,0.53090844588911,0.30051457780943,0.47277282587003006,0.82210490449758
2010-12-07,0.89833679177966,0.65635854943407,1.03424668511095,0.72813288400789,0.5041088397039399,0.52600643817,0.66421692600226,0.8884326042413601
2010-12-08,0.54181105509111,0.6856341239163299,0.92490838279339,0.87670845596414,0.47231202454651006,0.47998972659050004,0.6685479599131,1.00397370113713
2010-12-09,0.55791430442032,0.7205837812088,0.8071226219551799,0.82054732786583,0.62523443718993,0.44428731152230005,0.6296070232926501,0.8490097726072401
2010-12-10,0.34020104070813,0.56164110125128,0.52047675765585,0.53360750829385,0.4735506431644,1.13837143295323,0.61953235897284,0.95508862927842
2010-12-13,0.47446224645488,0.42580514799103003,0.56391021486668,0.48392807954246997,0.37069285275663,0.46036852003327,0.48659510003982,0.9262610222998201
2010-12-14,0.43743694854148996,0.42344593221136,0.56653603594113,0.43519919217298,0.35485108893416,0.42673161538866,0.45057549493919,0.49386252938253006
2010-12-15,0.49313117542612,0.60941134443192,0.59105935502211,0.53580818101617,0.37324966604399,0.49306494646951,0.43565697200512005,0.9251278325862099
2010-12-16,0.5755994501179801,0.48694109312198003,0.70867297449296,0.53986831786718,0.36087121222698,0.44312077352545,0.47706734103349,0.8035812326435801
2010-12-17,0.35412508997648,0.5633029262484099,0.66495581148736,0.60837109658001,0.45976411755254004,0.40180296017418,0.5406662604056099,0.6979775133155399
2010-12-20,0.36666538862685,0.59626269220936,0.67917127254026,0.52471626437259,0.38865601259837,0.68467232665037,1.13428043969337,0.97590021300568
2010-12-21,0.21328791847765,0.38775194943661,0.58466699828765,0.70352572734543,0.33306999822267,0.6116680351498001,0.49628417504609,0.80969429934254
2010-12-22,0.23492962122376998,0.28517057655156997,0.44540408638642,0.37631141696285997,0.40285958629231006,0.40184145725654,0.5583712020195299,0.63196318207348
2010-12-23,0.273852736533,0.37839166243368,0.43617053661340005,0.35560724394661003,0.32818548841917,0.0,0.63011248650175,0.48003062844387995
2010-12-24,0.0,0.0,0.23022814651857001,0.37688206274893,0.0,0.26455066047889003,0.45001490403092,0.431289532959
2010-12-27,0.33130835857013,1.3879010081327798,1.2520712473849,0.0,0.33785298911655,0.40670098032079005,0.6271605406216699,0.0
2010-12-28,0.23164980049283002,0.35770773427992997,0.44371998203134994,0.0,0.32367714450026003,0.29915769420281,0.61686445648122,0.6819034180218
2010-12-29,0.25858308723322,0.4166274144158,0.5099247734215799,0.43395596500211997,0.2463110451318,0.3426063505039,0.49665893142238005,0.52257708464629
2010-12-30,0.30337278032172,0.7002083486909499,0.80436051556205,0.48445833814919004,0.37269131229923,0.53195493114851,0.47070829222695,0.82137320954195
2010-12-31,0.30888034011184,0.0,0.63652265831981,0.70624091304874,0.0,0.0,0.0,0.36807665927192
2011-01-03,0.92307066783204,0.65228825885387,0.72673298212007,0.0,0.76172503824611,0.0,0.52097066156028,1.13618261826213
2011-01-04,0.44436712191068,0.77750477221597,0.73453134230157,1.82407147572182,0.5116469816189599,0.47118799785989,0.42128180373661994,0.66302063816775
2011-01-05,0.43887288663792995,1.06412301848611,0.99761219584232,0.6401736488480301,0.59051657040284,0.45955453340393,0.42351280105294,0.55881514104715
2011-01-06,0.50545071861209,0.7856642838629,0.8027660708870199,0.58290043817265,0.0,0.3473725680251,0.62453151744504,0.57553910461979
2011-01-07,0.69208083394991,1.2702430836099798,1.1657913811746,0.7751876849477,0.6610014581349499,0.34644248951691997,0.6070093763072,0.6676674525664801
2011-01-10,0.72422917540121,1.11772011635918,0.9453072301353499,0.69153591594179,0.5314503736149601,0.0,0.51329361888132,0.69224520234752
2011-01-11,0.55197472009416,0.62675617322171,0.81447231688216,0.7655649100446,0.51493731121509,0.34457171672025,0.8049367555546,0.70097494952076
2011-01-12,0.5532819856660101,0.80151387526011,0.87700606266007,0.59004203062283,0.42724766494922006,0.37304346068489996,0.45056669547085,0.56894011857116
2011-01-13,0.42502928457170996,0.60158092625912,0.89362815048312,0.60332455154442,0.46275682187983,0.44154780159726,0.9525332614573501,0.65264042687836
2011-01-14,0.40875579413548,0.71672699503179,0.76224833522142,0.6320456447893,0.58662008637291,0.6239711347229799,0.76640219995624,0.60033785653902
2011-01-17,0.0,0.38759836241790996,0.49976929467258,0.45181810325059,0.46213567881320994,0.51310384673121,0.6024853608147099,0.6365888058718601
2011-01-18,0.39038602821076,0.55071272844123,0.5744031171652,0.88805244580422,0.42047001364521996,0.46993560268801,0.76117498239122,0.6857245905546501
2011-01-19,0.48804267044546,0.5692263215276699,0.65397590989244,0.63283331386,0.60020683093645,0.46000741257070005,0.8523279957203099,0.68264845212366
2011-01-20,0.74503171521482,0.95968395594651,1.05318796286417,0.92769964129672,1.0669974095933799,0.44763738955575,0.55666329854593,0.7004692215205001
2011-01-21,0.61290403787227,0.95328571534001,0.8221781566790799,0.74844852240938,0.64608611601127,0.8432563844773,0.75864680265769,0.8264394714409901
2011-01-24,0.39136114335941996,0.91247361589168,0.87085343429343,0.66496698906826,0.88785691105548,0.60681134031125,0.65857716352171,0.72602769968591
2011-01-25,0.6158229962062399,0.65816909452938,0.86526983950446,0.76502800919563,0.57824853448282,0.5767306848206201,0.70475559102663,0.5187334306981
2011-01-26,0.57349811966096,0.63471564937078,0.71438599824287,0.9449970231016,0.66421227441193,0.42384635151471994,0.5443508685853501,0.96451626097458
2011-01-27,0.44915255549009003,0.65854380051407,0.88287666663908,0.6521737100375801,0.8384362770230099,0.64471877847258,0.49993559340652,0.81797869523792
2011-01-28,0.7948845726867101,0.64602400163591,0.9476467365397401,0.8210527028948801,0.77641140648673,0.7284476924394999,0.73149569432157,0.69928668585214
2011-01-31,0.6083434692033399,0.68217271449737,0.9905163300081199,0.8369461117205099,0.78292589646241,0.50350278908306,0.77762214361627,0.62063684759185
2011-02-01,0.6867610635535301,0.5659845132200401,0.75906647007896,1.03813937130136,0.75036760060618,0.58647052474398,0.56771665577497,0.5959908595137
2011-02-02,0.45362466472609997,0.52632827982481,0.6949598994241,0.70533590565556,0.97914353242852,0.5640396813319,0.0,0.62573000265822
2011-02-03,0.6035862827170401,0.7130837437503,0.88759846864797,0.71098100337955,0.81206719495725,0.38955736908302,0.0,0.0
2011-02-04,0.55880646708581,0.47825046972582996,0.77239865412326,0.65097183035584,0.66333048607555,0.39931729295337,0.0,0.0
2011-02-07,0.42664717352262005,0.58870008622509,0.71393353790688,0.5496369667280401,0.5537405153778701,0.43898284651901,0.51110019730261,0.82588494436618
2011-02-08,0.38648959876294,0.52988207620378,0.7665892027332201,0.60142948971567,0.79861612837124,0.36636221149637,0.81782370064571,0.80497378832635
2011-02-09,0.49036462087795,0.5247252132707799,0.58536528385159,0.5718559432704601,0.40985880453901996,0.38659856559015,0.8145518725709501,0.9718189179370401
2011-02-10,0.7131887882623,0.64520739202472,0.9294199826269399,0.73378373975598,0.66286084046762,0.44003730831111004,1.01758333670564,0.9334351349206
2011-02-11,0.49840505555135,0.65181654237527,0.96585139562447,0.75724695400955,0.72744282981303,0.0,1.17687349153806,1.12226491376724
2011-02-14,0.34661449461515,0.43271656104267,0.64521463356768,0.5607161493201199,0.42209540489583997,0.32977166593788,0.76482318630215,0.92979005287318
2011-02-15,0.49204912282193003,0.46723813858117,0.63766433993888,0.51597252185208,0.65481239089932,0.43642501603332995,1.10305918815809,0.72190137924789
2011-02-16,0.6048567425650799,0.5360230075669,0.72384237812543,0.50803143939877,0.54771283366295,0.59831729411854,0.97099149219024,0.9122146937519201
2011-02-17,0.39785277461688,0.49159921237058996,0.6147694359974101,0.47783330003389995,0.8314885808601,0.58157101190045,1.29395209049292,0.6356084300353
2011-02-18,0.37891829887288997,0.46551394214096997,0.56878462222387,0.38627284182345,0.66463837220095,0.44172350771852004,0.94166241968988,0.7723061326859
2011-02-21,0.0,0.73328254211174,0.7872564450721999,0.7325208010283201,0.7461300639631,0.41644768139056004,0.8270298765190399,0.63324484662683
2011-02-22,1.20749132658913,0.64786080938296,0.98689741504425,0.99403010968672,0.7402563132322101,0.60149991662908,0.88330542244333,0.60873834814949
2011-02-23,0.94034640073247,1.0199004189841199,0.88160899396757,0.82054523622555,0.87560151401896,0.61413672501048,0.99926801734032,0.70105834445669
2011-02-24,0.9158247694916201,0.78637035393535,0.83321534411186,1.18790175237727,0.85909220487185,0.62938585393989,1.02089681370939,0.8875411634384499
2011-02-25,0.66857165416481,0.45995319607116003,0.9281147828445699,0.8861507769424299,0.5510703019446,0.63409223427421,0.68493535940252,0.93193127855114
2011-02-28,0.55299466554359,0.8211823821157699,0.78880525920978,0.73755719525491,0.6321426345831099,0.73782245933556,0.83899395226222,0.89480450900356
2011-03-01,0.8348173441254201,0.86917982193539,1.15824753026803,0.97002564089904,0.65927061524859,0.48147397661550995,0.0,0.71074643526287
2011-03-02,0.70961446564774,0.9137703664841399,0.90813977516624,1.06784238884724,0.65569276742269,0.66634996934528,0.79059790059492,0.68865611987205
2011-03-03,0.9526004248566,1.0277444740483799,1.03326627939897,0.7885044485943101,0.68068057085362,0.48997463415599,0.55076381141731,0.7988237239560899
2011-03-04,0.76019937053946,0.99913863867444,1.08862284210097,0.75060899030688,0.62600502546419,0.62063132004026,0.74173268360072,0.52582661329421
2011-03-07,0.85427505816796,1.1771255342328601,1.03030468449726,0.79122105313951,0.7996098518424,0.80488570654619,0.63111136822422,0.73653488157049
2011-03-08,0.68220982952797,1.3013173743895001,1.16936761256757,0.9171767120810901,0.82374392698508,0.62711980510951,0.8351811394504,1.0112918613481399
2011-03-09,0.7886450574893299,1.069091681699,0.91315577722478,0.6951864213033,0.58982383015512,0.59107566733864,0.87958522604113,0.67763233671804
2011-03-10,1.42482813043889,0.91992988218128,1.0254918322634201,1.06747218295279,0.711273136805,0.74315270022246,0.7848807212035,0.69437527263135
2011-03-11,0.71332773388741,0.87013344086346,0.94680130545013,0.9011675873577201,0.40645750822348,0.9791836302196001,0.9485210297265101,1.04438801605868
2011-03-14,0.90813802465728,1.04162131997477,1.17138881402419,0.8209039392952601,0.78058921688117,3.2166649754554797,1.24869081970798,0.81416948257496
2011-03-15,2.29330901654225,1.9058149518917,1.9286201983959899,2.09600979518703,1.42732826334834,5.48716115574602,2.38158887911704,2.07888062434666
2011-03-16,1.41558711387042,2.24963129517905,1.85797638406869,1.3369686425328,1.15349622029419,3.24533900104904,1.2231876018199301,1.0033288484240799
2011-03-17,1.34716416548281,1.5270552944301,1.52708853401071,1.21914531738222,0.9230861361041599,2.9899436664718197,1.20253184153019,0.88740898450313
2011-03-18,1.15788279916406,1.38190125872147,1.21641425412685,0.96518218294761,0.72644796465521,2.36733181235267,0.94120439015345,0.62643390228535
2011-03-21,1.17279282338484,0.9458009729972899,0.8416152272630799,1.0380375129705,0.52113137750929,0.0,0.75259584346933,0.8305423754458
2011-03-22,0.50448059571597,0.76257491630253,0.86290192360516,0.62142593643778,0.5627115527947,1.73871860679639,0.54032865416077,0.69417411549018
2011-03-23,0.58676761374704,1.1592570588657198,0.94170970159341,1.07970322967239,0.69888888044563,1.3652187354610898,0.6469729301349201,0.57757671590862
2011-03-24,0.52615092214743,0.95898735387285,1.16868627042889,0.68072861230581,0.62676575390961,0.96201341808742,0.53179664764169,0.49718063108914995
2011-03-25,0.45133239877009995,0.58162050248108,0.77494454561108,0.66238638012114,0.49329420351903003,0.89749483442023,0.62417103624808,0.5087563822530801
2011-03-28,0.38476472897677,0.76843349207679,0.65565059757225,0.47086620716205996,0.56350218077197,0.9843048098410001,0.59457019548144,0.7239914632722699
2011-03-29,0.45405026302669005,0.9921027554457699,0.8341877404096201,0.57051000711789,0.51656453222465,0.96241070789617,0.5504070812793199,0.57138236413749
2011-03-30,0.5288947472726,0.5727845379602,0.56740706519382,0.680489412815,0.41747311022993,0.88000582980835,0.60830678094948,0.78832755768356
2011-03-31,0.41292795730609005,0.5148773969207501,0.6711218917750099,0.69453676055229,0.45464021145854,0.98466617308008,0.67143276769927,0.5064847913760601
2011-04-01,0.54466827677839,0.69592296323182,0.68469206778459,0.86320041756345,0.47086167153522995,1.16577945776806,0.63585663180992,0.71708753625064
2011-04-04,0.42272230076946,0.39998021216301005,0.57897398086523,0.49914360659199997,0.3851314148827,0.6806656636182,0.57455603817949,0.70435907995812
2011-04-05,0.43401644281016993,0.68810465277235,0.64621122101513,0.4715343390829,0.33867252959201,0.94559932149647,0.5642621836310601,0.0
2011-04-06,0.44788739446514997,0.69562104565791,0.75703602077668,0.52969901420305,0.41732265263199003,0.9110947951194,0.68387261054546,0.71274368699237
2011-04-07,0.8328103404656401,0.78809980625269,0.8531855218650699,0.63440040255382,0.57019964298552,0.7608039522315699,0.82311575817219,0.62608124203363
2011-04-08,0.52450814608943,0.5022505408211501,0.5285995197301899,0.76969716601984,0.34703616863386,1.09301852388511,0.55997512916682,0.57317292149022
2011-04-11,0.5514846604624101,0.65849780069413,0.62776368644837,0.49303733979467995,0.4872591045318,0.7457906737874099,0.59934833696952,0.58399846404018
2011-04-12,0.80124605688359,0.72383481378127,0.68670250708785,0.84828654189888,0.48519491478394,1.03897703442472,0.70671192316925,0.56027856197069
2011-04-13,0.75900603561246,0.63468685782085,0.64346798750697,0.6867157475454999,0.38176411989408,1.02832729631183,0.7242773489261,0.6975118348042999
2011-04-14,0.67970657903571,0.93182088866034,0.84809007181327,0.74074774845138,0.5655377946306199,0.82654929247361,1.06638177021974,0.55695378535811
2011-04-15,0.5053728267991999,0.67968022629337,0.6662488508627,0.65510657100519,0.40289889181826,0.8134455963237801,0.6473505545106001,0.96288712668428
2011-04-18,1.17356630800095,1.43474355258561,1.2361937251927702,0.9374976181653499,0.82989716429222,0.62821143439835,0.76235687619504,0.9175568069455801
2011-04-19,0.5123705596897801,0.62854992068315,0.6591635597189,0.7865248456198499,0.5281769118243,0.65545196153733,0.96921692957495,0.54310206860039
2011-04-20,0.8235653617731,0.78267357472912,0.7096082220819301,1.35203970057502,0.45670676728865,0.55764700518325,0.6139200760908801,0.49136596036501
2011-04-21,0.42325211005335,0.52953419173897,0.6238264269108199,0.57351586485949,0.41725639683022003,0.59218207618204,1.04056627171555,0.50966942627903
2011-04-22,0.0,0.0,0.0,0.0,0.0,0.8904828099495801,0.75977001426095,0.0
2011-04-25,0.35948023891649,0.0,0.0,0.0,0.0,0.66702773065997,0.61652698803803,0.0
2011-04-26,0.47531544215804,0.48425518248519994,0.52419711461582,0.49521614547246,0.47354057011455,0.63427472533646,0.82374534956393,0.67957872485305
2011-04-27,0.49518774026097,0.48371963111082,0.52604780999749,0.5279723983369901,0.56785582519714,0.77308859805758,0.9050658907062701,0.62613622113203
2011-04-28,0.38858277533442,0.4714311275856,0.5310009962125299,0.57209159867149,0.41395739741359,0.860679180186,0.80860029300971,0.8127816502466301
2011-04-29,0.29298158691303,0.37102754991008,0.43976568444168,0.0,0.34970070043699003,0.0,1.08340904481548,0.71518991329307
2011-05-02,0.54852099893346,0.55219975214758,0.49288120763088994,0.0,0.47446226263528,0.8207325743749201,0.6349289349267201,0.0
2011-05-03,0.58716380116786,0.58312264549657,0.69188554108353,0.7394309068317599,0.49895564829796996,0.0,0.8430199477347199,1.0504707190179
2011-05-04,0.7918471243640199,0.98936682562552,1.09244213047511,1.17375414177203,0.76254631032571,0.0,1.0659750743507,0.7211079724039
2011-05-05,0.99860765399851,1.06486556337924,0.9412524994020699,0.8004022196356,0.66508911760458,0.0,0.0,0.7415847416575699
2011-05-06,1.19955317954311,1.06888194170076,1.0121490949771101,0.9707177535314899,0.68173844859692,0.64008764374617,0.79318417467135,0.53778856025963
2011-05-09,0.54555417244158,0.95482171256002,0.9857135614571501,0.85314150097307,0.88170448734153,0.69253850224093,0.96462908478286,0.5052774173332
2011-05-10,0.41464942486776,0.8886475932348301,0.9303204432867701,0.71027025022092,0.44936107134415,0.71907195060309,0.0,0.0
2011-05-11,0.7162403977991301,0.72945868675696,0.72190891053535,0.67622295776384,0.45136888934119,0.63945715158756,0.7041634273126399,0.90547100690801
2011-05-12,0.72781997342966,0.90292274816099,0.94412627276536,1.25741896262502,0.51116142780172,0.72249478209681,0.78059474497647,0.66502801693389
2011-05-13,0.67029692581855,0.9761145586011599,0.8851110345276401,0.8799189968338099,0.5076259091519499,1.20724430852334,1.05362855982504,0.78119992148478
2011-05-16,0.69261560707323,0.94695297100386,0.8716243457802599,0.81454206860988,0.60045822894268,0.62431924532826,0.6671182485083199,0.52551282078608
2011-05-17,0.82437566779349,1.27333275783473,1.02634197098286,0.91472417722802,0.78381721016924,0.74742597052311,0.68173405285294,0.63123404064119
2011-05-18,0.5407559279790299,0.74686207556162,0.79390952130625,1.1518501152702099,0.49015638910205,0.71326852439554,0.63362931092334,0.44802458813803003
2011-05-19,0.6087304849323799,0.89932296051334,0.94775715185171,1.1250784063655201,0.45241618202532,0.68689857339746,0.9064721032847001,0.85245235511469
2011-05-20,0.62788469355663,0.9269309206931,0.83398562538599,0.71571312479359,0.45327273948435004,0.6628902682236301,0.99596371876198,0.46234753453690997
2011-05-23,1.46649223273019,0.86187596092525,0.77857193290441,1.51118376906516,0.6010486274944999,0.87914309004326,0.92895681282363,0.53398633555077
2011-05-24,0.5843328310958,0.7640552191155,0.68542274814206,0.6064455898430801,0.5370684403863201,0.75139682097859,1.02091850720368,0.45334728621829995
2011-05-25,0.63729364907074,0.76083298187697,0.8344284400658399,1.05457688248415,0.60798918237911,0.53968197118746,1.47914979972381,0.62297141368402
2011-05-26,0.64841534960833,1.0855518096157302,0.994306422925,0.79315918226297,0.7826891755946099,0.68696471269967,0.7409829103179699,0.59930101875248
2011-05-27,0.58945479261098,0.9150641767980601,0.9324770779500899,1.12062330634919,0.9114324141631099,0.62839832237035,1.06187939750001,0.76411970949987
2011-05-30,0.0,0.66160256042203,0.46267643468763,0.0,0.36019499401899,0.73277893334691,1.0180622565550599,0.45730478545756
2011-05-31,1.09013353068878,0.68485750960864,0.64434639389534,0.88498595110706,0.4882942508652,0.77136875209844,0.7683527464659801,0.6248552634041
2011-06-01,0.7824856975558001,0.8131140355456,0.73082082525607,0.62365529776076,0.37325096934967,0.6676865249573499,0.89236046524009,0.66499958397344
2011-06-02,0.83892770390177,0.75762250254806,0.9013832043582901,1.25118786935335,0.0,0.6102488863629599,0.99508050663076,0.5895903872391
2011-06-03,1.25814997081389,0.97522191839056,0.99282620323244,0.77474088977916,0.34226995934395,0.63207161829966,0.72253041288172,0.6585828165357099
2011-06-06,0.66649011725351,0.8518221036054201,0.85020964301014,0.7354580161255,0.0,0.7584207750306701,0.0,0.0
2011-06-07,0.75330039616497,0.74888651932616,0.7100432653175,0.55339008786697,0.50780106906976,0.5881058431454099,0.68640512855122,0.5835791386874101
2011-06-08,0.7425636162293999,0.88481974572856,0.8148500825565499,0.74668955775256,0.78349340276903,0.56032042263645,0.9744220120793399,0.55973120267504
2011-06-09,0.50418124647552,1.09524255378477,1.0601528572621,0.6717516586548,0.86438121724305,0.61184515984092,0.9451189793245799,0.72096430796968
2011-06-10,0.9577439684281,1.1051245262648,1.03787947689604,0.79671951841405,0.8176636923547,0.88291765895917,1.13472449655588,0.9260111920466401
2011-06-13,0.73025078683814,0.73962710732945,0.63615862700208,0.53132827032412,0.69353814928624,0.54588172424139,1.18741783261537,0.62922554126448
2011-06-14,1.04431179362822,0.71636137183802,0.6574574666063701,0.7937040710496199,0.96198816325742,0.8806986417348801,1.0547553204501898,1.10129299207204
2011-06-15,1.1680511234055602,0.9286983184829499,0.88207173414343,0.56339454565543,0.8100930325954899,0.5917720471158799,0.81748214102572,0.68451627554043
2011-06-16,0.87812266045303,1.1752588503470198,1.21182940739651,1.25395874095482,1.02416303606261,0.58177483620184,0.9289414826052099,0.67412194894751
2011-06-17,1.08308027504428,1.09685761417241,1.24699148597935,1.07016231108883,1.1983199598471101,0.61435942889533,1.28092699506412,0.99890658024714
2011-06-20,0.62938555297035,0.86616467228963,0.83127988964611,1.03998407168138,0.56116457415068,0.64539658359184,1.19742251069787,1.01519483520553
2011-06-21,0.59569642126861,0.84712504967253,0.8575331089736601,0.75343896264533,1.13570630028498,0.60465861561919,1.1074509534801,0.7682821933443
2011-06-22,0.60216779984864,0.81019127000195,0.67070957726772,0.58776467542502,0.9087558217293099,0.6026606623635,0.7238926662777501,0.70248420301589
2011-06-23,1.8953530993097298,0.84320987199438,1.16972526684388,0.93639497663946,0.8935175392995,0.72928298409087,0.8053709947350299,0.7634554945362
2011-06-24,0.7129211513021401,1.39062768336064,1.51432010425966,1.7188204342842202,0.0,0.65216721512412,0.76151835313665,0.84438471324904
2011-06-27,0.65100056402324,0.9143784428942,0.98164491270189,0.7912548764134,1.11104200743176,0.49885901768095003,0.79750236269875,0.7156636030868799
2011-06-28,0.56678074084868,0.9803508136354401,1.12449418147271,0.7776523978569501,0.88760769906032,0.59571840900768,0.79165787924836,0.64759874118569
2011-06-29,0.69148413373791,1.00084945509252,1.12073998483591,1.0732052767141,0.95480269523087,0.45765853052165995,0.69191220010949,0.61035725782653
2011-06-30,0.63728214473623,0.7397963108890799,0.8491742186793799,0.74470766874079,0.6985137759197,0.60762742770416,0.60642951782984,0.72706957755969
2011-07-01,0.70484002119605,0.7816085293230101,0.8441412167706899,0.51857886493551,0.9292847579319599,0.4996988462467,0.40174355344484003,0.0
2011-07-04,0.0,0.34819390273299,0.41725727839092,0.34420086674701,0.47089143810232,0.57382003516282,0.47049279483369,0.43707755066715004
2011-07-05,0.59933314891814,0.5635339307845,0.56278080710586,0.45711712866399995,0.5430832050233,0.5783975531933,0.47314758373529003,0.49102360464795003
2011-07-06,0.51864625008571,0.74412929344248,0.8448357457394899,0.5362429629326599,0.73381535968136,0.55964027689485,0.47903808313008,0.52384226955475
2011-07-07,0.8467546185492,0.5666551153712001,0.91356385018321,0.59774306412834,0.64005469421033,0.55252913044154,0.56495971387085,0.5420487082789299
2011-07-08,1.05301896977309,1.18431944298022,1.4949931585271499,1.0696274281645899,0.94715072453461,0.6500261705278401,0.57011566442296,0.54343268629442
2011-07-11,1.24622216239641,1.0831984615110901,1.16991999266488,0.77281459188277,0.64863544491917,0.45300523956525,0.55414036510446,0.5527753482707499
2011-07-12,0.8607890241898299,1.54650623111386,1.15437874313502,1.7224449184211899,1.22539055350039,0.5312080305119999,0.61378937171023,0.8165614004585601
2011-07-13,0.87878142455319,1.06727701371855,1.24353069568507,0.82465876423744,0.75101782302786,0.84195557996537,0.71287329959484,0.63959662386261
2011-07-14,0.9675614614149101,1.01400260275898,1.06295775305089,1.09857250445293,0.95360165435042,0.74674277716659,0.9473530182992,0.64330016237971
2011-07-15,0.98146949414027,1.13020743041089,1.17152315579206,0.90283540178921,0.74203484592038,0.5484493538577,0.73714693737711,0.7907241854208401
2011-07-18,0.92569993581374,1.10026717777683,1.06190665260276,0.94635033770556,1.01619433016082,0.0,0.7905861162413199,0.8431127788649699
2011-07-19,0.94192079571646,1.0694367459649,0.9384208352246101,0.7462456590088701,1.00918460325452,0.48927552125686,0.69354142983428,0.70042019283878
2011-07-20,0.50495974741392,0.93576672116771,0.89835500393483,0.74208256992772,1.13158643325465,0.49026387801327,0.47116230284127997,0.63521831963722
2011-07-21,0.9590132710629701,1.36361482006393,1.52792735046827,1.06350510066618,1.35509628045722,0.4462960802235,0.46340350848313994,0.75554361735693
2011-07-22,0.47849861485747003,0.7356542645641599,0.77015022036426,0.78376835643778,1.1844587643451299,0.49731899803261,0.65359029831209,0.51337544073217
2011-07-25,0.9485181041849301,0.82044513914321,0.92899962216166,0.9673751967339699,0.7948524527689399,0.45641723138642004,0.45666060461884,0.48177871573955994
2011-07-26,0.49694529070655,0.85492765845836,1.0759305501741199,0.7381775972584701,0.79073867849775,0.6686314050047,0.61450940221733,0.77076351906093
2011-07-27,1.0904755958846502,0.9122943917063401,1.0636363907304,0.93852465196571,0.87973799205298,0.45738310436322993,0.5843522189554999,0.48692488243993004
2011-07-28,0.6702263631308399,0.8788132079572399,1.02680364102685,1.0421865667859,0.93229933791347,0.50192242690072,0.62488281487799,0.8355221561196999
2011-07-29,1.4514811556723701,1.23832023987214,1.01061922061328,1.51568652354997,1.33560115427361,0.84827947386807,0.70775240626068,0.95938422908847
2011-08-01,1.7580069215955798,1.79996996605498,1.7139946986265702,1.6706387657129802,1.50716619717037,0.61427655037437,0.43809114359632995,0.43679308505069003
2011-08-02,1.16738800692657,1.56440646541204,1.47479751887945,0.99728360850226,1.39710390495768,0.7118348129226101,0.88407921328111,0.64721005180176
2011-08-03,1.4597259813769798,1.98184034138222,1.68950067246302,1.88730121580578,1.79792314176134,0.60577872329658,0.90277793690205,0.6911605950159
2011-08-04,2.09678849258216,2.28097659741633,2.67100941111763,1.6212230980858202,2.23028724577597,1.01878962940883,1.12070526109454,1.05021638936125
2011-08-05,3.29566853696954,3.9649533561808696,3.2071196395421495,3.8136107594491,4.92389228706213,1.7916256305112899,1.39778732179183,1.3108463809211202
2011-08-08,3.24817402637666,3.0053127030557,3.2596308326324297,2.5435590242406403,2.93239033683137,0.98858813622427,3.4811161519295695,1.54677724829239
2011-08-09,3.9505986873031,4.90407241687008,4.75087615979147,4.21525112882577,4.40597188996378,2.21940388102751,4.76786461709767,3.46692043635327
2011-08-10,3.96663563455367,4.55237306150056,3.5284951528243598,3.05756196035534,2.67440829101822,1.2814888244748701,2.9873807860674497,1.3863396004219102
2011-08-11,2.72879960971779,4.18033608486734,4.32886430616125,3.7301312240599502,2.9455303490431,1.22095190814912,3.18824605419233,1.8359798030612902
2011-08-12,1.97152788111149,3.3147571782961704,3.1815255655518397,2.23417752456155,2.51732827292429,1.02772409362727,1.70761474786147,1.1614983008412
2011-08-15,1.3403129765614399,1.6196761563454498,1.48942724165297,1.23886518371007,1.33342492707313,0.80942995196914,0.0,0.8521395271907
2011-08-16,1.74171583059091,1.61876890952692,1.67329134015209,1.50897115216792,1.59538766049007,0.74935532177219,1.2214539005910101,0.9852563111654999
2011-08-17,1.17590346806785,1.8424072364862698,1.8771372397304802,1.53806569404008,1.6356529360325798,0.53134098145752,1.39032174269015,0.88943406160599
2011-08-18,3.1705817727510204,3.0254970380582,2.46680500257438,2.27305936579667,2.3218721556733,0.75002473533727,1.49625727508406,1.11609537385341
2011-08-19,2.0405321834492103,3.55252461023593,3.46510486754008,2.60566542343026,3.11095072264894,0.80682576776403,1.88592829801877,1.09689721930361
2011-08-22,2.29221541637669,2.1028346502466597,2.33165320679727,1.76959388484279,2.0705219173708302,0.94915304521977,2.43713852229084,1.44609570873818
2011-08-23,1.54752689082839,2.1595420191209502,2.02091249359763,1.81375169106551,1.47763552675922,1.00642458513839,1.6434182047485602,1.35521380030716
2011-08-24,1.3685307706007102,2.08755436621971,2.05997573690759,1.63392088940713,1.9137526260580202,1.26446274565208,2.1255707965436,1.20589829403768
2011-08-25,1.93203537100359,2.61475480443884,1.9989327741992702,1.70869432489342,1.76577908096228,0.99028790008832,1.4782855109592299,0.79238778340155
2011-08-26,1.91378927392045,2.64217132524406,2.29095862097288,1.8813260990601801,1.9548113165119,0.8076030853132,1.45024000167558,0.9536677689653
2011-08-29,1.6718621484533298,1.19660255351557,1.07128074497351,0.0,0.8634369388850001,1.2703427272319001,1.2319837017006299,0.75506942462683
2011-08-30,1.47527964245596,2.16116125586245,1.4307543025467302,2.49613715782586,1.67282462001131,0.56023222882671,1.22619878006259,0.76539957289012
2011-08-31,1.39068138420847,1.64302332995304,1.30381070731452,1.11054711360166,1.17115997913137,0.81548140534867,0.9750100292886201,1.02700403003396
2011-09-01,1.4685227742837301,2.39884425345769,1.8301062390039,1.28039761622435,1.71318382381663,0.75659642293013,1.6041746025613899,1.00317680910495
2011-09-02,2.15533610063558,1.81474214247424,1.73972398080873,1.9087359934975199,1.79070142242641,0.7909919460634801,1.5081922387245599,1.0762813561081501
2011-09-05,0.0,1.8386842898436901,1.76737625238063,1.78425673261613,1.2561070277281299,0.69494481016663,1.31954087603719,0.7651927013314199
2011-09-06,2.83485927606839,2.59535216201462,2.46093614122004,1.7188455276245702,1.95197608968296,0.80266071804215,1.91312817520886,1.57287183344066
2011-09-07,1.42697627187735,1.76665559382608,1.42072878038068,2.44048097770685,1.14638439032507,0.66458182937216,1.03095237303427,0.97264072842399
2011-09-08,1.3759662264877701,2.18117301966556,1.7545645813172501,1.25627138499091,1.68991876733528,0.66633057621519,1.4596076433124,1.06512271261296
2011-09-09,1.9575899614168402,2.18326449318194,2.08537478298314,1.35363616436138,1.53971532801294,0.7609506236571301,1.5672679228377,0.9973748796036699
2011-09-12,1.7279444525446899,2.3383350638869103,2.53794608687477,2.87075613457587,2.68643210051119,0.7756733878148501,0.0,0.84892890296866
2011-09-13,1.2858691757418401,3.13789343955096,3.4255259730904095,2.08956531577574,2.28168273870229,0.82512569259633,0.0,0.0
2011-09-14,1.51248480716733,2.73178436195648,2.61184919799229,1.57394486522686,1.72177343289644,0.87161270294561,1.66373407720705,1.5837491713904601
2011-09-15,1.28481857669361,2.16906543371586,2.2549440137440198,1.54104805001855,1.79718912659408,0.8026306518074899,1.6820285700989102,1.33722305909859
2011-09-16,1.09437958577177,2.09676235386726,1.72395706834567,1.34507668376416,1.1667434080178,0.59703971306857,1.04507378048298,0.95284469722542
2011-09-19,1.92171221257996,1.85865059359202,1.37035950421194,1.46314358108526,1.14320182956991,0.0,1.22892975790563,1.07085762949329
2011-09-20,1.06550814836349,1.97531854608794,1.7253072090975499,1.28217226764035,1.43800722205383,0.6505570263714501,1.6642847687129698,1.29678365934106
2011-09-21,1.5037900227870902,1.8939582203958398,1.7708267089215701,1.20624197153763,1.33174470927426,0.6894449801117599,1.29116989704182,1.2300474092131501
2011-09-22,3.3426699901609997,1.8326844369800799,2.00750363925946,3.35328747781799,1.56323177712647,0.7976229602107899,1.15673623175035,1.12486157158514
2011-09-23,1.66565314762047,2.8152830498139902,2.68100900410256,2.20708781639562,2.55144271260065,0.0,2.01489276511853,2.14980191967795
2011-09-26,1.7897167643062901,2.5151964731785803,2.88225888867967,2.43053177224326,2.30577633208188,1.13011186041426,2.708111141804,1.85708509260049
2011-09-27,2.2069866942895198,1.8015610892803398,1.6731796409552,2.29182390741391,1.98018700717912,0.78822044111491,1.25011606305574,1.19774740533553
2011-09-28,1.56388349417148,2.3728794724229,2.1291410825497197,1.62014657992355,1.87553209593891,0.80335731874954,1.6134895657356998,1.47122693017426
2011-09-29,2.37071305142777,2.13454666260098,1.94376694439919,1.4622593578408,1.71272944347436,0.98468671003089,1.4838120905168501,0.0
2011-09-30,2.24702022585623,2.59692522422094,1.8488910039845499,1.78484612829761,1.7640588398752401,1.13824173621862,1.41755692867764,1.65656872303203
2011-10-03,2.12414871078863,2.29365905516382,1.99402701240128,3.1972901212556497,2.81082926371275,0.88307834051509,0.0,1.8800706429373801
2011-10-04,2.69578189808022,2.41871806558846,2.24133198735327,2.19005794563819,1.76759989806234,0.8637254846641801,2.08203032433992,1.89727139561845
2011-10-05,1.68637642404328,1.98889803689379,1.61003703950281,2.77046308364089,2.30112690378279,1.18498890217967,2.09485789023026,0.0
2011-10-06,1.3502647193021,2.54325469289845,2.1731933857784,1.7798922921632,1.7329706262848101,0.83455962055909,1.27850284479308,1.17006855968144
2011-10-07,1.4307984926274502,1.92012947798084,1.6941567279378198,1.3359608168498,1.74011768918369,0.78234477918553,0.97732124712528,1.28978031673576
2011-10-10,1.90410328997221,1.7105651509223398,1.27945534809894,1.03644200671093,1.27708482510716,0.0,1.11173286269184,1.73087594352021
2011-10-11,1.1416262465176499,1.7568391340427199,1.30113277007652,1.08164252235385,1.31110085329047,0.74279782685408,0.7427715729554499,1.15363194675728
2011-10-12,1.29895973784255,1.7118581287253298,1.42213267743062,1.10914336102597,1.34425510319284,0.76048605554293,0.91341542185456,1.7275247266068199
2011-10-13,1.30228502950544,1.81054781450283,1.9249270752444099,1.4306438798268402,1.6428508668753201,0.5309051364239701,0.8427643296521501,1.297984893607
2011-10-14,1.4888772935705599,1.50364814756478,1.41565555865542,1.1550459264908002,1.2889678683233299,0.5140894638428399,1.09542333653934,1.2250262335778699
2011-10-17,1.19160335163635,1.77097850203383,1.3762190931185299,1.3108246598103799,1.45539135226371,0.58252298865972,0.8382675669182601,0.9814740396036401
2011-10-18,1.52103329059228,2.04429461163355,1.9423886015473302,1.85907671992228,2.1960406843949802,0.64314612445347,0.83724397052205,1.06427488384439
2011-10-19,1.17227464778395,1.7050363742814898,1.49828385889957,1.14110150154707,1.31402739347397,0.67772445286448,0.90868323088478,1.26829768561327
2011-10-20,1.4491610163674,1.9244756564446301,1.88244567300254,1.87695500836914,1.80963243631876,0.5932262521852,1.19870353408922,1.0264717743610798
2011-10-21,1.40003155456653,1.95567944916594,1.41606021869234,1.00523738183674,1.05274986647731,0.49003100720176995,1.19321448965598,1.09329265750667
2011-10-24,0.8008471710500099,1.57379741660831,1.59523253139879,0.9801239273643301,1.16262566175876,0.53970077940711,0.8540617681117,1.12227835874661
2011-10-25,1.46820395296498,1.9625282242510498,1.5253773728435198,1.13671398336828,1.4721866060707098,0.54880992487761,0.96575843149579,0.95590380601955
2011-10-26,1.7641085667684901,1.74412483257506,1.66414181651114,1.14486231903709,1.43131301869507,0.80912204366388,0.9502950111231401,1.2640648363391
2011-10-27,2.5723473249604103,1.21494328935675,1.92011344744548,1.9542335345966202,2.86266812832748,1.0620816233524601,1.13767899670733,1.32637209755746
2011-10-28,0.9293560371527401,1.5755829427707,1.7048807293986799,1.02444627135345,1.30062118139602,0.66251283139515,0.93725072535675,1.18759775139143
2011-10-31,1.5385775739341099,1.28791986077201,1.27637257203843,1.25409113086968,0.90315561301746,1.28457943738797,1.18374679334053,1.17691548050146
2011-11-01,3.1075600049933,2.32517473273623,2.5766207063516298,2.5347679006627,1.74152081342629,0.8207938358031699,1.27759531341461,1.22185921905307
2011-11-02,1.8043816758538,1.7206654436202802,1.87179553985364,1.49496610133006,1.79390142874211,0.77907713818295,1.14218145015098,1.4848121562840801
2011-11-03,1.58152977927353,2.71494188857699,2.8007537177566997,2.18032143874062,2.33717133803044,0.0,1.3130947692127901,1.6476194028078799
2011-11-04,1.24110474534827,2.05815789835425,1.9295490591747,1.29706309797711,0.9996887572517399,0.64746512597814,0.66180748622347,0.8803261841264299
2011-11-07,0.97213996938152,2.1348626641222097,2.0852964294023,1.51716582948997,1.64282707112921,0.43485129698714,0.88473124285454,1.2558733600610301
2011-11-08,1.11397046590383,1.8276701139923999,1.64777405148703,1.0837694796187,1.11004332506303,0.65319571156769,0.9503939536656301,1.0032270596400301
2011-11-09,2.43355905352756,2.45005161439203,2.4466831363423402,1.68677066947288,1.8003340548573201,0.8224961539794099,0.77028372545358,0.7964165776218101
2011-11-10,1.64323604830772,2.21076948145029,2.49743037657729,2.25563450180941,1.95006672019882,0.98110285064512,1.31114148318059,1.00411948190591
2011-11-11,1.36331531747134,1.75681362745909,1.59471277079416,1.02748893886017,1.1532098370236,1.03758747229715,1.1658332163671599,0.93061177856239
2011-11-14,0.8935382275896699,1.8371618104111,1.61822517620169,1.07842718002793,1.32081574626327,0.5997981504948701,0.65934937466743,0.5894003061212799
2011-11-15,1.01922805094934,2.0634472253263403,1.83903251239585,1.3125519625923299,1.56632669508567,0.51607056779075,0.8063028210018,0.71325246161917
2011-11-16,1.56184832070755,2.4432979957794703,1.750978956068,1.48788774364331,1.25272419072914,0.71743758285994,1.2679804585335601,1.41861150059944
2011-11-17,1.42576790494105,2.0618711404682797,1.54381700346349,1.39026660620292,1.30673462001815,0.7781377311201101,1.4736567947989099,1.21225571374895
2011-11-18,0.95956703571353,1.72905109138336,1.41073536116133,1.46711777546998,1.0920217069348899,0.61137669009865,0.98856684293816,0.82374204706678
2011-11-21,1.8136631797075702,2.13162610632024,1.71781169377728,1.45519807090134,1.46208669793278,0.4932865143887,1.08107537015926,0.8488793779311299
2011-11-22,1.11265790602592,1.8227929695503,1.63713611437778,1.47220509154906,1.3971278935537699,0.83067185007582,1.16326913436487,1.24150197607212
2011-11-23,1.4906681437607001,2.2228667825513,1.83569221343448,1.4812192920054,1.55312936413262,0.0,1.12279408898827,0.8070333518418601
2011-11-24,0.0,1.7559070170117201,1.6718418523350198,1.3265196732272702,1.65907574385258,0.5895864626017601,1.01595630737497,1.15365868597778
2011-11-25,0.8577135401734199,1.85722089921769,1.60601894239202,1.2741415314653999,1.56145434227709,0.77168602823809,0.9724340466997401,0.72409350497048
2011-11-28,2.81065475306164,1.2563657375111699,1.40424438498432,1.28833710135197,1.08017087203599,0.67391015428502,0.9685644132865099,0.83723403656844
2011-11-29,0.88718409435024,1.65498254678198,1.6394289945667,1.14738741516063,1.22433997341302,0.71244449475801,0.94163827265251,0.9564094831432199
2011-11-30,2.6624146045792703,2.7738290468258797,2.6244327317645197,2.41908448775895,2.1807767890978598,0.63787855360098,0.8145117344320401,1.00012382073821
2011-12-01,0.8288901253691999,1.65612995936067,1.52856349335838,1.0413024871986,1.4506871885024,0.8536535550834701,0.72677590430702,0.74753903205309
2011-12-02,1.05288663071434,1.4911321435235,1.33069820161785,1.5266123339093,0.9938138235062199,0.71323701112567,0.63400392236905,0.7863451086762001
2011-12-05,1.6306650635854,1.38857768560531,1.15557209977352,0.8284295887737599,1.02442661251941,0.41596053914979003,0.68019533068707,0.8486498101808
2011-12-06,0.71572501312818,1.3925525860925299,1.09200304986524,0.93573283829059,1.1454566781354,0.51729751654737,0.69550810772708,0.6791016239982
2011-12-07,1.10168031999305,1.82994095434524,1.53053098356779,1.2975162435303,1.31628676847296,0.65462373626157,0.69983722074092,0.68058923992576
2011-12-08,1.27993498147913,2.27732963480147,2.32397582610404,1.49814258875081,1.52832078551264,0.545687830178,1.04129577601851,0.7745554524770201
2011-12-09,1.09255067095032,2.06096392016939,1.8549514857019798,1.3757115510273201,1.65377432961423,0.7793096359721801,1.08739026871312,0.78594230025325
2011-12-12,1.44986186724011,1.61782639248715,1.5372790880842,1.20267616655523,1.19613578000827,0.58492146381006,0.68771502252817,0.8775059076528801
2011-12-13,1.35986723475492,1.54034832728607,1.5419300034327101,1.08430420931627,1.56668536193551,0.62249584451415,0.77311575880105,0.71892405686772
2011-12-14,1.14028623135772,1.68802921849593,1.47748498131689,1.38168453851919,1.32082217768555,0.67303513057006,0.85422332051301,0.73275153366326
2011-12-15,1.21738702042653,1.55800650396428,1.44596715783761,0.9851587058127,1.21751053871373,0.68996231984456,0.7527879974989999,1.04461885658071
2011-12-16,1.07747076573056,1.34656484046108,1.33884350930457,1.01770710299918,0.95745222353482,0.6942569691738,0.61003264856467,0.9113463569492299
2011-12-19,0.95176819023237,1.28628807090169,1.18583271274788,1.07292133032995,1.16958435264071,0.7248415647582299,2.61382651467766,1.06083823651817
2011-12-20,1.7796938843267398,1.29720539905598,1.26254203384877,1.05101848196975,1.26228503031248,0.47508714245439004,0.80084954107078,1.03424174323075
2011-12-21,0.84305446136292,1.98036448140563,1.84435710705492,1.36314634522673,1.41254525473168,0.38063499275561,0.58845412339602,0.74372488255285
2011-12-22,0.53358017986466,1.45638218454841,1.23674005089873,1.04574260156646,0.9472901839411,0.32974774097145,0.6200177320441,0.62564680967301
2011-12-23,0.47016208254757,0.76797074543153,0.65137521707149,0.84819050738553,0.53774639080699,0.0,0.45152635201132,0.34363064730448
2011-12-26,0.0,0.0,0.0,0.0,0.0,0.36585207256581004,0.6702229082743,0.0
2011-12-27,0.4620823751666,0.67199778668119,0.72735307508881,0.0,0.478393325141,0.35114135078971,1.02149457419459,0.0
2011-12-28,0.62354698418463,1.1461360045745,0.95118705821968,0.82759237939604,0.833142653313,0.46976424336279005,0.80772610692991,0.51809400155739
2011-12-29,0.55180295612782,0.87102821776236,1.13660698994331,0.76480665891684,0.66751529430779,0.46567490586357,0.79321955332586,0.44976154074438
2011-12-30,0.4142278119281,0.87279300711994,0.8065940821716701,0.71062815092517,0.48729685020304,0.31581429136079,0.0,0.41116882390264
2012-01-02,0.0,1.29248786040449,0.90457807704878,0.0,0.70767720457046,0.0,0.80385312145756,0.0
2012-01-03,1.74637957803136,1.06481609918191,1.0430321858260099,1.9168293610167801,0.66516740344187,0.0,0.6678743334096601,0.60764180427312
2012-01-04,0.6237555759236301,0.9003358051058801,1.0950302626156,0.77857006060023,0.78587499319907,0.5449994417111,0.5561738547460899,0.64000781419527
2012-01-05,0.80720491448376,1.25709010380004,1.22873749958198,0.9289484558421099,0.52262582362582,0.36380618333372,0.7358797987915799,0.43995597751157
2012-01-06,0.57866540186921,1.45228343682801,1.34890888468865,0.8074557352190099,0.0,0.71211358100897,1.07128189638348,0.83305098207563
2012-01-09,0.44431621248337005,1.1921471122923502,1.20535066310555,0.76695859508217,0.6989355561370499,0.0,1.02578289175292,1.29825054684294
2012-01-10,1.12884281254256,1.14905053161251,1.08289252219137,1.0803062724033399,0.5672602736454501,0.47550887039232004,0.77726265863242,0.7538467960866401
2012-01-11,0.63912259092502,1.09463380214435,1.26942473924766,0.73196208455529,0.79361014264724,0.44231727551233,0.68099167786306,0.66480839526842
2012-01-12,0.6407927472556401,1.16225772063084,1.1622260614342599,0.74490522369595,0.8457447303748801,0.55345705988917,0.68744175054539,0.92828921381258
2012-01-13,1.0224687688726701,1.40759759662731,1.4490646652755002,1.05358984608243,0.97687542454176,0.48713883238467004,0.73518322828486,0.63081311113384
2012-01-16,0.0,1.15107803344517,1.09580832529325,0.81177995767699,0.6959588583440199,0.61465135522088,0.6467076414922,0.53910372014467
2012-01-17,0.93690417049922,0.9531048081413199,1.06141376883145,1.27761865018126,0.6796417799496101,0.54249856326821,0.7743922812449501,0.99832388996943
2012-01-18,0.62232442526903,1.31759989659797,1.56054216683465,0.93915692174531,0.9174347405738,0.91003661116824,0.6966850138115299,0.98021588195442
2012-01-19,0.54525178098865,1.03687648383016,1.10373501010523,0.6867415103692001,0.6621756000225,0.6167350506927399,0.60790087752795,0.65662524294408
2012-01-20,0.42206072019547997,0.89624826375191,0.89373206750126,0.62062722633084,0.6247557318503201,0.59410414662105,0.6261689178689,0.79196897226223
2012-01-23,0.54422082718067,1.11954807702527,0.96857745647699,0.63166387575671,0.8292087116880099,0.46049244993261,0.0,0.0
2012-01-24,0.69994634744139,1.03193988096303,0.86375546270532,0.8525286161324599,0.74542058300992,0.55871899622826,0.0,0.0
2012-01-25,0.75972012460186,0.90232392721688,0.8726877872307001,0.74111210772873,0.68389224619835,0.62383759521547,0.92576928157926,0.0
2012-01-26,0.69883026342526,0.9614059748843801,0.89933120381264,0.8096523357134899,0.9412572455041099,0.5463145768079,0.68217904980616,0.70632078711667
2012-01-27,0.56566862320472,0.91640494451114,0.9880506862784,0.93462230135259,0.7804203223093801,0.62189203960565,0.6597439954045701,0.67297128678329
2012-01-30,1.10326139679089,1.00011429675312,0.8449896693422001,0.93971548727128,0.79817068138006,0.53448977862233,0.6783385084293501,0.62918342130885
2012-01-31,0.88891610426482,0.9960012664223,1.00182517779999,0.9866161479678399,0.8577606058826501,0.56737559618292,1.0494680439274902,0.79206980662685
2012-02-01,0.9250234531793199,1.03728444357659,0.8828704824209801,0.90290281908225,0.93787337457009,0.54956154690159,0.74423117477469,0.8711733318356899
2012-02-02,0.47015742436159996,0.7513779012838501,0.8471470466400699,0.6290822487412301,0.84702297979383,0.39659079907143,0.65591116435746,0.56054288064604
2012-02-03,0.98308668457505,1.25241451269218,1.12094799899237,0.82392889759629,1.12504715983775,0.42931487329683,0.63378741173215,0.6133425437566999
2012-02-06,0.60185033099987,0.8717214356497299,0.99969999466292,0.7019341462134999,0.81220976649749,0.39825720209342996,0.70217966620198,0.79248260162321
2012-02-07,0.5461033924642801,0.99337753303605,0.85873817672111,0.58588985941377,0.9011437945350901,0.45109515894312,0.69081272980086,0.76400935719696
2012-02-08,0.47299773340066,0.79148998799842,0.73476424272198,0.6881722622267901,0.67787305100313,0.47552140213576005,0.50305408926758,0.63625777679215
2012-02-09,0.56823449942992,1.10858833293021,1.06345263744653,0.81461180073727,0.8508217236423201,0.59399407187655,0.84623279977136,1.04903489142449
2012-02-10,0.96741870912821,0.88810401412246,0.94534280106536,0.72271058512823,0.71809352841016,0.46866427102788,0.8116504068613899,0.7422946657749799
2012-02-13,0.68487701184769,0.97982929564144,0.84644056865147,0.9443723169871999,0.64706908450246,0.5711253409932701,0.63680468837154,0.68925511538697
2012-02-14,0.5631840401669,0.91013597075019,0.9210225382496801,0.73960107943301,0.7803477416007301,0.6535190852166,0.62975444236131,0.6551629490903299
2012-02-15,0.7345321832359,1.00422863624624,0.9307148001744601,0.67118848338595,0.73399975746168,0.73146746329887,0.7037575811004201,0.87030065672679
2012-02-16,0.54845935275762,0.79562348861211,0.92333988290824,1.03174390151044,0.64404252757506,0.65038853519169,0.60384761420002,0.63443282907878
2012-02-17,0.45734599940631004,0.7110138002481,0.59586248540635,0.59968061042946,0.42756439165106996,0.75129194185876,0.55399000667134,0.60186032626678
2012-02-20,0.0,0.63459826705753,0.6279801528682399,0.7163942841473601,0.51064713894333,0.44928401178957994,0.62199186438178,0.6612424618056201
2012-02-21,0.54705256514151,0.90087983521592,0.85896791302671,0.58727830559843,0.7916717369634699,0.86648042166978,0.8062875140358601,0.98645863356238
2012-02-22,0.4954914937624,0.93032568608026,0.6729198761929001,0.47425022812204004,0.90177057168423,0.65586979737143,0.6166943548971601,0.70008264910647
2012-02-23,0.44651225389775995,1.1552045836894,0.92368446506214,0.56700235170677,0.67750662343195,0.58843250492383,0.65249809052997,0.52716145106071
2012-02-24,0.41144597161645996,0.90512285073177,0.65711707453326,0.62403775802245,0.6580467404215801,0.68354320159493,0.72566121123186,0.74053457226855
2012-02-27,0.8295889345951799,0.8464440077452401,0.90363025750585,0.7368050864562,0.83634216169767,0.6149296707191599,0.69537348656069,1.22853093822825
2012-02-28,0.5081206361552101,1.18935972459596,1.0481788123860298,0.6482164905304599,0.8378698263849399,0.89637035107908,0.5589712782821901,0.7469735575960901
2012-02-29,0.66602159103763,1.29138713603163,0.99734484691207,0.62980082626223,0.6606157340105301,0.8842253301531899,0.45231923995173995,0.78976448343866
2012-03-01,0.74363769481645,0.94237513369672,0.85823294667679,0.5516274571427799,0.69566223837442,1.06497816655788,0.0,0.70209701491563
2012-03-02,0.49792413311721,0.72213189850766,0.62550742097543,0.46083735000426,0.64486122935849,0.8913824450859399,0.39449528222489,0.58588159935775
2012-03-05,0.56641786360929,1.04497557922709,0.82055438118771,0.68363213944127,0.6869053520799,0.7178816611175101,0.55859224678895,0.78011355199171
2012-03-06,1.1367602551254998,1.10227133132772,1.02176990725554,0.7407760990525399,0.97748591031931,0.75975206574191,0.83799622929171,0.7111674187657301
2012-03-07,0.50047818227689,1.00237567935779,0.9679206642938399,0.5502480409664899,1.02482599516259,0.64524716699048,0.8039976747003199,0.6602997815391399
2012-03-08,0.7966403339490301,1.2012204406673201,0.9584012628963299,0.79178455591059,0.87362005399812,0.64370557715997,0.81219930771274,0.5869065209877
2012-03-09,0.47582833046271994,0.9447997722969,1.0240895207710101,0.59553289145079,0.79493615600395,0.9053297490239399,0.70712551141895,0.9376703768473601
2012-03-12,0.45034580696494003,0.89034184677319,0.7652340124536,0.57522025648377,0.61006831572589,0.7588529946236701,0.6501263675426601,0.87730226019753
2012-03-13,0.6744135061320701,0.70059891774755,0.5467105450426301,0.62581776035411,0.44655417826891003,0.8756489010370201,0.54911967941173,0.74462031212547
2012-03-14,0.46675524597321,0.62048494819764,0.55912239220675,0.53172095848907,0.44523340672158,0.51740680846624,0.43619405545748996,0.88579514563292
2012-03-15,0.49225507670645996,0.63920084556832,0.6304745407793401,0.53630399823498,0.58596466080665,0.64952051132328,0.56164446275948,0.8555667310964099
2012-03-16,0.38376216568224997,0.65680587159157,0.55487107654907,0.42182661585305004,0.46120519878653,0.5982212807410501,0.59623694562859,0.6409147844390001
2012-03-19,0.40789832259261005,0.66242749251289,0.6325987270094601,0.55156188472821,0.6347291061909099,0.33187810541352997,0.5951886915410101,0.9428303542822101
2012-03-20,0.74708486584567,0.8212480380842401,0.77517954322898,0.71090660079348,0.79439780718874,0.0,0.56251069988099,1.2098273284217
2012-03-21,0.43749866281224004,0.9128537969658901,0.8746704028926799,0.61244277967867,0.8812957283210099,0.52246812261499,0.69373540918599,0.8043293258006
2012-03-22,0.80959133911048,1.15603159759541,0.95765416204919,0.76113431683285,0.98302218852302,0.65137171759688,0.69800437346261,0.91611149941088
2012-03-23,0.42694685772495,0.9937471852526599,1.00822235347218,0.70909528621455,1.00394228706833,0.37096100506132,0.49830492816141997,0.61981930491725
2012-03-26,0.8533136635783801,1.1569734471045499,1.145632572864,0.79724032541161,0.93229814948064,0.43440567098585,0.72714988654853,0.76538811156429
2012-03-27,0.38060748752029,0.81297708569429,1.00284970175096,0.71088790046803,0.7559641499441,0.55195374347891,0.42825092365585,0.6026024483628
2012-03-28,0.57823590212286,1.0532752347938301,1.16793873382254,0.76647202936103,0.9139484854187699,0.58470425863992,0.44724031538631,0.62900065375131
2012-03-29,0.80764530126909,1.0873324100274,0.9535473725149899,0.7354105936416799,0.9265163151073299,0.57512536365178,0.61409977767729,0.6533491097202501
2012-03-30,0.58407655410724,0.83300100377471,0.93275786673051,0.6636353011570401,0.77075216575562,0.7076384107505,0.56684296327755,0.5653725680208
2012-04-02,0.47370985826407996,1.3986980239966,1.36561809248632,0.95204921723023,0.992010603969,0.57181810214924,0.47515080535793,0.74883433242198
2012-04-03,0.73493022998077,0.9401584420010499,1.1154917796806,0.68052944318641,0.80826419343876,0.44840333318636,0.37748775211776,0.61826895349998
2012-04-04,1.0217241090695601,1.13446543279775,1.14171351124001,0.8160533431415,1.0157264037254299,1.24966298187151,0.5564979757587599,0.0
2012-04-05,0.5372749647606699,1.19862865000841,1.17156883780339,0.82761707041073,0.74569388917589,0.8095452913041999,0.8473113376198599,0.70641173996169
2012-04-06,0.0,0.0,0.0,0.0,0.0,0.65149717299972,0.58727356926839,0.0
2012-04-09,1.25022763888221,0.0,0.0,0.0,0.0,0.53119419548347,0.53295399701241,0.0
2012-04-10,0.80743704133194,0.93904436101622,1.1608102003613598,1.31149633266166,1.08355765426672,0.72621624225648,0.59566211716337,0.60118001204734
2012-04-11,1.00394204672879,1.17284388883516,1.20931363636899,0.8253986107587499,1.00280329363938,0.80626281270517,0.0,0.6206385362391
2012-04-12,0.48187785330842997,1.24248461143548,1.27593425781934,0.93979541842464,0.9945842449406199,0.5901137318672199,0.63776019913032,0.57248617387663
2012-04-13,0.72397014200107,1.25667254108339,1.4445068980441,0.90754730873526,1.03414468536273,0.67327645000156,0.8043095572861,0.5351195881286
2012-04-16,0.9823830564412,1.2279034123508998,1.33162964565039,0.9091119217560201,1.09448212572796,0.5692744893081401,0.53305335016961,0.582667815927
2012-04-17,0.83879218035833,1.0183118211225801,1.04533132938652,0.6949110635158401,0.86640895020459,0.52750689268546,0.50008875399781,0.64986912910422
2012-04-18,0.67552838762864,1.1202511035165201,1.22311228053601,0.8352550521598501,1.04270120733554,0.53527581230396,0.41714324014671,0.5540889056366299
2012-04-19,0.9094093453320999,1.6815575334025799,1.7285130067809702,1.12331549208581,1.02676890664014,0.44840583174812,0.49926290315737004,0.56904800693534
2012-04-20,0.63482956540877,1.1994950806593498,1.48861114136802,0.79926945079371,0.99717244657591,0.48609383515036997,0.56552118509655,0.6451123765885
2012-04-23,1.25448696593627,1.19518833351861,1.21478101980892,1.05738969343804,1.16569347412731,0.68459723257576,0.65118756844982,0.70079775909364
2012-04-24,0.5622883762853901,1.10631768745374,1.10102115249163,0.7676002404271,1.04044845944477,0.7998656420171699,0.62516938540004,0.7459944932540801
2012-04-25,1.15296719468465,0.94262736355501,1.21682170477436,0.7592293384976699,0.78707570252258,0.50860318293472,0.5602636459589501,0.56070104474829
2012-04-26,0.47551523232719,1.20373580895394,1.38516791824204,0.79800655916641,1.03979226500825,0.58805855576402,0.65823636426649,0.58848655990778
2012-04-27,0.5273465856992999,1.23320897606164,1.61131800258049,1.02036340950614,1.02604735763657,1.2180106708576,0.69873065545045,0.6418319143957001
2012-04-30,0.49030352701961,0.82754222483357,1.16503980491269,0.60709479373735,0.43832377743984,0.0,0.42003467078905005,0.5850351690848801
2012-05-01,0.69485957285366,0.0,0.0,0.5373593011807499,0.0,0.67946261055405,0.0,0.0
2012-05-02,0.7178500452056,1.21146635914044,1.20477539799084,0.71080407778722,0.93151681489202,0.6423520233758,0.49289141647964,0.53736001730962
2012-05-03,0.63329652709602,1.36762144599154,1.49748144900128,0.86865693082133,0.93449778356,0.0,0.32193332319657003,0.6248262430703
2012-05-04,0.84376748500856,1.35940437340954,1.42442252657348,1.0114134442654898,0.99356169703518,0.0,0.3701146110028,0.49857554752913996
2012-05-07,0.67347025177803,1.97885537035529,1.19486820915069,0.0,0.85599248442939,1.07981469459301,0.44916603819295997,0.6296819243255201
2012-05-08,1.01178841421267,1.31521314531447,1.46858214353538,0.94751649752325,1.06588207392656,0.5260363256476399,0.393142692515,0.63946307588747
2012-05-09,1.3665286603214701,1.50580775804848,1.5560120659747398,1.0502272070171201,1.16021654367148,0.6894119188719899,0.45371906867968,0.60275104117428
2012-05-10,1.01525545715795,1.48614200234836,1.53007189219526,0.87839092013844,0.90122204968957,0.7433646724920899,0.56656681288275,0.7709381585618
2012-05-11,0.83650475593284,1.27845575879691,1.3601979357273701,0.95778063516016,0.73276188417049,0.72130331430276,0.6966696457575601,0.78267367459053
2012-05-14,0.93503707952844,1.18143011899858,1.32660454365081,1.54708377747134,1.0541297498059699,0.71034978643507,0.89370694713596,0.97193927914009
2012-05-15,0.7894520291287699,1.48177054086859,1.51990635319614,1.0857959941314899,1.15518649734274,0.86988940351883,0.72670288809601,0.71609445789592
2012-05-16,0.8888648928044499,1.3562957083995302,1.51733627254079,1.3825418674463301,0.93974189947257,0.8554989674543,0.9780586954311299,1.01140328774579
2012-05-17,0.9272733727586799,1.23175592941621,1.29665206184735,1.01508300658616,0.0,0.9341077458392599,1.1762935788076,0.9885050611097399
2012-05-18,0.9373869869297801,1.26924095390552,1.52366671804203,1.39370955275803,1.09374207043708,0.9695384405002601,1.15438728091096,1.1533721060126199
2012-05-21,0.73753194438978,1.08348387833229,1.38483865492554,0.82233008703045,1.17830179612822,0.8983011495481599,0.8705620468275501,0.9528363363791099
2012-05-22,0.92770366189624,0.90653718116003,1.46865177543793,1.35345607462118,0.97090330640556,0.56032278127545,0.69065534068389,0.63543534972837
2012-05-23,1.07938001159925,1.19873251328726,1.33008296737008,1.5366822939456202,0.80720232415466,0.91573211217882,0.91833061808217,0.96431986020775
2012-05-24,0.90007773407708,1.5332483142834301,1.59762987943359,1.5467367746846898,1.2827342581326,0.89651612675153,0.7493027288234899,0.82254695931654
2012-05-25,0.60109379376083,1.45166169740508,1.36277682058435,0.9404552770578599,1.10635730558621,0.69766018474517,0.72054420214489,0.78672465451814
2012-05-28,0.0,0.98244540348465,1.25313013786797,1.29371256252306,1.0479457152128602,0.63831532156113,0.0,0.8535776705461
2012-05-29,0.8349562161266499,1.30097283855889,1.54307156340592,1.2099917536615599,1.01157948491554,0.87613099625994,0.66291428229272,0.55183993140051
2012-05-30,1.12251617571685,1.7974270751415702,2.0806414834206697,1.54153217284006,1.26255449934884,0.77796202513144,0.68925914663418,0.93602585278955
2012-05-31,0.9363906796069099,1.17505866558099,1.30619548490798,0.99791080072462,1.20338826890949,0.78452675128808,0.7367370186960001,0.82887763979839
2012-06-01,1.4955584309899,1.7647649267146002,1.8085866902327299,1.20526866169041,1.55512919471759,0.60405469827802,0.78932633007352,0.8695232205239499
2012-06-04,0.84960012338518,1.14841559160479,1.1600041494817999,0.0,1.01785210567498,0.7686529453284,0.71085825623739,0.7310323921802
2012-06-05,0.73410957730192,1.12129130787052,1.11455663785291,0.0,0.97418991188361,0.71099676736385,0.59627782456805,0.6160143506311
2012-06-06,0.94657214680994,1.14482339536323,1.1584712224941098,1.17261173191896,0.0,0.8417066419710499,0.0,0.72062329182785
2012-06-07,1.19726779106555,1.28469408997589,1.22262545126338,0.98332714012083,1.1439516603895399,0.61346769111345,0.52909659222744,0.70801617997014
2012-06-08,0.70438117431314,1.21888632526171,1.2483861164235202,1.12022706251679,1.0275190394075402,1.11517877289473,0.61337125011345,0.89458585949433
2012-06-11,0.9155297201019199,1.25173775115037,1.11793642172218,1.7819257985205201,1.01346517261176,0.71063891240478,0.35476488393955,0.53389679005065
2012-06-12,0.9090218566876701,1.7282630780228398,1.51465941193622,1.1870882680794999,1.24163336232238,0.73616328098697,0.48399772427354,0.5799317980477501
2012-06-13,0.92414448347512,1.3895145548928198,1.25999751221302,0.9464903053772299,1.16810190129928,0.71926690788331,0.60017815194934,0.62210910801541
2012-06-14,0.94423701981435,1.4299468138728,1.26962672216325,0.92686237041431,1.00657543317428,0.76927693131069,0.73860105856661,0.5479391258405
2012-06-15,0.59770004284655,1.13276177041291,1.09331882451003,0.9059639510193901,0.7493044640602,0.59826743817467,0.77595589167502,0.75316699377624
2012-06-18,0.84895715833208,1.25177698440776,1.34315007884524,1.6489080680059098,1.26347413399087,0.65423353142548,0.48267888526267005,0.6817615103036
2012-06-19,0.76230763198408,1.26992472939028,1.2939410771159499,0.92676857423643,0.9737074890050801,0.60126548515876,0.5032051323283,0.6216564349425601
2012-06-20,0.8749891468032299,0.77708047106908,0.86247991841504,0.64791929659807,0.79572709907356,0.5339516430794601,0.50116865888398,0.50360939775512
2012-06-21,0.82271633444509,1.14278962386915,1.18839158880227,0.8589769148078199,0.9001712182671799,0.70376422956322,0.52006673321353,0.6711561138561
2012-06-22,0.6529866126341299,0.8634106757712199,0.93190210570006,1.3556788615590298,0.0,0.6244191434931401,0.67723663468834,0.50178004697261
2012-06-25,1.3298840913624699,1.01632505970038,0.77569417632088,0.70102063944999,0.81454942685836,0.60670587436478,0.87755513863643,0.6783296649177101
2012-06-26,0.69713786461862,0.91291029998192,1.09591542164895,0.85459527439622,0.9924891691181701,0.78201716281167,0.72282289634452,0.64867154584259
2012-06-27,0.64309930073251,0.88417517772877,0.85363752279858,0.71486936311682,0.8229981651823599,0.63878770018064,0.87308305606377,0.68817646130806
2012-06-28,1.12808977841038,1.59226007504992,1.4533837011883601,1.07080797334629,1.21681025621417,0.62462344647113,0.8424660224134101,0.60982076498585
2012-06-29,1.56429262581525,1.00765875666566,1.02573066668692,1.75612378735782,0.7816874964944,1.54468286484831,1.10394173789109,1.32207019562994
2012-07-02,0.7136581229203,1.18312242123459,1.1947605750308299,0.7823189553530501,0.9726822124306801,0.66542603555188,0.57023336175136,0.0
2012-07-03,0.38438331837678,0.89405206365274,0.75357726129338,0.5672688924017599,0.68542055088045,0.46150584417747004,0.48758525332517,0.73734271384065
2012-07-04,0.0,0.62136601379721,0.67839239831951,0.46775623523074,0.54299239499509,0.49406743260029995,0.5021040226281099,0.55661147492131
2012-07-05,0.5777096174780899,1.30536396526869,1.27823108191124,0.8877002189607199,1.08676447318266,0.51325404181366,0.46820868919271,0.77123410402197
2012-07-06,1.01670422834814,0.83577403893344,0.8474373428488601,0.6956966406981301,0.6824777630346099,0.56538278745727,0.5664742458331,0.66329916151939
2012-07-09,0.49625548995463004,0.98787849277457,1.01493543216551,0.68759889989778,0.72185237978673,0.53884372174309,0.5725822000813,0.84006201298427
2012-07-10,0.8755190522602899,1.08604739951578,1.00520380733113,0.61490404909501,0.7852914639147,0.59111459268794,0.56934265000005,0.55636716057225
2012-07-11,0.75274308413892,0.9847302654425599,0.83150812986483,0.89637399555477,0.68037800478792,0.51000674307115,0.57572917360855,0.61094594022641
2012-07-12,1.0040724438669701,1.29663818415585,0.96621414647111,1.11313867588634,0.79659185273083,0.8849673417278501,1.0845090026878499,0.75599302720174
2012-07-13,0.7076204790356899,1.01954614982402,0.86196930493128,0.82038734043201,0.59746013558458,0.77498140058521,1.11196732709239,0.78390936561454
2012-07-16,0.52410550691452,0.76714615049892,0.74426641767806,0.5755191521345601,0.54212074264419,0.0,0.6903246022095401,0.63502828033539
2012-07-17,0.95238590800009,0.7977470816936999,0.9693781495460199,0.72458743539107,1.01601551216406,0.74763659420114,0.83933792358426,0.50126799909271
2012-07-18,0.53311887441078,0.77524893132073,0.70686542718135,0.7055195045327199,0.59210363144071,0.6901746679061299,1.05842848614679,0.60816672050169
2012-07-19,0.59991546634753,0.84855168722709,0.7967524779945201,0.50108319166306,0.59745210902986,0.6981383009072201,0.61614000652375,0.6976099209782599
2012-07-20,0.74288614465306,1.0210995939941399,1.08521893819219,0.67417587848549,0.8638786154162701,0.8027350546024501,0.64501171331426,0.66498845635735
2012-07-23,1.6680400354271998,1.43784224881486,1.3151287193624799,1.25468940187681,0.88361732251916,0.63858387193744,0.70052297990627,0.61425593614538
2012-07-24,0.87491040899852,1.2588341170213802,1.06042003014277,0.79890028771847,0.9521743822084501,0.75070756824485,0.8479078288705499,0.81490233780054
2012-07-25,0.77320004360536,1.21784001865885,1.14397274487681,0.70704304386965,1.0388619671193,0.8811772932361,0.88994890715177,0.9257219478198501
2012-07-26,1.7488154357613,1.61447882214292,1.66464741013074,1.0081374873775801,1.14801368446025,0.77999859438595,0.77656437354966,0.7166518599343
2012-07-27,0.91339974390252,1.35721603383728,1.4047492678663298,0.76698447815328,0.90098260019724,0.65441157467083,0.61352181767491,0.53173185922664
2012-07-30,0.58568871745853,0.90973521577597,0.9515078544235,0.5464428874668901,0.33197724818911,0.57516596312569,0.47283028472772,0.5171125316724
2012-07-31,0.5913483752378,1.10692535661082,1.06111338304631,0.64871774458653,0.77475972338309,0.77754309531043,0.96494076320268,0.73686022855981
2012-08-01,0.82724770377686,0.91365733309602,0.91421555953044,0.6671626746371699,0.57456262354314,0.66991223224966,0.9305721367416,0.75647519118724
2012-08-02,1.13940571445425,2.23089496697222,2.1694909518735,1.21719539552407,1.4434451448579502,0.65604537007032,0.60629406678502,0.49897646882973
2012-08-03,1.44797920124185,1.07406698992055,1.26801930021392,0.68069777227969,0.77170842341152,0.54492584035449,0.7499277767131,0.7010297732974899
2012-08-06,0.4351861566916,0.73753066074541,0.78716686875652,0.58814050091185,0.48538147263012005,0.54185338701548,0.5381519832424699,0.42213787278098996
2012-08-07,0.58233702281873,0.80938402566922,0.93786847693093,0.70863975425101,0.63237868377605,0.61736873177009,0.54721528115583,0.59149083631055
2012-08-08,0.50734232637833,0.8257321227079201,0.8555852226378601,0.73043876305708,0.56643592411302,0.94584792693119,0.64896186963813,0.52755887830857
2012-08-09,0.42846788529643,1.02208513897864,0.9109536417866301,0.50119500444139,0.5321506355004,0.84785796529419,0.885342235193,0.59060805419177
2012-08-10,0.62428885789785,0.77711160624243,0.85991679976539,0.54363835276573,0.52300255506073,0.6380104234845,0.6354093469309899,0.70998731210645
2012-08-13,0.46323373613424995,0.81881630918283,0.7714587003882,0.5338930075057601,0.55911253690478,0.41593251470729,0.54362217569849,0.5511774880410201
2012-08-14,0.48636835113674004,0.6495195441242799,0.70319933516474,0.6918903645106,0.50915052858009,0.62257678764281,0.83548859144117,0.58761738368716
2012-08-15,0.34318394011008,0.8092608063422401,0.57927426023644,0.7137325792951099,0.31470213776662,0.52847116317483,0.0,0.43837361889382004
2012-08-16,0.36640607289097005,0.63201101701581,0.6374888917206399,0.44076717783221,0.39233260828135,0.65407148294486,0.62181971035195,0.59430928670035
2012-08-17,0.26460899010475,0.6603287853886199,0.6835743542917401,0.43299911044844,0.30865810387235,0.61291560115038,0.72591322630936,0.50352353160977
2012-08-20,0.37480208254612,0.68140235398463,0.81860707466315,0.5009304403958,0.53197483437256,0.58369835159212,0.66964204161702,0.63292687485554
2012-08-21,0.58250033355082,0.6423749634893,0.70571740918837,0.6008379326858301,0.42638680546416996,0.50143192761342,0.6060589332548401,0.66912562317685
2012-08-22,0.60900929399524,0.7103306174919699,0.7142948988051,0.91790147874087,0.61194155626346,0.63619749693376,0.83367121329285,0.53822792353731
2012-08-23,0.63126323609648,0.81047935422685,0.84817962382998,0.76682940069027,0.73396280356598,0.6714900778210899,0.8195270718081601,0.5683858277664899
2012-08-24,0.51864501948811,0.88991421623927,1.0261199406775,0.58195849440443,0.62959271849385,0.46816065637714,0.6115010745919099,0.39106333334418003
2012-08-27,0.41472362665806,0.69380607169276,0.7071797942852,0.0,0.40757647144226,0.42782714389124,0.6250396131411899,0.6199192136108
2012-08-28,0.5053515320568,0.8297048001565799,0.90075675138167,0.56544434066003,0.71155733784834,0.89135052596974,0.54662877370661,0.50162519051414
2012-08-29,0.34698950357924,0.74390886033697,0.68246231918804,0.46802704797652,0.53857535645083,0.51022456702166,0.4084568270242,0.38162751790967003
2012-08-30,0.68960080328934,0.65596282582242,0.70694619551543,0.5798061726877,0.56986232555127,0.6681123821307701,0.72560600435821,0.52900391018841
2012-08-31,1.06182888404064,1.15330059060593,1.1754406665782802,1.09793511666081,0.90364254858896,0.6018393288453,0.58356958667008,0.46165287578212993
2012-09-03,0.0,0.74596770058811,0.88328787715451,0.6020550981182999,0.6097902133494,0.91104308796116,0.9081307453941799,0.5988201653104499
2012-09-04,0.54134857002796,0.75110729666246,0.8602810192646699,0.78048087882935,0.67818690366483,0.90814332142951,0.49335837122009996,0.47198140227082996
2012-09-05,0.44247414043086997,1.24135313729494,1.40979533572501,0.7900264777891399,0.72838608180743,0.61800883640266,0.69408737854467,0.61934760302921
2012-09-06,0.87534150371428,1.14183895426281,1.3408861874301599,0.88078073891256,0.8784416545493501,0.69065337923332,0.57277890780507,0.47019710860793
2012-09-07,0.33669564474575,0.84222186571299,1.03086185544911,0.6227979730889199,0.7118663194248299,0.73947348352944,0.5434085039648,0.60562089069099
2012-09-10,0.33463746978111003,0.54686244299188,0.67215228066257,0.47348426176558,0.47576917763987997,0.49355155541593,0.45681607555203996,0.5369310770103499
2012-09-11,0.38768485751422,0.69746796436006,0.79990176113897,0.56608905431137,0.5094287459290701,0.39717017590864995,0.60023009167009,0.75396463344469
2012-09-12,0.51007781654567,1.13812979238266,1.2062172786281,0.7359664857356,0.7479478188603099,0.72034633861234,0.62205319094917,0.52908523700182
2012-09-13,0.77622655081096,0.6212219959266,0.7407803847908,0.57838663865729,0.42942291341559996,0.5252669448830399,0.89127145205744,0.46311418506497
2012-09-14,0.69412304722671,0.75412858384039,0.94052276490439,1.26438598392184,0.68126528911665,0.6741391252308,0.50125241341506,0.46696267123352997
2012-09-17,0.38297269594411,0.50257243380349,0.66613959115406,0.59022987200999,0.38238515045905996,0.0,0.50263366966604,0.5224185776852001
2012-09-18,0.43055462575645,0.74306981783788,0.90512110435149,0.8192667386074,0.55890134419966,0.62429720299725,0.40336723678701003,0.47031117554503
2012-09-19,0.48882133765908,0.6295073591889,0.8503476192580999,0.54714918870709,0.56662389572289,0.87115387183,0.61055071618282,0.63626789157528
2012-09-20,0.66453798348848,0.70548020255652,0.88552403407654,0.9005952164864901,0.53326586492202,0.72703405878505,0.49663463278032005,0.59537668123041
2012-09-21,0.55147749346481,0.8330491559190399,0.85320258148801,0.78673689512927,0.5492382763947,0.5572493130466001,0.5041147771543399,0.54001017101417
2012-09-24,0.5854088173208599,0.54989008562263,0.61606254149799,0.78113697496824,0.5325175448037299,0.54063584157361,0.71218816512494,0.698191756401
2012-09-25,0.585072456527,0.6534923377740299,0.70325722469206,0.47074940206337,0.60417358135614,0.66838770532995,0.55866328514884,0.48767787680164
2012-09-26,0.59932374953512,0.68580321461643,0.8559682604911399,0.9555759805157099,0.57420156524168,0.54201335995072,0.57867966340898,0.45678616515951004
2012-09-27,0.5802798011461701,0.69417774734232,0.7905074890521301,0.72694273821229,0.63516583606525,0.71013057194301,0.61843726991793,0.9912815734976901
2012-09-28,0.63788927590822,0.83501689075813,1.09638875334071,0.7153874905548,0.73717649373505,0.9860961387760501,0.47536218356660004,0.42902778209973
2012-10-01,0.95856029620309,0.89001656070678,1.1866933844451901,0.7686373888676999,0.79207832051446,0.63586776098022,0.0,0.0
2012-10-02,0.7059795221303,0.9180316747789901,1.06544123956743,0.8745350688860299,0.66773701331136,0.50033782452638,0.36663593823735,0.0
2012-10-03,0.56018456552944,0.9761498542480601,1.00754599841595,0.6497000892265901,0.5423109934058501,0.55141912103776,0.0,0.74629747813363
2012-10-04,0.59657978029147,0.92720502093529,1.10825565829956,0.74385879773592,0.52590093315639,0.83961127283109,0.6073985136000201,0.48189502362354
2012-10-05,0.63799826381696,0.68083113636647,0.87151070844845,0.63301296434853,0.5633759522638601,0.67284269191049,0.46323447522209005,0.41865668748616
2012-10-08,0.59062278171183,0.59293133075883,0.74287748178629,0.8424919993175701,0.44237422775809,0.0,0.44469684703947,0.45511647104305
2012-10-09,0.56345574904973,0.8465589416313901,0.8939966604194801,0.65511700167371,0.59195586793403,0.58681034278208,0.40770284030967996,0.6017217231183201
2012-10-10,0.50289833233657,0.6346495738086201,0.76522546113196,0.54072685695848,0.51754556195264,0.6044076838159,0.46437558816075,0.507532886039
2012-10-11,0.78352240563231,0.72026003868585,0.77529124861461,0.48115447431455,0.50652091401289,0.8411220004566501,0.78060221824107,0.66560678894881
2012-10-12,0.50329016116716,0.8214212772112799,0.9774048678681001,0.6023141277134799,0.6135131319438101,0.82813038490758,0.56961003706542,0.71173944152382
2012-10-15,0.5652696250870101,0.73565244374314,0.9053408892671,0.46769486222628,0.52606990228535,0.84955326467295,0.70508359051265,0.4609158340779
2012-10-16,0.52775313801692,0.89792251320062,0.94685498013966,0.71295186511147,0.56862899403906,0.58819310820438,0.56080612178675,0.44925871054131
2012-10-17,0.39679984926725004,0.5017637881626801,0.7563158330024901,0.41129955793858997,0.5542954798848,0.76663135340749,0.47989973876855,0.34505502325603
2012-10-18,0.59505942886799,0.5376409144665499,0.63923468792358,0.48791567331151,0.48806662759186004,0.7956333988888099,0.45584583601099,0.45652686503329004
2012-10-19,0.77580002133333,0.55032685981802,0.73154685894462,0.45269057575437,0.48744555661849,0.63260233700326,0.6416312113980001,0.34650184041289
2012-10-22,0.64647172328715,0.57526129485769,0.8184741319131,0.56361286498013,0.68680716364338,0.84321916230945,0.70295190701794,0.56532792580657
2012-10-23,1.32874609665127,0.83384099239488,0.9076523359427701,0.71533832901432,0.69720651689212,0.68171150927133,0.56790047792416,0.0
2012-10-24,0.73687412718135,0.94815061780048,0.98386503702853,0.73922317924614,1.05880978271122,0.8215059190220799,0.7702885882975901,0.55932848090709
2012-10-25,1.04081080483966,0.83365486803432,0.9185390136979299,0.58416045792472,0.65409038819333,0.67379383253481,0.61479681775271,0.53968880458943
2012-10-26,0.7934909021105799,0.9290345801430001,1.0191629315919,0.81742546969469,0.66426014810667,0.9779068328138,0.7786618395434199,0.65915359192795
2012-10-29,0.0,0.52769656255488,0.6734145620093099,0.57778459096302,0.47145683284218,0.61331580474729,0.62058769954816,0.57995651342453
2012-10-30,0.0,0.5786079569545499,0.74327222849638,0.63140350411759,0.42544718679228,1.26015291135203,0.8336061795042,0.6151222756957799
2012-10-31,0.7308016495004199,0.6884912202815,0.7499144454269601,0.60432211754523,0.58472176587041,0.67504475492035,0.5401529905536,0.41190026140340996
2012-11-01,0.6116394437967899,0.67527370041262,0.8459463043245199,0.52056836627647,0.60003143486039,0.71860872014264,0.69354431446084,0.63948608850853
2012-11-02,0.67204418181775,0.6583109141814399,0.90144118342282,0.59995328791921,0.30805971674253,0.46898297906315,0.47573175999043005,0.3507362513562
2012-11-05,0.4921327665239,0.55025883952093,0.61971319145708,0.7662695790454399,0.46156056245991994,0.48820139105076,0.5368965807474,0.5203826205976
2012-11-06,0.64196459144253,0.56624451860252,0.63941892183148,0.40321083787851997,0.47033040964387,0.3827188003584,0.39238757116626,0.61364411913951
2012-11-07,1.6620296010492701,0.90670684511396,1.05042209810437,0.7209667768938199,0.64390764037443,0.8526513167544201,0.74562066688303,0.8743927974521201
2012-11-08,0.8169184403293099,0.83454021797867,0.99654067171906,0.82238426482781,0.77741208347212,0.59280699769118,0.65517883950725,0.70369195924887
2012-11-09,0.94306727065941,1.10683803374342,1.00421591320592,0.67143971372916,0.75270922668608,0.45143768075523993,0.79761656532017,0.63363914831664
2012-11-12,0.48499528124978003,0.7040378755596299,0.7618565547415,0.51524141239468,0.5762782759617999,0.52013165402851,0.55948612000794,0.5912820127426001
2012-11-13,0.94005924804454,0.92741942270339,0.83490576592944,0.8090759771235599,0.65228509652921,0.54649330287801,0.55676391771029,0.62818053772532
2012-11-14,0.8861520861410901,0.76856683651888,0.84180402273617,0.7153364041364401,0.65958337598196,0.46558589612502,0.59311212075883,0.5474409483150999
2012-11-15,0.86352761102485,0.75953023499909,0.85532055385905,0.8014839380895,0.5010031332232,0.64144026025489,0.54054113245165,0.5267517540457
2012-11-16,0.9474212950138801,1.0305523514460502,1.0971573438377,0.7506465363097501,0.78110411481267,0.66851344416015,0.6812649181528501,0.50190716818792
2012-11-19,1.29730759859525,0.58605856337819,0.67734181250707,1.0454077660626,0.47249252658013996,0.57812946408234,0.50208511486696,0.75532432249186
2012-11-20,0.7891280510096,0.76342752784801,0.7900381694096801,0.7428734660802601,0.5362789232317,0.59113746356691,0.35474825560157,0.57115767721197
2012-11-21,0.36442665622507997,0.60383940674211,0.66631507743126,0.51242669978493,0.45962745927366,0.6874337434252,0.56131397575302,0.70325915973974
2012-11-22,0.0,0.37281409844887997,0.42851255347193,0.44987049614409996,0.33882528528338,0.42179640538454,0.40520059998834,0.65991124840128
2012-11-23,0.57751115723224,0.54569682541844,0.59795028982051,0.3406120815515,0.49850892662441004,0.0,0.42149204471568996,0.47550039972892
2012-11-26,0.7266829352823,0.45542566816567004,0.59929427584945,0.54872922602442,0.51015699157416,0.5242739289114,0.40649247987070997,0.45716745192059
2012-11-27,0.67698557088879,0.59296644195013,0.7166487583636699,0.75158643028154,0.50392388007314,0.67530961928421,0.57317693563223,0.6030088232799901
2012-11-28,0.99615458146049,0.7413270066355799,0.8784885675961999,0.64285908185666,0.5436904398489,0.54773216039428,0.42788790345229005,0.4493384515441
2012-11-29,0.90123329811425,0.56053291213262,0.6285399724120599,0.60497134897709,0.46338900050653,0.5324211929012099,0.38414838200647,0.65094098720969
2012-11-30,0.5120080457241,0.51296266789706,0.61227936713392,0.44785521169336,0.50709897901767,0.69204463132461,0.54199357474289,0.63905710240333
2012-12-03,0.75609400504456,0.6009124641807899,0.59195267822459,0.53634115241864,0.45789464660293,0.62917663189329,0.52099621667384,0.66463179670886
2012-12-04,0.61597804353525,0.53077389596973,0.61549341567086,0.45513415417478,0.36401659350786,0.5589272303749601,0.35940180216016,0.56399364684835
2012-12-05,0.68474344616447,0.49241653858986995,0.53120860800651,0.58577617033254,0.4067580294438,0.9041334079899099,0.5295907261328601,0.6285786315633101
2012-12-06,0.52747193436681,0.76604576598869,0.70433310715649,0.47246112980406,0.43106889877787,0.5061740931623999,0.43062568854295,0.58253658547148
2012-12-07,0.6128983554769399,0.6880680660830599,0.8103113335102,0.44199417893744003,0.49671492870591,0.36797332012089,0.41766770413113,0.55021745873697
2012-12-10,0.40777462313042995,0.55346649607376,0.6079313166235301,0.39725456075138,0.489120321694,0.52025162616027,0.41851770199111,0.42187793667527995
2012-12-11,0.62494760132786,0.50826976273375,0.50204418853697,0.33364923358320997,0.41136975998601005,0.38786692008497003,0.37188276381970997,0.48547293108393996
2012-12-12,0.56660170479489,0.38893102866717,0.4431144709886,0.29978654808435,0.38007416302654,0.39563572045013,0.37915988328849004,0.42554164953502
2012-12-13,0.5488460491203,0.58589167069243,0.57498136375007,0.39111954507269003,0.39148643167918995,0.50715725556309,0.7008656662691001,0.47658173539621
2012-12-14,0.55526187370504,0.46172417656446,0.55949888237576,0.36801762340552,0.42164986588132003,0.72024768181128,0.49620972598989,0.58748506348945
2012-12-17,0.58626956876403,0.52255268597947,0.50611654368048,0.35686430886263,0.37862166223008004,0.52438735876204,0.44132778634667,0.45973471063317
2012-12-18,0.52448525789069,0.40689161333393004,0.43181954383363996,0.35413855246509,0.35998770696029,0.58028540159286,0.5506049734159,0.46326838458238
2012-12-19,0.50230320318178,0.35366632989222,0.43638518528733,0.44509444052066,0.38629767598706,0.69745165345435,0.0,0.43233714842383997
2012-12-20,0.56870352792726,0.3288680895636,0.37528826181874003,0.37619802343158,0.32714966306781,1.10572575454223,0.56313596187134,0.50760129817163
2012-12-21,1.23619979817018,0.65922789877416,0.70652774506244,0.70828879789852,0.54543215292559,1.0508863871846401,0.6932748522603399,0.41067160265246
2012-12-24,0.30639511759084,0.0,0.29765777905406005,0.26545728160138,0.0,0.0,0.47509174019253,0.33243991141490997
2012-12-25,0.0,0.0,0.0,0.0,0.0,0.63867589102418,0.0,0.0
2012-12-26,0.47212302005860995,0.0,0.0,0.0,0.0,0.55364741984775,0.52516356465576,0.0
2012-12-27,0.8673198482406601,0.37099278547926,0.56377300628394,0.44983990206114,0.48501162588033,0.6027348911478799,0.51102266539226,0.29467705032123
2012-12-28,0.82855262824468,0.43179662259543994,0.71802176840295,0.62871184485759,0.4045133314282,0.56802216900535,0.37487673855389,0.2799900156014
2012-12-31,0.99900006487508,0.0,0.72567649168245,0.57447441858383,0.0,0.0,0.0,0.37150894980255
2013-01-02,1.99968850707603,1.1814270880151598,0.79196429144449,1.59037792766499,0.40677083830801003,0.0,0.41294484596765996,0.5291707343168
2013-01-03,0.53640284605245,0.41553525263569,0.59534952994337,0.36340163932024,0.26260366639484,0.0,0.57056096415955,0.59220441572675
2013-01-04,0.45376629545411,0.38432770266537003,0.51801103431576,0.46208010166091,0.27795930626207,1.15092957820624,0.58289445048345,0.55686850037691
2013-01-07,0.57673275666919,0.40886225031733997,0.51350488790106,0.32205120184798003,0.26664161665534,0.76176115492884,0.6375441988916499,0.45860470882749
2013-01-08,0.46417058891717,0.46810553642847,0.49271261091538,0.36773780179607,0.35205791987304,0.81232597856006,0.50999815108789,0.5032212674978
2013-01-09,0.43929021562396997,0.45598660798051,0.49397659110887,0.50359024618007,0.39230118836264,0.9325066677945699,0.41292539606894996,0.48380879626444007
2013-01-10,0.44971323647979,0.66297461000532,0.66021438012165,0.36317948681523,0.40776954550343003,0.53089448399321,0.53402530575589,0.63751239611313
2013-01-11,0.32528732758069,0.5390397023804899,0.6134199869801,0.39450451524479,0.3159860625887,0.6500267901305501,0.71827406504588,0.48250858357698
2013-01-14,0.39727453834089,0.57727812028554,0.61139986024547,0.42273616142758996,0.31261579658468996,0.0,0.52914750637425,0.39418633835846
2013-01-15,0.53270578580074,0.77127523474631,0.6482809205416601,0.41313256594879,0.39444891142375005,0.64967579433974,0.68886659734872,0.70597538557285
2013-01-16,0.36814874511348,0.57266232126021,0.58302773775578,0.49554942751365,0.32425572336579,0.8132425417685499,0.62798163725985,0.54897735814725
2013-01-17,0.49285990532788004,0.69366976139929,0.6564000700081299,0.41183916964171996,0.37538025873329,1.6862751527520599,0.56988011032,0.61388305775236
2013-01-18,0.3586358185133,0.5647732125009101,0.6026902996041,0.49053113337945,0.29221381450333,0.9942736165351299,0.50640039632601,0.4363877203776
2013-01-21,0.0,0.26689727820336,0.37609295078649,0.41541406475555004,0.24844408225877,1.29127806580031,0.65721990988727,0.38321660522305
2013-01-22,0.35230651954419,1.0954079915049901,0.72413872497103,0.42109134382127,0.41634809729698996,1.59597864482642,0.62649275945336,0.5082303187608199
2013-01-23,0.27554360260548,0.5564504621172,0.5324877905798701,0.42192513829017003,0.30383558642742,0.80121786022028,0.47082804417468,0.40426908585211
2013-01-24,0.43390294664598,0.6360984226789,0.5917317917745399,0.45595476914406996,0.46420941569898,1.0310266181985699,0.63770486755648,0.41530989111952
2013-01-25,0.55024015354877,0.843661302682,0.66395902408486,0.44736469439118,0.41404364154515005,0.6591795287168,0.63379707328054,0.45900687391486
2013-01-28,0.35536257256068,0.50193474124022,0.49125826677434997,0.27588431608411,0.37939919071642997,0.882214300118,0.60582487001229,0.41720207534209
2013-01-29,0.40233922092472,0.46717587364559005,0.44147342761405,0.40512999771571007,0.28769639944041,1.0340655331911899,0.5203729625614101,0.33791256439241
2013-01-30,0.45726598285268,0.64095372325525,0.52897874385942,0.39979194658367995,0.42631543650542003,0.77016504277848,0.566418058954,0.52124111005967
2013-01-31,0.541958634626,0.51625909147831,0.6343485262408499,0.6066251209087701,0.65105263601022,0.91955983557296,0.5525037088143601,0.41015192732539996
2013-02-01,0.68319952510006,0.75359975446659,0.7306838900004999,0.62788452356067,0.46734753928974004,0.79650271192921,0.64917257365151,0.7206723509221
2013-02-04,0.72953632117758,1.02837771073959,0.86650920427093,0.68031713322241,0.5287702706681799,0.6934889373448,0.5586923148195599,0.57054732742164
2013-02-05,0.65865603718849,0.69679929862459,0.81087610187459,0.45881191172028,0.5025191944277,0.89023603876521,0.58492457369492,0.5788513094697699
2013-02-06,0.6080201070958,0.87839280142137,1.02399521878473,0.6184306115536999,0.63823762890181,0.8427058825342001,0.44422311022898003,0.48883365179466
2013-02-07,0.59607859590257,0.95861341693505,0.94329843858549,0.67258647809903,0.60198140985942,0.88355240505459,0.5546838577768001,0.51463422720701
2013-02-08,0.38547354686494,0.65255757967375,0.70378167712248,0.68607199025264,0.55102130275937,1.14537660832365,0.46355784761465,0.46820241999996004
2013-02-11,0.28704683767203,0.69851811145914,0.77869722030697,0.47766505107715,0.51073327572098,0.0,0.0,0.0
2013-02-12,0.27301657800859996,0.6874634638963399,0.7970077974485,0.45896191511217,0.48480869008416,1.07714414314426,0.60482095486735,0.0
2013-02-13,0.42928231500458996,0.76885135189053,0.6458940693731899,0.53416254295097,0.35904830532222,0.7885138225932099,0.50024395769286,0.0
2013-02-14,0.48579930433628,0.87137859622836,0.7993257161049699,0.5335443133126301,0.43239435041444,0.77866482309228,0.59842010625478,0.55379886597843
2013-02-15,0.43401432761153,0.6594295354584301,0.7594017472341,0.38454262229101,0.37731224655827,1.04821532587059,0.3626200990326,0.32896492223986
2013-02-18,0.0,0.50139473974625,0.53791413346838,0.40199035103278996,0.3596344304132,0.67741814133054,0.42777812842647,0.58116897412657
2013-02-19,0.37767379552367003,0.8167859717489101,0.7936494641880599,0.47651510567044003,0.35236991638410003,0.57762347088021,0.41101647657983004,0.62392703726232
2013-02-20,0.49142194890497,0.59929440589723,0.72717691478984,0.46465971742524004,0.41072413084778997,0.61446239149507,0.49448394951839003,0.47489119539847996
2013-02-21,0.72156946384562,1.01499203542934,1.18439138014424,0.9017267041558099,0.6210840107803,0.66442646507651,0.50401916001506,0.6638924578666999
2013-02-22,0.64701255792839,0.73036906123168,0.8494321716691501,0.64441102889363,0.5455773982486001,0.96773257063969,0.70989909231821,0.6820718496179
2013-02-25,0.93741162432198,1.0661547724734899,1.49773940919907,0.90755305140874,0.66625212179182,0.61857684112036,0.44889789500317,0.49604685389532
2013-02-26,0.84735492516615,1.21554813639937,1.2349902683685399,1.49236535134631,0.6681223795561699,0.95540848535485,0.5198945505810101,0.5885558186127601
2013-02-27,0.57497763841933,1.0967134800092502,1.21755906235139,0.7410055100367501,0.6843157987363,0.9246369120833,0.47535571962261997,0.53220637498893
2013-02-28,0.56068965379167,0.75347508122704,0.71213685407415,0.65672325662093,0.46136661953859,0.82935301780652,0.59823945606226,0.55888195679178
2013-03-01,0.92875512001612,1.04580725942402,1.2037073770106999,0.7405605639997099,0.6638724432591,0.73592124528641,0.0,0.5062727997601599
2013-03-04,0.5248175345412001,0.68656547716218,0.78466961827842,0.67878524754428,0.5031871741603801,0.68280456128665,0.43183177207546,0.80079804025453
2013-03-05,0.76588079339047,0.6327655162493401,0.79683301391412,0.74416795428438,0.42895832652440996,0.58412281630123,0.37812809789274,0.49312717624862
2013-03-06,0.48523421959326,0.63270904503834,0.77173489072972,0.52061354050871,0.44768909587041006,0.60297856228325,0.44740047225670004,0.46432172513994
2013-03-07,0.39306644324226997,0.63088917498924,0.68329413559228,0.59398162008916,0.4585157873731,0.6744368144049799,0.55510342236179,0.50944626061104
2013-03-08,0.45428092862947994,0.46800209233943,0.66694959998626,0.69757852637723,0.39255937706682,0.8803950904957101,0.58166859430355,0.67392259229937
2013-03-11,0.30254794171197996,0.4249325242434,0.55282707526834,0.35919279618350003,0.32825910389693996,0.72712003401545,0.62870222791766,0.51416301473943
2013-03-12,0.41303766204115,0.58980989179846,0.57838968073494,0.43013039720204,0.34683410695911,0.68643110859132,0.40749990915875994,0.63883014512344
2013-03-13,0.35891634868883,0.51866890824348,0.60612352924617,0.6148415475894999,0.44078484569984994,0.84069641810526,0.48261151537415004,0.8171617607678301
2013-03-14,0.3724378717695,0.48438008739109,0.49278733276062003,0.41593964605738,0.36059392013885,0.63179859736268,0.6394500395195399,0.8511371133544501
2013-03-15,0.39075944402008,0.53903861212567,0.58757326231398,0.40427725267662,0.31049968736642997,0.7039833293455801,0.5852281203903,0.88481062937665
2013-03-18,1.0947069823656,0.75544632998669,0.97602959238823,1.6464924772075298,0.5132767965888501,0.7878902984373101,0.49766517801722,0.6309178459008999
2013-03-19,0.84433506030269,0.77133430289065,0.9473041303933301,0.7433651184561401,0.53894315636198,0.54247195823231,0.48407829223791005,0.71028438387353
2013-03-20,0.75882716187692,0.72838179102168,0.9457941568860601,0.63114453046752,0.45299519987809,0.0,0.6978399536697799,0.7505588334936599
2013-03-21,0.72735660372099,0.8433461202338399,0.95407814970938,0.7004126472362401,0.54827846090252,0.53349649178534,0.6052497454968899,0.73953019756967
2013-03-22,0.5772363524387399,0.6778452012546801,0.97157039980607,0.50432059870769,0.5366156209985701,0.67029811408504,0.51391161309888,0.61439976820147
2013-03-25,0.68766158161057,0.9707480309761899,1.0723656694938501,0.79434353314291,0.5616153315682301,0.59922018583663,0.45759911649036,0.48691365001401
2013-03-26,0.53668906252104,0.804387929497,0.8551218199737899,0.5641154653525,0.5250644107718799,0.72875184177071,0.43964284852295,0.65039286323802
2013-03-27,0.8173227889912701,0.96206240778698,1.09106695017446,0.63786385381669,0.59247812299891,0.50047976213733,0.77263444194029,0.50806102946458
2013-03-28,0.35471774036233,0.69507132365796,0.92249164885579,0.63045771682951,0.40855974746602997,0.8423535411041201,0.38642600814318,0.77773678485234
2013-03-29,0.0,0.0,0.0,0.0,0.0,0.8526845695470501,0.39156839688862,0.0
2013-04-01,0.46330141100593,0.0,0.0,0.0,0.0,0.84601491964459,0.39739900586235005,0.0
2013-04-02,0.58686392863608,0.7346913561107701,0.90791956401075,0.561868020758,0.37997888077939995,2.38414507729416,0.5785972848978,0.7908265489399401
2013-04-03,0.58655165266637,0.54292040379778,0.8124676276392699,0.69106094188231,0.41657802913145003,0.9631095388067701,0.57370201057533,0.56516371457485
2013-04-04,0.6351293283689,0.9407145621773499,1.1567902126466099,0.71455918666782,0.71418348668966,1.9911959390655098,0.7669284508061,0.0
2013-04-05,1.38972996170659,1.3027126491743999,1.31549404095609,0.87549107299505,0.9385652653134701,2.42741472369659,0.68289909445188,0.77840974826411
2013-04-08,0.42921848460792,0.6740418004127801,0.76361427744195,0.6800981133789,0.5858418509729499,1.41227773498947,0.69850897551363,0.64626842313191
2013-04-09,0.48883077599876,0.7417911950789,0.7263427511531,0.8160373865828701,0.48783695653296005,1.00491533408043,0.88663782937534,0.60123503315602
2013-04-10,0.60124972732222,0.65722223752787,0.79382171840937,0.55505462556293,0.49820711766446,0.78726479268697,0.51537788491875,0.55678451442455
2013-04-11,0.42970417717292003,0.6643217429491,0.68488965599721,0.46293155887522996,0.38594392039621,0.91700768077387,0.71654190044093,0.58212441389064
2013-04-12,0.6670021196375,0.92158671525546,0.9360664773387299,0.62537434806155,0.5392065701180601,0.92391451865403,0.6402187835568299,0.46709964528424003
2013-04-15,1.10890498008801,0.9060676133562601,0.92904465979077,0.6947306765337801,0.7531927245994701,0.9715403741463,0.7425205574667599,0.8006460302128199
2013-04-16,0.85298573028745,0.80750919059724,0.87934669911573,0.7860141877563099,0.7036981117569,1.3749934560233301,0.92887875049498,0.73784629947208
2013-04-17,1.14120299070454,1.76295790329009,1.3303208342881,1.0025530292493199,1.0226897323328301,0.51884904305099,0.62969440787987,0.7607068064175
2013-04-18,0.82369318402633,0.98565014431184,1.08205696161015,0.7318392983048699,0.9286074002180501,1.0108313134667901,0.62871011122704,0.83348664221911
2013-04-19,0.62443419360409,1.11161603235604,1.10133965972764,0.63970161957936,0.6378271634863599,0.7987122625474901,0.8648328226144799,0.67693019948539
2013-04-22,0.6670388750942801,0.8166856102900801,0.92937301559411,0.83479651242171,0.6459028078154,0.5226070921364799,0.73957428068936,0.60834826173797
2013-04-23,1.36084227013346,1.1461249103623001,1.10485143131463,0.64271060162518,0.68042103362159,0.54921219690597,0.50326499382937,0.7859671517184299
2013-04-24,0.37779626343284,0.83863585807218,0.8227551571226401,0.5461060183128099,0.54578675170924,0.65298899581512,0.53756049796827,0.5276806190604699
2013-04-25,0.51093126460419,0.75080568973129,0.72196410831195,0.71361319744212,0.662929002545,0.7826865878356201,0.54470049090216,0.67097860802863
2013-04-26,0.42281342525602,0.80511231597026,0.75497008076563,0.5274822666586301,0.55864162610903,0.82531435573525,0.43841157688185,0.6244054150457501
2013-04-29,0.40791081120112005,0.6706272478341699,0.74994198866713,0.54301299862786,0.57961956188438,0.0,0.48271205041165,0.57381743580341
2013-04-30,0.46916251069213005,0.72281461286211,0.69864816510307,0.5872914851965899,0.34057212484499,0.61433413591904,0.48456762417328,0.62249743522189
2013-05-01,0.6002729778993,0.0,0.0,0.43480279571125,0.0,0.60349497708207,0.0,0.0
2013-05-02,0.49944607575138,1.09958432846053,1.27157699650591,0.68805895746372,0.61421092799615,0.68462528376706,0.42536857690307006,0.61764497604525
2013-05-03,1.03949644416563,0.90519831379707,0.8618817857622099,0.73201921021857,0.72743762638836,0.0,0.37806842643613003,0.62173994718548
2013-05-06,0.27615791846288,0.48762404008821,0.44275801199949993,0.0,0.3456566225888,0.0,0.42209342454837,0.45440221217338
2013-05-07,0.41110064129284,0.5285037520649201,0.61240087186134,0.41479453636034996,0.42854469004138,0.9017535944280499,0.50087964564638,0.43938571974257
2013-05-08,0.32357091511235,0.60473175794417,0.65566231338753,0.37929733238765,0.38688531370635,1.05978058381534,0.44549147651216,0.43362113817784
2013-05-09,0.5173446653052299,0.61402317611313,0.76130768976929,0.5129559626321201,0.0,0.84685949759997,0.85424073542135,0.54822791510542
2013-05-10,0.5388308661743301,0.84126481054382,0.8615063068329499,0.55108093535853,0.49888476902115003,1.0570988029205202,0.61892131549442,0.5406432014322701
2013-05-13,0.38847170994221003,0.6688031903475601,0.7058223573503499,0.46616886281660996,0.48762734937354,0.71152702271181,0.43179848647854996,0.54094556367249
2013-05-14,0.43821387647815,0.66038195884286,0.61574154305027,0.42898963734166,0.39776731903238005,0.51507854164929,0.50767045647088,0.50002449488439
2013-05-15,0.49064678013302004,0.6414160554511901,0.7150755699058999,0.43559926642666,0.30921292665625,0.7667542771763001,0.34972128712134,0.55496237171792
2013-05-16,0.55791279888303,0.84955888220468,0.7440793192561,0.41143986243724,0.38478656169826997,1.28558104264141,0.45387611675877004,0.7494670460683
2013-05-17,0.46692006128237995,0.7256991604330301,0.81848885732653,0.49372556549517005,0.38309635108187,0.78870651309944,0.0,0.0
2013-05-20,0.45552018637985,0.50689848010042,0.54928199783076,0.38636215770238996,0.43928169972402,0.44954793394549003,0.47508283181082,0.40471755059250997
2013-05-21,0.5387109761252901,0.7445475632685,0.7604285315161899,0.46680478991184005,0.47552927691523006,0.59216933240914,0.38172618547479,0.46250536609959997
2013-05-22,1.08084048674908,0.8366582594546,0.85793721250116,0.72413254754297,0.47252135951846,0.7866013781944501,0.39185383609479996,0.48024039281759
2013-05-23,1.1088354580897,1.20000216257763,1.14988265092834,1.69860603485299,0.64447747661849,3.8112766949498598,0.60491585913376,1.04286364468083
2013-05-24,0.56625887560935,1.07067884780031,1.03145962471199,0.69545496504643,0.61876046984737,4.10291669813621,0.55106368463363,0.8459329033128101
2013-05-27,0.0,0.48060170098689003,0.49538973821221,0.0,0.32844318376759,2.22900474766318,0.32701280579575,0.52828838276288
2013-05-28,1.07200750126853,0.72841426373662,0.7084762434587,1.0701927958153101,0.41560489982070004,2.05477332708573,0.37242451951145,0.5060593955396999
2013-05-29,0.7989026810412,0.9501979282221,0.77954522628302,0.93336956766563,0.60215413180267,1.58177889919071,0.44764944965952996,0.6356154484895601
2013-05-30,0.52475839593758,0.71334427903272,0.75469801430632,0.61494242683585,0.5780972593488399,2.21738419665875,0.38611807395238,0.9759974838219501
2013-05-31,0.7619140039075301,1.01268133719596,1.0830773131979001,0.84377476970993,0.69006212630804,1.81058170774643,0.45457491750721996,0.7378530676432
2013-06-03,0.78568488873516,1.2288805380141699,1.26503509837316,0.9640702222624401,0.6904563873005299,1.4892830419765701,0.49333214244309004,0.8594392914109499
2013-06-04,0.8064956789737799,0.8810600208469299,0.84846975382858,0.9018761422021401,0.68318361054447,2.36385432393834,0.4690309621546,0.75486007711476
2013-06-05,0.7829439982194999,1.04494333043136,0.89216812798496,0.9908932990722499,0.71270817477314,2.49520480458498,0.53024660505173,0.6792729843934799
2013-06-06,0.82055836145677,1.12530289973766,0.7402118801859,0.61681669190516,0.0,2.49204350561321,0.0,0.54955055205534
2013-06-07,0.69164417679573,1.06755050645484,1.1625825348838599,0.84338540923493,0.8004068909497299,2.87378488534806,0.66872254331862,0.778177099701
2013-06-10,0.50042285489284,0.9484802796091399,0.8786838202775901,0.7359709604021101,0.55185001254059,1.67092390748412,0.5264664476081999,0.82942832118543
2013-06-11,1.08886112006811,1.0737281937804302,1.00029307034588,0.9474672648450699,0.70672461849763,2.21870379921858,0.72579919647858,0.67398052613704
2013-06-12,0.87544056375995,1.03687009433776,0.9581575515264701,0.7305316288861,0.61168834374332,1.2730290888412499,0.53599216868633,0.0
2013-06-13,0.6591666667353699,1.05099798737247,1.09987037232302,1.54158536264716,0.7516727223262201,3.08108823621151,0.98842757839429,1.11489638600006
2013-06-14,0.7145011336635799,0.8300191886929299,0.90035416163973,0.71899926063497,0.5466907843605,2.32176679343512,0.62011114940378,0.9281490066707899
2013-06-17,0.8432956664037501,0.71394119091724,0.87841974906912,0.90038113899901,0.5923954762180901,1.30583558842106,0.7057674638189,0.87155375825987
2013-06-18,0.42619442506736,0.78406010570973,0.8142903885436601,0.72375289015939,0.51839320029514,1.52988693095045,0.72375076942039,0.7025020630543101
2013-06-19,1.05668916297225,1.39195098167679,1.03276265308443,0.76725600149882,0.54173958861598,1.16870937796827,0.48226862527276,0.9437824961278899
2013-06-20,1.21881961180767,1.3765999466260999,1.31196187870684,1.74444503347425,0.82055427343445,1.53370796110765,0.75957473215351,0.88516158842586
2013-06-21,1.21072243163451,1.1250010830750299,1.14127147005478,0.9092359185725899,0.0,1.86050594914286,0.6901208741670299,1.0615897439114599
2013-06-24,1.44915609044781,1.5354415175228902,1.43360467505934,0.9738973196394101,1.07447800108052,1.4358766559321798,0.76023504575483,1.04068171266242
2013-06-25,0.95273452662199,1.03546225058907,1.24142886166948,1.12964235911327,0.71992456122296,2.45765404493899,1.9387986821472698,1.9210143246451798
2013-06-26,0.8660655731281599,0.91145827418203,1.1424189794725002,0.71341051178433,0.6968505561710401,1.73347493308267,1.01772136091761,1.0929968534799102
2013-06-27,0.69129271639713,0.76413472142547,0.9287993288695,0.8026161300272,0.5622421967691199,1.5919377640655399,0.71703677720225,0.94247704883529
2013-06-28,0.7070899129932,0.9959936511718099,1.02491494669752,0.86509116733436,0.80607040205114,1.04986633166227,0.6292104879581201,0.90222824011444
2013-07-01,0.71361089343742,1.06209837008631,1.17435566378376,1.18204804859827,0.73524189156763,1.09411842921276,0.63764914510014,0.0
2013-07-02,0.5902068069012,0.9347049647775799,0.9499444981843199,0.6940527140506301,0.63481195165563,1.05782837187891,0.69197638715874,0.92674044994411
2013-07-03,0.57729594222293,1.06403059179987,0.9592311776027,1.22889365715915,0.6172076789148501,1.2341574973709701,0.73120792805492,1.0032776846691
2013-07-04,0.0,1.01583906495221,1.0163221004957,1.21122666920027,0.59574697576048,0.89622019857324,0.64809468251065,0.73949458817637
2013-07-05,0.76874713204649,1.45769757204641,1.6809828678541,1.48785504974274,1.03886604301228,0.75787252184896,0.6764613717764499,0.58008300848853
2013-07-08,0.56771660755881,0.94595690366831,0.92863820082894,1.11468201245691,0.56957478874642,1.1144568390996499,0.8952179115773401,1.09030964423644
2013-07-09,0.48263091435123,0.82925101756686,0.73803721681848,0.92467627629519,0.5558795014999199,1.1158491276646598,0.7152305240511401,0.8268236395422899
2013-07-10,0.67099294073511,0.76355857343215,0.7992323305030901,0.65545128590006,0.50357933570859,1.13880704050203,0.58557180954988,1.2427339451568
2013-07-11,0.8858229700564799,0.70516860522161,0.76876047980859,1.25713754426236,0.39594342917370007,1.20595237756554,0.66148139523573,0.65723928360234
2013-07-12,0.34841637628513,0.72905976592351,0.8843090437857699,0.62999532582476,0.43815189324093,0.84818969960481,0.64252748162712,0.8882758678260201
2013-07-15,0.22706685089459003,0.57923971276964,0.60711393127216,0.5974052603779001,0.4675367839031,0.0,0.9815082887894501,0.72647340905332
2013-07-16,0.35700445285906,0.66190446928348,0.65504864462004,0.6565071783358,0.39785581838967,0.5466465103265901,0.5480316561824701,0.64146828296272
2013-07-17,0.47685115153448004,0.8510074348767099,0.8973312193206,0.82633599169485,0.56084291745616,0.64840702928917,0.72532730014298,0.6964392489235001
2013-07-18,0.37550515048294997,0.54204446852221,0.54301349252131,0.51894415081821,0.51724848567588,0.6230417446598799,0.75866664972871,0.44192409816289
2013-07-19,0.31656792445366,0.61821916303356,0.69253457791773,0.6692037083068201,0.5420164503636,2.3984054609836,0.69521264903604,1.1532696702020702
2013-07-22,0.32253652192715,0.726805812563,0.61427172718743,0.49702886909200994,0.58139949288447,1.37949116987895,0.76340727380881,0.69254310510318
2013-07-23,0.30682431087147,0.48682178621333,0.5712551892284901,0.70535228725197,0.43368241470630003,1.03368779911247,0.54320091611182,1.10300208378134
2013-07-24,0.42220283905725,0.7606647062492,0.68010409472147,0.67979274914402,0.47882261605486,0.77195960819184,0.42801598163181004,0.68342778146198
2013-07-25,0.46463249748208996,0.8484535827633,0.85609995081943,0.74618259443943,0.46269751542555,0.85753610522198,0.4771940567126,0.54611206179337
2013-07-26,0.5300889429205601,0.81245485390227,0.8776864221537201,0.8760597240931,0.5359914115840401,1.27129445183324,0.50710787881851,0.57864187212305
2013-07-29,0.40769827437883,0.67973863708477,0.624412838748,0.8655875966786699,0.48898048682051,1.34095578957026,0.60306879265113,0.7417357532707199
2013-07-30,0.43267314465991,0.6786601035863901,0.57105154062959,0.6726193526369101,0.33999620580224,1.44321651780839,0.39132681494984,0.5518858994478101
2013-07-31,0.68421892505932,0.7889910854221,0.84535923629074,0.7943075881973599,0.43641352685888,1.26075808068399,0.48687427115202003,0.71923168953817
2013-08-01,0.7482917095205299,0.62143220186522,0.66085041081331,0.58202625804493,0.35829137385645,1.10647787709199,0.51962938318153,0.56736274300925
2013-08-02,0.31014421734456,0.56245363727656,0.6065490146639899,0.6383796160824999,0.39907943978764,1.1856263386189498,0.33762209248263,0.41713388781896
2013-08-05,0.28620178334081,0.50069706393778,0.41015800365153,0.6484874486337,0.3518029262449,0.95998051250352,0.34614485701742004,0.3899853985293
2013-08-06,0.39568478900414,0.76903274680511,0.62712240388018,0.68966492296534,0.49310848384708,1.38602922422761,0.53230204377295,0.67321985990028
2013-08-07,0.53153724967325,0.7059344075364,0.77808139920396,1.07245459733827,0.48865430729056003,1.32819394558061,0.46193560603277,0.59411026339375
2013-08-08,0.4894060612732,0.76348770340599,0.72272059188605,0.6568275980858901,0.37930267500382003,1.7100928112131801,0.55874707202872,0.75718480729074
2013-08-09,0.44649783296008005,0.7839197154627,0.6678059534078999,0.63108018372691,0.34486214432804,1.48468225326094,0.6562858266376801,0.5468608760023099
2013-08-12,0.42141043181045,0.74595248121815,0.6531504515952,0.5436699091352001,0.36319557247841,1.20305877154277,0.7389376953289001,0.9869925680585401
2013-08-13,0.44648166402654,0.57226613350165,0.49454844043597,0.57566777641247,0.39385388258164,0.9142329011928599,0.47228131266155005,0.48363479468245
2013-08-14,0.43400460534034,0.5563480473729701,0.52480910250861,0.51163121959487,0.28357065735674997,1.12187868785533,0.42733156456292,0.0
2013-08-15,0.7895182751976201,0.74115820227049,0.71570404908788,0.66211017678436,0.56099464022737,1.04293552227834,0.0,0.56085447247415
2013-08-16,0.53750856876553,0.6275723048980899,0.75705205776369,0.54879366338722,0.53395495881344,1.26042732120737,0.58602354859715,1.3547093399002599
2013-08-19,0.41241867515483005,0.77253908482851,0.6592951224083,0.54410158861258,0.37767144142602,0.73617286202416,0.43291133106895996,0.57741770057073
2013-08-20,0.39003739324678,0.7089951006458299,0.8640209921397799,0.94525184816341,0.57878484286083,1.18247424718299,0.73038100811503,0.8726846486748201
2013-08-21,0.75795779721528,0.46463187679319,0.69859052654892,0.68285433449231,0.55300826618442,1.31880882816502,0.98055344356433,0.96520605127733
2013-08-22,0.40946407587222,0.81011687734319,0.63614361306017,0.63502654847873,0.56303589437305,1.0884173736232798,0.84689668646392,1.09966515034532
2013-08-23,0.36426587148506,0.6837266662738299,0.77521156426245,0.6286631156474101,0.45709072790910005,1.04803308081901,0.60565635563111,0.85310011346615
2013-08-26,0.47239619326262994,0.5202023231435801,0.56492364587864,0.0,0.45205161422471,1.0113962509096,0.46410791859655004,0.66571154139053
2013-08-27,0.8675045132855399,0.93317089318908,0.99251998792604,0.83501625481158,0.69787226708216,0.78775024084208,0.58160006146715,0.8336809516709299
2013-08-28,0.47556828373751,0.73275157014881,0.8254259142503501,0.74550507510902,0.87744176281877,1.1734033300736701,0.5992127342836501,0.76904874980571
2013-08-29,0.49123348078532003,0.73591642994476,0.72347378513654,0.7102426569297801,0.4803896212581,0.87977338155823,0.50543732620815,0.5520112933225599
2013-08-30,0.71786290212545,0.8124376756067799,0.9181988601716999,0.75748855884522,0.56592108175616,1.17627034728288,0.59608220200298,0.83690959031046
2013-09-02,0.0,0.45405936972267996,0.56295511863701,1.17642229087772,0.36276175049453996,0.8431465609928799,0.5707599046603501,0.6585376927448501
2013-09-03,1.0285248496366002,1.1757597725309301,1.53673306429093,1.06059675214852,0.8072074193506499,0.93795883303994,0.44197404402219,0.54402974113468
2013-09-04,0.47266929878513997,0.84622923432705,0.81497720241513,0.6402477495702701,0.48483610179827,0.65417202099338,0.52416528046761,0.57889383259335
2013-09-05,0.41107312104989996,0.9544245955192101,1.05904135093017,0.8816238230191901,0.52700640778179,1.01848784853134,0.37773254216864,0.6068978718684
2013-09-06,0.86221704480226,1.11392370873727,1.16151680936093,0.8013343567609601,0.60293932473243,1.14105691908204,0.4490708388623,0.46207140754004
2013-09-09,0.47612792205962,0.6477399283523899,0.69217087700736,0.51294946022455,0.38209435956427,0.93935622296424,0.59436625021819,0.45010900437622
2013-09-10,0.47212765577496996,0.49941695018612997,0.59883920101928,0.71973606785573,0.43082619434531,0.67212132607505,0.64620349285498,0.52252579663112
2013-09-11,0.3461654044725,0.51842272209588,0.55635155440742,0.40514879498706996,0.37066991755453,0.77040133874771,0.55701261774612,0.6422799906293699
2013-09-12,0.35396550424221,0.47437883095339,0.60581081829953,0.47142130779315,0.37703009125266,0.6193309111777799,0.73288113857653,0.6439289048664799
2013-09-13,0.33590289193827,0.51944149727525,0.47594855761038,0.40424922519366,0.30489536270691,0.99051365717706,0.54553279450213,0.56667817805203
2013-09-16,0.7967124947180699,0.42905123684820995,0.5661672886947,0.93696051851868,0.40104628215125,0.0,0.55696653947241,0.34899872664274
2013-09-17,0.25235192901861997,0.39345912795280996,0.49539689189221003,0.44298132402609003,0.25219244619154,0.72442505145865,0.60064163835924,0.49159866591058
2013-09-18,0.75577595268885,0.45350926241496997,0.46926833877725005,0.5081453622845,0.34079971231782996,0.781421259732,0.0,0.5423243564532501
2013-09-19,0.42411458463324,0.47352216662082997,0.66771566899104,1.2760514387797999,0.36846009693534004,0.8283602977961,0.0,0.32983190611658
2013-09-20,0.43031032038504,0.5302333689042901,0.56219496133687,0.41067465357598,0.22177934804519,0.84405951376021,0.0,0.0
2013-09-23,0.45226925381321,0.62296720006781,0.61204806574938,0.50826518055906,0.42256393248771995,0.0,0.68394091181688,0.38178199130202
2013-09-24,0.42988096625741,0.57219063839566,0.62102380125873,0.50405814184708,0.39885512120450006,0.75420994031246,0.5851733829218,0.58554732695423
2013-09-25,0.56975743787242,0.7089736474344099,0.62150360875714,0.57149515513294,0.41656275778796,0.53844923879704,0.63441799152013,0.43572089753014
2013-09-26,0.52871530856014,0.5831331514771401,0.59717396032255,0.4449951786022,0.29510851004405003,1.0170700706131302,0.45223888034944,0.49236641564682
2013-09-27,0.50720021589066,0.68728250996913,0.61553621476128,0.5756459396773,0.37394240942943996,0.76144925781294,0.43807437212383005,0.63373616263741
2013-09-30,0.8000042451748899,0.68522391915628,0.6208078064186601,0.97419784508941,0.44378771085637003,0.95000996990192,0.54524659428498,0.48190236102642997
2013-10-01,0.57565835838933,0.5993136253531101,0.70443582602359,0.5740801213489499,0.44004380980464003,1.11007066644425,0.66790563307527,0.0
2013-10-02,0.63936107256048,0.73005646287054,0.70615092196091,0.7925266361859201,0.46313236254546997,1.25635953228285,0.42377882467969996,0.52200558630101
2013-10-03,0.8664472554643501,0.51744619930083,0.60920080621319,0.52624517353916,0.54109723028865,0.92444509148879,0.0,0.47055717868108
2013-10-04,0.43556992292863,0.5320083317688801,0.5966095784976301,0.41830765768179,0.42502839174458007,1.06222448529442,0.5516902278051,0.52538235541364
2013-10-07,0.81850812489046,0.58745178292747,0.72886678744331,0.67771408110821,0.5092268878601101,0.99898900986193,0.37312670351173,0.83410836831989
2013-10-08,0.70242758929883,0.67011898912637,0.68870404094645,0.6445416725175399,0.46503559036243,0.9028923300158399,0.38402477624674997,0.72199057844439
2013-10-09,0.69417013442318,0.6363923003079199,0.71065682245297,0.6486570726009601,0.46785087913212997,0.81062282927251,0.0,0.38252412564883
2013-10-10,0.9925158460486101,0.6430444384160899,0.6393261881348801,0.68424751400747,0.53896048562649,0.64522023711499,0.62423068570326,0.8578567520705601
2013-10-11,0.48292632987143,0.43601107469799,0.52366619886413,0.46935157360621993,0.31270316646777,0.76724170088812,0.43427082732604,0.42121549670498
2013-10-14,0.63713673817187,0.43387279128816,0.55175653353578,0.49495426461668,0.35553905623870996,0.0,0.34045011108551004,0.0
2013-10-15,0.7379775559679,0.5332168169927199,0.5592061201865199,0.7717091716985399,0.5391938471832199,0.58178302573377,0.4510310312371,0.36153274029908
2013-10-16,0.76720764220216,0.59712699527716,0.51198857167592,0.62614817481163,0.56943629517544,0.69796634569602,0.47939749156444,0.65675244816807
2013-10-17,0.48314632064949004,0.57838593848455,0.63719057028473,0.62325314621532,0.5597435774657701,0.6133068893196,0.36738981380801,0.5094222099687901
2013-10-18,0.40561574050613,0.5516704121003201,0.57030178659978,0.6359003832496001,0.5493684233816201,0.59359167380829,0.42166724104061,0.5759837358541601
2013-10-21,0.3090419542205,0.39105279204874005,0.44848483484163,0.39604673981826,0.30603393701474,0.5876563217368,0.4158423704943,0.49913690812968
2013-10-22,0.54687715855748,0.6197677286805301,0.6669462171804,0.53639921489831,0.40560371654262994,0.49378945140562003,0.49958552478489,0.48032576312819
2013-10-23,0.5427174984515,0.42486708166482,0.49376352737092005,0.5144646443235901,0.4403891239745,0.9606670609180801,0.46219526299776,0.7782110327534799
2013-10-24,0.36043082594525,0.39273877911518,0.43231113047184,0.41591580707078,0.37175825276871,1.01098055484415,0.5268584220431,0.75918332999019
2013-10-25,0.30843545879573003,0.47836349252166,0.53787036553957,0.42679096535280003,0.46241872694471997,1.2054920025782,0.59331520029641,0.6300976607298601
2013-10-28,0.30865267728661,0.46407418202466,0.5485566293509,0.44395718740453005,0.38962340039848997,0.91501908772578,0.45664524326948,0.36702179129388
2013-10-29,0.40503336019656005,0.35427282964531004,0.51440525128682,0.38104795682563,0.37159879644574,1.06818359068326,0.59889672480164,0.56128899665274
2013-10-30,0.59398670797262,0.4186877000008,0.58027971633764,0.48346120510371005,0.31728917735086,0.6770451593314101,0.51413138306294,0.62821247490273
2013-10-31,0.553329685692,0.50838334193108,0.6748851570576501,0.5642205048146001,0.40548868353979,0.80853792891552,0.48244815296654003,0.46757904218928004
2013-11-01,0.57355216642524,0.41274636224321004,0.60468567555582,0.58721883869855,0.40528386177877995,0.93366139336368,0.40084286919455,0.44264151280079
2013-11-04,0.36635110237598,0.38309107129944,0.48080603295627006,0.5640212334060699,0.32995904482207,0.0,0.58763994172215,0.48877534501084
2013-11-05,0.44898420300794,0.49017796773140004,0.5769604157450899,0.46791374444905,0.49708440547535,0.93992175165859,0.57374571100189,1.1325703457203
2013-11-06,0.43617126276722995,0.38779642685225,0.65575905222881,0.45769312885065,0.37323577676832,0.9921252934645699,0.49017758383932003,0.48797017843848
2013-11-07,0.62112991377482,1.0584252503904001,1.51550949960863,0.7787633834744,0.74859910562056,0.71444134477174,0.5917447859339,0.65516043976219
2013-11-08,0.58801484397138,0.76001697474528,0.70543088617788,0.7284710040107201,0.53167015369548,0.6641469772651301,0.45631535321348,0.6138896748004701
2013-11-11,0.33650669135343997,0.35149114644803,0.48373435506569,0.42927973516082,0.35524994262922,0.62525011602062,0.550377999768,0.75393528481996
2013-11-12,0.49105731052051005,0.43922139512375996,0.5465831560698601,0.49223577988067,0.46232902825127004,0.86486795713073,0.52801775911632,0.76238200507862
2013-11-13,0.45106841822003996,0.61607285487467,0.75204267242939,0.7979684706452401,0.47037878461387,0.70249283646213,0.5996107454886,0.57823200214355
2013-11-14,0.45098015441083,0.5308341345358301,0.59975694479259,1.03546515996193,0.37177468641496003,1.49886151965083,0.75504938865879,0.54289267210375
2013-11-15,0.25081306120702,0.41899319983301,0.52175087640477,0.51092492194013,0.34905212127631,0.82533968114242,0.65969864731241,0.53200397148036
2013-11-18,0.47530028485050996,0.61222221256004,0.71156725773842,0.45922793390339,0.43956784776625,0.98809660323849,0.32368303731651,0.61510285513417
2013-11-19,0.55079670919871,0.472869734212,0.52196268048185,0.59890362476307,0.26480290518256,0.83272119666942,0.60733341219711,0.6881820223491
2013-11-20,0.62724872772076,0.69295707267058,0.6813988078704201,0.64024646015582,0.41449445141942,0.5909961147918099,0.52826300431393,0.46075674071856004
2013-11-21,0.43215668329519996,0.53819731551723,0.6476586282576,0.5878195759994199,0.40904587449442,1.04772445091016,0.73913627020602,0.60511365897439
2013-11-22,0.24522593627882,0.47656047914551,0.59322505474296,0.51705581651696,0.36911925556754,1.00945450308223,0.58746796809514,0.36402349679434
2013-11-25,0.27954268058803,0.37062630192889,0.36059766978035,0.47327308417683,0.25321213137556997,0.68324287797049,0.50673128061566,0.50815406162
2013-11-26,0.30064718067338003,0.34683015987182997,0.47299003118362,0.47961989953628,0.22521140543728,0.6334455444816199,0.69299104736754,0.48410174377744
2013-11-27,0.24076038466754,0.38173021499411003,0.46034584045916,0.40649505775404005,0.27974321808849,0.6548070035348,0.52963120192913,0.5783773131997799
2013-11-28,0.0,0.26688575330194003,0.37501222833390996,0.32054049225192,0.24064934953215,0.54044492540942,0.50844585615699,0.55517252984054
2013-11-29,0.28296763526155,0.30774884831001,0.36321959754681,0.34993377807654,0.27483413719878,0.87306787192629,0.48136573840497,0.46784490424101
2013-12-02,0.36640448265659,0.42747913589245,0.61784641169157,0.51509586167665,0.34810399246526,0.61026319946717,0.49291776321972,0.77468916895799
2013-12-03,0.48404095219032994,0.607948937259,0.72814058517113,0.49742061197962,0.50856695635591,0.62257113579416,0.56809279649794,0.51321503469936
2013-12-04,0.77046353541515,1.16559220284325,0.9819264781573399,0.69731348554175,0.72017870108131,1.04395542959888,0.60748548767029,0.5434516269390599
2013-12-05,0.53953304409209,0.8115729470790801,0.77712458326406,0.5510237762182499,0.63180477332523,1.0375167819274,0.65749946277803,0.45798500134703
2013-12-06,0.82575392171691,0.63303430834972,0.85857114403629,0.63460074830291,0.72897974955948,1.01977557094441,0.50690141002198,0.44452922096173997
2013-12-09,0.34419954216838,0.46999101060624,0.71061004894866,0.5241811205004501,0.48971463131463006,0.56652125559698,0.30761926297432,0.51234758249274
2013-12-10,0.33048861454981,0.6932716015362199,0.68304960970907,0.49490215654015,0.43469468801229,0.48121041650033003,0.39491351149487997,0.43735752590279997
2013-12-11,0.5274793309873,0.6930106648401599,0.69369154448147,0.56283685988842,0.50769635640819,0.81949181985777,0.57155009299414,0.7013868845985599
2013-12-12,0.54685062813345,0.76090048315352,0.89848724011817,0.75126708691606,0.6301696144493201,0.75896893168846,0.50050395890307,0.53794923627352
2013-12-13,0.45576530750716,0.483158944077,0.62544113258087,0.43644658667454,0.4152433520585,1.26470319185965,0.58678957521863,0.68270129045741
2013-12-16,0.66628156481042,0.73543293685567,0.70528676855467,0.53737511663311,0.48177591470047,1.01468079235097,0.53088166472708,0.70009348790951
2013-12-17,0.43956472948897,0.52453069773132,0.58410144361734,0.57167772624584,0.4508084457478,0.49889234979332997,0.49251349860265003,0.5515264007072099
2013-12-18,1.0044344426696,0.46327197098505,0.57319848109766,0.56971444448864,0.36154292313649,0.91309730305748,0.54930118416088,0.625347985711
2013-12-19,0.41749592544298,0.59993717689113,0.65116733787519,0.9815894410566701,0.42087702343398,0.6895192624271099,0.48027984665522,1.04165911765797
2013-12-20,0.34799324640268,0.45501887197946,0.55741427805964,0.52723411770875,0.37179799598,0.64150195700653,0.5645997674519999,0.69816736316093
2013-12-23,0.35400883619525,0.26334021746849,0.41517993439777,0.47898800635805,0.34024768229794,0.0,0.46928021433218997,0.4954050170936
2013-12-24,0.12731852201052,0.0,0.31834717371145,0.32136327212443,0.0,0.59177830957319,0.3759242555094,0.35378385708102
2013-12-25,0.0,0.0,0.0,0.0,0.0,0.63341763087825,0.0,0.0
2013-12-26,0.20956687957293,0.0,0.0,0.0,0.0,0.5394248472268,0.34329725180997,0.0
2013-12-27,0.2260076731448,0.26781892473,0.43173424093942,0.5450450355819201,0.43440992334474,0.67882894766338,0.40542945992624,0.37208621562447003
2013-12-30,0.17547196293337,0.27751063343222,0.5147176145126999,0.44734412757414,0.34397274944644,0.6166968996433,0.39755837624731993,0.38818096030899
2013-12-31,0.28230623553807,0.0,0.20914282636409,0.29070756571776,0.0,0.0,0.0,0.31569957116148
2014-01-02,0.57056973434354,0.9556652959515599,1.09183722066341,0.70566343457938,0.62811049839011,0.0,0.74561902039804,0.73966081112727
2014-01-03,0.40516281753736,0.66992559122959,0.64820032253396,0.47359056985743003,0.33654094249428,0.0,0.83173496988234,0.71540521684458
2014-01-06,0.5313436138495,0.70917646310576,0.6378967780580199,0.47658852574583005,0.0,0.97733630114145,0.66945150509423,0.59482785593923
2014-01-07,0.39004533469381997,0.50013873307773,0.56885926898679,0.38869534873653,0.39195983412614,0.9929978462787099,0.6691236681756301,0.6727967992789501
2014-01-08,0.50490919407854,0.50518847758867,0.48042150213093004,0.40104915595081997,0.35908394221464995,0.55982195396064,0.6145573917242501,0.6306692673795801
2014-01-09,0.44792024311887,0.78763694217756,0.88270427534924,0.54691701270158,0.42820632749519,0.7221481113525701,0.72558044341134,0.74202439474136
2014-01-10,0.41781142759371,0.68403353510016,0.75826754855578,0.6760244457904501,0.45651626990816,0.8308181679964299,0.81430077497719,0.72022560778899
2014-01-13,0.47251759437766,0.52676626369794,0.5697020596801999,0.45609830849388,0.34373186585499,0.0,0.5097299601819401,0.74633309618193
2014-01-14,0.4948426108063,0.63635115627295,0.66174698351186,0.9753831495777099,0.68215480519534,1.1166403342218099,0.68651209348825,0.63904191211798
2014-01-15,0.38979597373626,0.67105038211584,0.47108744910078,0.35409195329175003,0.30140589235248,0.75976561744949,0.45595103392291,0.54259421892347
2014-01-16,0.3719645988925,0.53930697748816,0.46007341907176,0.34268798760783,0.32389711626913,0.73850795309463,0.60305738971448,0.47684174764621
2014-01-17,0.3625944274273,0.73303810964629,0.73039599245332,0.39293149840469,0.39276042632111996,0.9924828762739699,0.55026439594293,0.91465099526806
2014-01-20,0.0,0.53157662890661,0.37037123650959003,0.29411619391643,0.24264967107612997,0.63515758504373,0.5513416365785699,0.64439654158614
2014-01-21,0.66568158838458,0.7379352182315,0.58760264358485,0.50265025290388,0.36136497165165,0.68236522908205,0.40762115560508,0.4811948910832
2014-01-22,0.31373873072311,0.61162082781954,0.65532848670483,0.50121147284765,0.37737906964128004,0.90556101225223,0.40055932890542,0.54891801706742
2014-01-23,0.71243316604005,0.7907131091653599,0.8099701960303299,0.48045116771158997,0.43135550148923,0.8677156228775801,0.55819606739479,1.06846328866882
2014-01-24,0.90682038961998,1.04994854685217,1.14715392972913,0.7670333860556,0.70499808775745,0.9876175952741101,0.65519575972083,0.65392218648611
2014-01-27,0.8113361390480901,0.96766448700959,1.02403185182004,1.12640303108079,0.8421271680366,1.05005176860857,0.6563229011284399,0.6246691789907199
2014-01-28,0.5316144969605401,0.7847581315471,0.8070306657591,0.62137334708888,0.61851345448667,0.83672591144835,0.53316216589841,0.43288420442773995
2014-01-29,1.04218110648245,1.30698996954223,1.42855178087005,1.1994273521305898,0.9551489939127401,0.77378012444845,0.48386819618267,0.50087895270021
2014-01-30,0.7801462349717401,1.04382902645787,1.03275242656408,1.17387704166577,0.6403956305220201,1.27596458345402,0.0,0.62752350188666
2014-01-31,1.1046422552731698,1.28885657405003,1.23703902136432,0.86655774767896,0.76447345254299,1.18279184483069,0.0,0.0
2014-02-03,0.9668376775568199,1.18929337110109,1.33035418270586,0.89167427769391,1.01279009844488,1.19221817331476,0.48515627021547003,0.0
2014-02-04,0.8199449736292099,0.88982816843693,0.86559952229672,0.8012760587272899,0.54953413945836,1.60719583796748,0.61776161045021,0.69823938681493
2014-02-05,0.92694591429941,0.85749820225003,0.95965437217746,0.81951790081225,0.55950280407533,1.2378953169949298,0.48677339516319995,0.8851264561697001
2014-02-06,0.55751531217867,1.01256024894867,1.09725438985542,0.80113425381243,0.6096219848074801,0.9547833377033099,0.56847545998946,0.54327037760912
2014-02-07,0.65374667977988,0.9298204576929101,0.90485994234669,0.8085526805270501,0.53477315907752,0.7397321373270901,0.41294720311846006,0.67981296911528
2014-02-10,0.31248181436351,0.5610036316140601,0.57618782611593,0.40788316378345,0.33658205575996,0.70442956480138,0.47753435292699,0.74127009457578
2014-02-11,0.41629142643210004,0.67336184656916,0.61545603354295,0.6644322719595199,0.44645920799356,0.0,0.43266042223677004,0.76942495368275
2014-02-12,0.45831323069915003,0.5671547980496899,0.54010388858988,0.49888080698656,0.41074570373687,0.67934572423149,0.41571211525547,0.58488551637164
2014-02-13,0.4926544532675,0.66921820013251,0.7037982096845901,0.59233165895354,0.50448088147878,0.75954814154004,0.53217791832522,0.63010657709027
2014-02-14,0.38318943004154005,0.60853323841916,0.60520497200286,0.43240114046131,0.42171026311748006,1.5592760491401099,0.43489393267909005,0.5200991704089201
2014-02-17,0.0,0.30275535149561,0.44071610765763,0.49253661042580005,0.29498878583953003,1.04134969711619,0.44116375956176,0.478059383711
2014-02-18,0.35371309262541,0.72736241262772,0.6522235416390301,0.60341058568625,0.3951549325047,1.47585268168472,0.45545239892353,0.55350572660751
2014-02-19,0.54439004889685,0.71900204915037,0.6061256734938001,0.54869644027603,0.50907263154642,0.79908486846118,0.51835938105004,0.5274220759272901
2014-02-20,0.51263076149739,0.78757409135852,0.72258569243646,1.01560750975512,0.43396968253614004,1.1217944333455199,0.57120367373123,1.3019482480406
2014-02-21,0.41156574682881997,0.55934698419954,0.53460893963299,0.78946078934089,0.35935857458183,0.8472435507290901,0.29227058696449004,0.52966525155927
2014-02-24,0.5828454408767699,0.6135970866377201,0.51555850927894,0.51764921788538,0.43369135988359,1.18836794056344,0.49615779503242,0.80337297260077
2014-02-25,0.56813157467984,0.56993424314176,0.64050866457939,0.7560026973976101,0.38468717245176,0.7022347175118501,0.38584573290826,0.56873046006984
2014-02-26,0.54708980995599,0.55959995561752,0.44506681325797004,0.44372288829388995,0.28093570669657003,0.8268715491933599,0.38891311916004,0.5641615212136
2014-02-27,0.52451115389385,0.9299253990780301,0.69667464185177,0.669573374643,0.48951591377235,0.8597348876112101,0.36891544949772,0.74036376220958
2014-02-28,0.61108958346765,0.75900365269115,0.71048283838756,0.47889088767008003,0.38047629143257,1.05409211436951,0.57484431021731,0.8124541345091101
2014-03-03,0.91337934652451,1.41556872697018,0.91333382952454,1.72532940307698,0.6427109479566799,1.20598127287159,0.49052022640608,0.7077071184244
2014-03-04,0.9675481150030499,0.92055396256154,0.79251109443293,1.31211620703198,0.70540331638153,0.78246219821827,0.37311919076553,0.81557703453865
2014-03-05,0.41537228594388,0.57802245399453,0.58622578905489,0.5166317889248601,0.32620197908357,0.6954053737292,0.29578461056174,0.59288904001823
2014-03-06,0.40407716930899,0.67814186483465,0.8132398590013299,0.68517716857152,0.37369520275896,0.9321517906712,0.36687256025138,0.63892254232853
2014-03-07,0.55469536228668,1.36565520367038,1.1367023198296,0.8833073077013099,0.69670256884297,0.70667806159935,0.35954280994598004,0.68838753079604
2014-03-10,0.47514827848717,0.99381605096652,0.88124446060169,0.65835960365292,0.50425344669879,0.83244982873133,0.39663767004102,0.48948182246062005
2014-03-11,0.50070322401344,0.77592864341784,0.6331517384929499,0.59320632541585,0.48430978707162,0.84172720332994,0.36216235188946,0.46418005754448
2014-03-12,0.67694938140675,0.981765079003,0.83635468626772,0.85933518297955,0.54793487372689,0.7709421536301899,0.5240661250102,0.60155412983153
2014-03-13,0.73079129557204,0.9485985652440101,0.85116240918334,0.57876015959565,0.58120272498621,0.83867456041234,0.76431561743108,0.83484868328727
2014-03-14,0.68155039269449,1.36707570626392,1.12019691282827,0.82133638605265,0.66141980491493,1.11135840968249,0.49179875949043,0.60706169468657
2014-03-17,0.74760822641892,0.8859100761985801,0.74131099008748,0.53258707994999,0.55936418423224,1.1761091269911899,0.44025800084177,0.63074484870734
2014-03-18,0.48231756502344003,1.1635456172656,1.03862369823435,0.69914350019683,0.54311142498218,0.88540553104579,0.40346049461878,0.53374512974258
2014-03-19,0.75743567851217,0.74913207588703,0.66185000432926,0.53803699503935,0.39275081972422,1.39127565730375,0.37717323921266,0.5054428607879
2014-03-20,0.5430733939567,0.84413050635941,0.9318916374538401,0.8024990884272301,0.48746197477340997,1.3414830494538401,0.49770893502307,0.8145541076355299
2014-03-21,0.71110926591378,0.69715531231578,0.71040766393328,0.51464894749524,0.41878741943825,0.0,0.30561572274865,0.67842053704601
2014-03-24,0.69544132950916,1.01437184511006,0.9814049631656601,0.69611700240747,0.67605469144008,1.006045033581,0.55959315131313,1.14791027422007
2014-03-25,0.76362639205234,0.80793769885105,0.82294067198502,0.78708450929544,0.53337061767975,0.97145490059062,0.47395010903422996,0.6355188284884
2014-03-26,0.64480934317131,0.70176903904265,0.59123203822241,0.42099370452422,0.4349447754145,0.96506925674708,0.36362792403179,0.48755852196126
2014-03-27,0.7987460613652899,0.82510513135601,0.73807569152504,0.6757574139136799,0.42914666567122,1.30560545794853,0.33001928097348,0.5623462158475
2014-03-28,0.61676844771501,0.6531694299308299,0.55150610533101,0.57431682224204,0.34326293414013,0.89101134652315,0.44567807798864995,0.47535519753476
2014-03-31,0.70626075593383,0.67189424157583,0.68011424545193,0.7501806416865,0.38784960910863,0.69621203620462,0.53290569947676,0.54449441373364
2014-04-01,0.47637958092616994,0.50957430124127,0.52304371449298,0.64258878772353,0.36050754263108997,0.75543672637909,0.45367451379989,0.61337213749089
2014-04-02,0.37295157744301,0.43766862070564,0.41487445826453,0.46047591138833005,0.34295552007915003,0.8529637776054301,0.23820100756257997,0.42954593618563
2014-04-03,0.3824391563597,0.66034637897808,0.8165293360835,0.47194967633369994,0.3591195949986,0.70557420483567,0.34250250899596996,0.49865385110629995
2014-04-04,0.77531962673362,0.5500061927960199,0.59809246826509,0.53746440113077,0.44500673859556,0.5401592139320199,0.38496485208048004,0.48999943475387
2014-04-07,0.73298808869168,0.77533837072503,0.69810598597396,0.80834994808309,0.43807880690056994,0.65785064060416,0.5002974616668799,0.51489203565797
2014-04-08,0.62603868334324,0.8493347585592399,0.7656292985889901,0.53728638812365,0.50607955488943,0.91379921909703,0.45363140614062997,0.56364933929089
2014-04-09,0.5471668239789199,0.5591889377773299,0.52560807669698,0.51287176617212,0.33777805757351004,1.0099090839402298,0.3730706473566,0.5279809235727301
2014-04-10,0.83124939717262,1.01237390938229,0.7885319713354899,0.74909122060193,0.58026528429756,0.88977112044673,0.5009900374066399,1.06901959520394
2014-04-11,1.007360736444,0.9639632238962901,0.85187534234758,1.0368177101993301,0.8086523696714301,1.06554369131584,0.40514935921510997,0.72593842077144
2014-04-14,0.85295360913416,0.85752340757894,0.7973896223740701,0.68062874263926,0.50684639467921,0.8920437337473899,0.46094933455398,0.54353349156884
2014-04-15,0.9179202508999401,1.1097856357626,0.85458917748853,0.6020193461354401,0.7311895784631299,0.74174688717931,0.39984714551405,0.6628153300046999
2014-04-16,0.68598305570456,0.85245183918985,0.72244699549362,0.9636122050379401,0.37563541629923003,0.90562215692269,0.34781387620864995,0.7053516958164401
2014-04-17,0.47364476511892,0.70679009833464,0.6576319915348899,0.50806448986412,0.39941666403981,0.95001897109449,0.34906004923475,0.5814557195568799
2014-04-18,0.0,0.0,0.0,0.0,0.0,0.58805011816217,0.33066024786329,0.0
2014-04-21,0.34162200297931,0.0,0.0,0.0,0.0,0.6855194646957701,0.32748717547829004,0.0
2014-04-22,0.32808823297144,0.64176205323927,0.49225256209002,0.54021037697914,0.40353926307297994,0.60507149958616,0.39831002266675,0.52220864853743
2014-04-23,0.36450959412182,0.59187047300899,0.5369295136761101,0.35303634380978,0.35958612847203,0.66819072654089,0.38145100922499003,0.74117120945499
2014-04-24,0.5891080418099399,1.14371486225457,0.64377886074521,0.60547874710033,0.61235502873007,0.7531963983223701,0.36006986552884,0.49728948384026
2014-04-25,0.58639413079777,1.09292463513135,0.68687609467549,0.5421556258331,0.5360403490093,0.81715425738718,0.37953927602735,0.5034303970498499
2014-04-28,0.8235853566184399,0.98122738083342,0.70503912541829,0.59935929835961,0.5148931481286401,0.52026746584045,0.46890782018961996,0.42780197521926
2014-04-29,0.50018944536207,0.88014352989189,0.64880813522954,0.73437738376846,0.47838602700508004,0.0,0.44847767413015005,0.72858767859373
2014-04-30,0.49780338993639994,0.66797448858233,0.52568786682218,0.46287789488135,0.27242808588714,0.7706512896757399,0.34163930615846,0.78018376755094
2014-05-01,0.45116809777713,0.0,0.0,0.38571487929309,0.0,0.8471247787752499,0.0,0.0
2014-05-02,0.5626687125380601,0.82131846864625,0.61393998415966,0.47177950545714,0.36537171158179,0.44685052499020006,0.34048424852518,0.47835194428792005
2014-05-05,0.7295594160866601,1.06859001019567,0.9006877731649,0.0,0.5697824717609801,0.0,0.0,0.86080267775256
2014-05-06,0.5130740855085499,0.76888582043607,0.67600606766173,0.3826643341659,0.44282225183521995,0.0,0.0,0.0
2014-05-07,0.8969767680749301,0.91037618616513,0.84373485053849,0.60370366857219,0.56347995116853,0.68703073991045,0.48494961733337,0.69859285138583
2014-05-08,0.51938222661442,1.03483449115112,0.84921115931982,0.49154382977748995,0.4817073338265,0.66383459569391,0.44577679711309004,0.6847340126017
2014-05-09,0.55815544073582,0.51442963542805,0.52365511781637,0.4135714579646,0.36645171820447,0.8249565060770301,0.39555353125368997,0.6430971190038399
2014-05-12,0.48018662245682003,0.75890529145282,0.48802442142033,0.49888782785714997,0.30065646554671,0.64987972785636,0.37640479210259,0.99142710505945
2014-05-13,0.31696823794668,0.57749282746145,0.48768102729979995,0.39972407776675,0.27964145412928004,0.57059686481501,0.3723531122853,0.43722206166402
2014-05-14,0.38752996163443,0.39282160367352,0.36679679834051,0.319004794175,0.23606825776385001,0.44689206753645,0.43691268599192,0.86033701617433
2014-05-15,0.69111940214231,0.87993656174471,0.75606802392783,0.47734876645043006,0.67996391276936,0.6437694485557,0.35734536734397,0.6810364663588501
2014-05-16,0.46763943779825995,0.8548274072691,0.6574404862609801,0.50904512172457,0.39259307338536,0.5206161247255701,0.48168161351353,0.59948240167681
2014-05-19,0.34235181096026,0.95170114352038,0.79045514172818,0.62520170704771,0.53307137009049,0.68030915843804,0.55125019122616,0.61709425662078
2014-05-20,0.5234825272011501,0.64543215486524,0.59760606982854,0.44222533248180995,0.29475079866821,0.5580016455286201,0.35739448414922,0.46527590358781
2014-05-21,0.49420695205799997,0.68071561672556,0.66607465636728,0.44652909447127,0.3530671898173,0.63753918593764,0.42510923269506,0.74408567817694
2014-05-22,0.30170883549637,0.46189125769063,0.55804518017102,0.43012709756697,0.32934265610935,0.6842452798802601,0.40926021839806,0.55081254596482
2014-05-23,0.20592427232209,0.45158031831503004,0.41099081456937,0.35856772521301,0.32342700372199,0.44052287372085,0.26510219331577,0.43771311637692
2014-05-26,0.0,0.59278127886434,0.5054135763972,0.0,0.25543003969291,0.37913491385287,0.39929500350594,0.41184223972037
2014-05-27,0.42497069408713994,0.42742704485734995,0.40709834497474,0.4593013627795,0.26973715001052,0.6434642361735701,0.64045485852514,0.44189394985141
2014-05-28,0.29313588658516,0.3630224914154,0.40883133904219005,0.32523652299101,0.22872710708977997,0.62030261597014,0.42676830187257997,0.63952326070791
2014-05-29,0.36290592184093,0.31982605239798,0.38540022311350997,0.31576938655466,0.0,0.61157199376751,0.27189663603066,0.42927354770646003
2014-05-30,0.28962719107308,0.39217042049289996,0.52688295860696,0.41242386320023,0.3798787553973,0.63280489411693,0.65044259643325,0.74451910610767
2014-06-02,0.39007815370578003,0.49585881435490997,0.48360409110329,0.44287444815174,0.29379873050881,0.63777708923714,0.39264827374168,0.0
2014-06-03,0.30763808773849,0.44635614714854,0.34676993599774003,0.37273260727994,0.31488554594052,0.46424276880876997,0.60500767151675,0.6007189049038699
2014-06-04,0.29414263586065,0.56589536201832,0.5928688107959,0.38780244288832,0.30768978258212,0.62038948055618,0.0,0.48794560950826
2014-06-05,0.39007377080061,0.8585800460917601,1.05601261976408,0.5758287969188399,0.5477844414355799,0.42855427046043,0.43817604027223,0.49385709207551004
2014-06-06,0.26896570316939,0.46577703111093,0.57023956026405,0.43958942381,0.0,0.48644966303666004,0.0,0.7527817990618799
2014-06-09,0.27719072489753,0.24162600311935,0.34865288265763,0.21615224458007998,0.28937082342320003,0.39111124110379003,0.43325062017767,0.34317803789602
2014-06-10,0.29700223659522,0.40316962522433,0.35760710781223,0.40576693852633006,0.23987611430737002,0.62941204003342,0.49776105607482,0.6240521726257999
2014-06-11,0.41138506945682,0.56348228100043,0.5192878770088499,0.39093239260263,0.32686396273663,0.38836091427716,0.40366833164555,0.44851010557809
2014-06-12,0.41830472591431,0.38806263653661,0.45080690912083005,0.29099967777531,0.26822836709432,0.5559938615721399,0.37406953252709,0.39491443338704996
2014-06-13,0.43430269927867,0.71349042058487,0.67956689152268,0.5777619990431401,0.40033367932047004,0.68535827835584,0.50387837158581,0.55303567375608
2014-06-16,0.44161438272385994,0.46600147286316,0.5584444954386399,0.45739275509558003,0.42095727172351005,0.61710513419667,0.31889335383421,0.36472151277898
2014-06-17,0.37112328604458,0.85543241690123,0.57451674813844,0.44628902416849997,0.36806379356776003,0.5108877784508,0.31693837329073,0.38781068991751
2014-06-18,0.41930567577905997,0.34584934578204,0.40677657983320004,0.37510485247572,0.30994103957482,0.52923119286911,0.3890260518836,0.49294370928229
2014-06-19,0.2912806698802,0.30992022056519003,0.43609361672495,0.66881700220523,0.27812832243792,0.71556902132156,0.33651563873378,0.51324255650734
2014-06-20,0.2334419476681,0.40431019571296,0.47974608797685997,0.46320498572638996,0.0,0.6328793651486,0.46845404401923,0.38491600646273
2014-06-23,0.26675518409626003,0.76650875647757,0.7323541092297899,0.45214882485574,0.48302605631928,0.54107992204166,0.46746910570937006,1.0543483044113
2014-06-24,0.43172421310745,0.41425968631581,0.48331943459761,0.43849324172317,0.30320917759769,0.60103110970338,0.38460900499357,0.46851560212647003
2014-06-25,0.37854803648545,0.6086294502777501,0.6733975624425199,0.60019312433508,0.49365304144008,0.47001129532599,0.3663909754696,0.40989177659215004
2014-06-26,0.49628469508329004,0.7661485546965,0.8042456766752699,0.43947185330698996,0.51176419568847,0.39681257690895,0.62370856242117,0.52891051681931
2014-06-27,0.35436864709963,0.50517357277105,0.49478345820295,0.33682232196341,0.36256567859536,0.8402188544802199,0.45669696453669,0.50108581613812
2014-06-30,0.27126726717096,0.6167628325353001,0.65603087007781,0.44661965275301996,0.36426459491575,0.57549504284965,0.42113799616375003,0.97013234573714
2014-07-01,0.36892691990239,0.50105000737717,0.43833867310395,0.37421564950799,0.38170137595967,0.83792729162472,0.32784396908366,0.0
2014-07-02,0.26151703740439003,0.36050370327703,0.54009715500594,0.34302656956047,0.28618707558542,0.39061250529482,0.43119520167876996,0.5456693144167
2014-07-03,0.31731521942806,0.5555306424811,0.7048249618967101,0.3653095083924,0.48561977806072,0.4210403280032,0.31473687720487,0.42897094543575
2014-07-04,0.0,0.22578724673233,0.2859704606379,0.2306859872232,0.22009077972254001,0.33971895967061,0.37441212626911,0.36848053922239
2014-07-07,0.36314473818586,0.62897003033715,0.5847143665518301,0.37258461545132,0.30809050519522,0.37034258602674996,0.38168912991952003,0.44354392539559
2014-07-08,0.5589419022351,0.68450382076962,0.7407058893468,0.44865513534685003,0.46615774389273995,0.6194824703489,0.47110578613890003,0.40288737536965996
2014-07-09,0.45819183389030005,0.57488955358984,0.56983263120515,0.45294885817112,0.32998351238444,0.50968153079776,0.33105846349532,0.5360903818202599
2014-07-10,0.7611199562815499,0.9959629346517699,1.02538400575004,0.72480384857527,0.6572836087197099,0.40454502463246006,0.29468087575363,0.28770790480935
2014-07-11,0.35084838508385996,0.5777715892263999,0.6270723747319099,0.46081185772029,0.47791787622376,0.5333577506085,0.29963273708905,0.55828652220267
2014-07-14,0.41344325446165997,0.51089506641816,0.5396045499586,0.48201252326397,0.36408613062967,0.4415579875206,0.39193792782932996,0.60342616016047
2014-07-15,0.53884593513709,0.7958306071647899,0.90285984330497,0.56952171408439,0.58541158295326,0.48751058919490997,0.40759669509085,0.37010701595888
2014-07-16,0.44707804936469997,0.59171167212618,0.61303031465777,0.58250497837305,0.49178926442787996,0.3404822715395,0.35802709375215,0.43883485041153997
2014-07-17,0.6419260917820601,0.90056466298927,0.7762482609735101,0.55508931140523,0.5016522629172699,0.37393008035661,0.28855146392696,0.46243501402321
2014-07-18,0.39779762455233,0.81716580049505,0.5987081511488299,0.6307793608658699,0.44623417034200996,0.5535996056649599,0.30281527031223,0.44593528308739994
2014-07-21,0.40885425257985997,0.8266327726775401,0.69533289511397,0.45190439186121995,0.5565671089562599,0.0,0.34757818330176,0.33374065328291
2014-07-22,0.37651147588898,0.61048973153893,0.6026329471713501,0.5002872310000099,0.38868193908213,0.40292330386636,0.37012839630336,0.56204394999326
2014-07-23,0.25255132867305,0.6228562595871,0.61288455691833,0.43665594940546,0.39521961794321997,0.30114886707416,0.33715286881248,0.41898223374885996
2014-07-24,0.2758019239016,1.08224658188326,0.85023786280228,0.48359861986664,0.37116553075055997,0.5204686235153401,0.39256781948443,0.32322324243587
2014-07-25,0.43292834787358997,0.7843686638771399,0.80976210987614,0.47083179133936004,0.32777852013611997,0.37525520650693,0.39154991355036994,0.42082972212825
2014-07-28,0.42229311352883,0.8559920300731501,0.8773556922690899,0.62459317262491,0.5761423945031999,0.49145384331006997,0.39611507542734,0.63781110318405
2014-07-29,0.45857192283583004,0.75195272284304,0.7716324366491399,0.59113336201456,0.40879289252234996,0.36667457603015996,0.44027539199976,0.4482933046038
2014-07-30,0.60613376540376,0.73270197259426,0.95756379066777,0.48773205725482,0.41876587006943,0.41785623322556,0.52637646237574,0.77957615918988
2014-07-31,0.8659615877633701,0.9771895479418801,1.0800147864409,0.62356222217598,0.64339418077667,0.49558058691797,0.6873292377810399,0.63206748857937
2014-08-01,0.8324301478662199,1.2024430416526999,1.10133371424378,0.81500460262509,0.78093325006672,0.47997930951059997,0.5611398223526,0.60790895820751
2014-08-04,0.47940515811874995,0.8190375078458301,0.73586464217474,0.54244449786646,0.45735787685744,0.44888685727621996,0.52340783783724,0.43139199851242005
2014-08-05,0.88674720349021,0.78952978243481,0.74270264319697,0.4788937503519,0.48186485990749,0.5403825339661901,0.5006743989919,0.61015061216069
2014-08-06,0.67506278711859,0.99619062591084,0.9649890416255099,0.9427458599178399,0.65125684252477,0.6847516937882201,0.42100956956190005,0.47893792894917
2014-08-07,0.7133786420861,1.14180096643635,0.98047939313465,0.56449183333401,0.6129421821665,0.8375794436100601,0.42803073013515,0.35433162365991
2014-08-08,0.5158858452873201,1.2180251401986701,0.90855955545782,0.78286914208166,0.59177356356028,1.19558091861153,0.54905048033959,0.81069364360141
2014-08-11,0.41875539705580006,0.62259891518624,0.6420041725310099,0.6162877740196699,0.52619659587536,0.678732465432,0.4085585602238,0.35391873743311
2014-08-12,0.46778280616163,0.77655809861594,0.7359959864098901,0.47329352269743,0.49337205318278,0.5041671182036,0.45808536999754,0.49601818391402
2014-08-13,0.45824566299357006,0.60629301551153,0.5897817271872,0.40276405140118,0.41977968770444996,0.59598274164916,0.37273915050958,0.65091675119083
2014-08-14,0.26593458719498997,0.74460832961559,0.69241081939358,0.4142268708443,0.41874630189949,0.41829087148429,0.41851517335147004,0.55424457384697
2014-08-15,0.7498508105630199,1.81096077189788,1.0442149927323299,0.63409170635044,0.50154257756028,0.30149517569919,0.0,0.49818012725839
2014-08-18,0.46496976640233,0.5536080934675001,0.54050641614218,0.71298526117184,0.31947546864666,0.42790744930069996,0.5593621266507101,0.51457274721671
2014-08-19,0.25456897850914,0.53316275742598,0.5117703580135,0.38573504293833,0.31570236888319997,0.30512190500039,0.32057210578804,0.65862214804819
2014-08-20,0.30162111174429,0.6962284557808001,0.68449471019454,0.34306928390163,0.36966400010098,0.30348796984186,0.45428448726835,0.44476450488673996
2014-08-21,0.28956974483096,0.75765415394542,0.62429142041637,0.3229109640986,0.3569266780607,0.38702156158079,0.50474519377874,0.62078334882101
2014-08-22,0.42676148789002005,1.08073416630825,0.95817665705907,0.51909775989042,0.45806427022461,0.31535680885475,0.42705102830855,0.49136127445287003
2014-08-25,0.35325382089963,0.5323609364184101,0.61365495148745,0.0,0.29577262711097,0.38037792469686,0.59744870186187,0.62253552744717
2014-08-26,0.23759840274308,0.62125692421746,0.5204562362957801,0.57807398235576,0.29674975496118,0.31082102863109,0.35681434751828,0.35953685203655
2014-08-27,0.24147634758844,0.47437888989407,0.45919183561610005,0.23254104375387002,0.28336621255272,0.45898397523534,0.45551102538028004,0.56091254316545
2014-08-28,0.40291795706086997,0.82576225224041,0.69435186558426,0.34509041950064,0.47236460385023,0.38679839649538,0.32768294761913,0.78593279395809
2014-08-29,0.25389574924187003,0.73216676705356,0.66764799810209,0.44918736988318003,0.36309127523648,0.39064065514499996,0.51669756821361,0.5409314874397301
2014-09-01,0.0,0.54605825895958,0.49874620219972,0.25976613808632004,0.35221275982447003,0.22931044337700998,0.42619717087917,0.58792570539621
2014-09-02,0.36331887720658995,0.66726097017453,0.5347451993664,0.46839448852766996,0.34932531361069996,0.53662374711896,0.39515645925277,0.59615524470632
2014-09-03,0.37144133710662997,1.04575821215422,0.80264244330872,0.48964647600832,0.45015968321925,0.46095582832466003,0.55432619034281,0.72495007365765
2014-09-04,0.40892475220669,1.0816827896315,1.0327875630230001,0.46061185975824004,0.52859008726282,0.40266038108767,0.48922359152414,0.4370587610557
2014-09-05,0.45733144393894,0.86768301027647,0.66341601220039,0.42124801134378004,0.4188125672424,0.47743713191114995,0.40816993529589,0.53860668021895
2014-09-08,0.38709862889566,0.47137482194147,0.51199964534106,0.52777792790711,0.36519728902194,0.37969409911397,0.0,0.5537907539257301
2014-09-09,0.5338570889699601,0.51609242840324,0.46904410863181,0.34673607776889,0.26509267013123,0.34021302433253997,0.0,0.0
2014-09-10,0.52018861524767,0.66682858170033,0.6001913187451899,0.49377155617931,0.36983490595859003,0.3940788525717,0.0,0.64006460849701
2014-09-11,0.43031848467455,0.7845733143667399,0.80069360282406,0.52925300351248,0.4815482504411,0.40020424739627,0.72669737778911,0.59705160294184
2014-09-12,0.47453364672295,0.58683416032311,0.48081353535481003,0.52527121957442,0.44353297230735006,0.51420431826889,0.45908480592708995,0.61729770419543
2014-09-15,0.4190886417407,0.60170864460467,0.47322506612785004,0.66593936359614,0.39462950356668997,0.0,0.43585526976857,0.6048693527961401
2014-09-16,0.44057730346441,0.60149182038641,0.53554423430923,0.52340539636375,0.36913718340484,0.35972710697042,0.29281412703605003,0.51395571458096
2014-09-17,0.71709442851134,0.50570020045297,0.43582677444081996,0.4049214014589,0.25468005287926,0.35162345999080996,0.37738502917515004,0.49921643867311
2014-09-18,0.37039586871290003,0.5875977149100999,0.5308890564352,0.4393719933337,0.38394956091347004,0.36179756257577,0.38079288799445,0.60837878081716
2014-09-19,0.45736087139958,0.56104925207174,0.56809668241186,0.80837970438562,0.28275925778301003,0.51726817926997,0.32510820391990997,0.7020172174817301
2014-09-22,0.44572679043017005,0.52159879150151,0.5367237012408,0.6989385758442,0.3079167868447,0.35834185189154,0.43448825367821003,0.49837230444059
2014-09-23,0.49305045603762,0.8162332743159899,0.85746575552288,0.78866461923639,0.39119476680316,0.0,0.51512469063661,0.6145754293397201
2014-09-24,0.40974364529742,0.78141078532331,0.6223663150723601,0.44324951131157,0.46467090858122,0.5036600975043,0.48339392650102997,0.61346298957777
2014-09-25,0.70365888397579,0.93527458095843,0.84952815498727,0.58109634037925,0.5459328651609,0.33819990664693,0.41328657784107997,0.65141796415493
2014-09-26,0.59855975853801,0.94871042602816,0.93961203942266,0.58920624868172,0.58981131087698,0.57338597970215,0.41926064262399,0.5697717780391
2014-09-29,0.94253612459702,1.01184158007812,0.93322252623812,0.61587274528357,0.57386677186309,0.45848028462550994,0.49092257307914,0.71084197159517
2014-09-30,0.60421613776187,0.74873983583127,0.84498029311256,0.49624230853113005,0.53956101577069,0.54645309905317,0.41856661098847,0.8839502767798201
2014-10-01,0.77547737103569,0.8419884092033101,0.72238416503349,0.5799978745169301,0.54208570297263,0.64316355696166,0.31939605860215,0.0
2014-10-02,0.74889137555012,1.1729701824330399,1.29546861156571,0.7129496035071,0.7985190075609401,0.76328413207603,0.6898203117360401,0.0
2014-10-03,0.80843179047928,0.0,0.89016580693177,1.00658489323206,0.49702738418588005,1.0020510687864101,0.0,1.08096578386274
2014-10-06,0.65416898074869,0.88733725401836,0.75145481632863,0.5378450886823599,0.52695683857153,0.55427084912615,0.52427278776495,0.9456189425669901
2014-10-07,0.85882275713434,0.94706561292163,0.9815039775804,0.75925987485611,0.8305906662738701,0.6125757707493801,0.48625706759362003,0.7576853331091901
2014-10-08,0.89283292500676,0.91754929728753,1.06950886317692,0.76740940991163,0.8013239758399401,0.58714722518659,0.55059240754707,0.61531745631322
2014-10-09,1.04569639284736,1.19835072992217,1.41713463444197,1.17480739300746,0.9933265688028701,0.91856517419232,0.0,0.57380913227079
2014-10-10,1.10596873768836,1.32139662276169,1.0737065250812199,1.05526234999785,0.9269078796492001,0.74708725095085,0.53692882997537,0.48481767292489997
2014-10-13,1.1766607690719502,1.06344786869032,1.08191877712053,1.05622034247263,0.83659183105007,0.0,0.73641100510168,0.8757706981095501
2014-10-14,1.2357145487263599,1.24387547181701,1.2754560892809998,0.93905400067834,1.03223623573918,0.76260677667673,0.59622598041028,0.9314601777981499
2014-10-15,2.3037501972134398,1.76240535367207,1.75159571222756,1.27678233813637,1.36530577105386,0.99067351345251,0.66763536664929,0.8922618704374999
2014-10-16,1.6580957083045598,2.90236984989284,3.12458551066985,2.02982285171465,2.08991872390315,0.98506254837293,0.62822623730293,0.66268556912455
2014-10-17,1.24978490160907,1.2724898942015201,1.58591127778069,1.08519530159644,1.0431537118593701,1.05173865504363,0.6876258151960299,0.8976467753168601
2014-10-20,0.72336740882477,1.3820004202625902,1.76397368242386,1.0661172005450401,1.23939203178171,0.90733127077914,0.37683234960342,0.5678172874757099
2014-10-21,0.74973162613535,1.18614582869898,1.3205311794346202,0.85527960804168,0.9331016794805,1.08820682182202,0.53052426213714,0.6823004802657999
2014-10-22,0.74439620114673,0.9651153534572301,0.9164056401173,0.61697922530101,0.6655333261830101,0.7912335463494701,0.43929897947637997,0.61035293548413
2014-10-23,1.03168179718893,1.4281352883435,1.4572682019244,1.3916757400267399,0.93546080706404,0.71469612156065,0.76390136751255,0.49262294708708
2014-10-24,0.5909020994249,0.95770485231288,0.9994346366129,0.89969379116177,0.70383205135247,0.72609916498765,0.67026866499339,0.56603650336513
2014-10-27,0.62806287982945,1.38738764730878,1.3081823074793502,1.12044002850755,0.75395106200964,0.48718123252097,0.37802090830171997,0.67568691658284
2014-10-28,0.51385988204141,0.68266881699893,0.81581553153901,0.70428524961301,0.58614788200969,0.46595663253606,0.38197295210885995,0.7564483503168999
2014-10-29,0.71735821216012,0.7205971523343899,0.9227386985062499,0.79130150221718,0.56382842628431,0.67807757286238,0.5949343744338,0.49913439433892
2014-10-30,0.56094756042412,1.6127498135864098,1.48933809445337,0.9519059838107601,0.83368146518471,0.4152505106771,0.6260377183141099,0.53751363923174
2014-10-31,0.7405169284147,0.76743439051323,0.86632767693162,1.13825893763985,0.45739297740745993,2.1977099321819,0.62573488788815,0.68350426885741
2014-11-03,0.45962167621110006,0.85464227412369,0.7841711547746599,0.7007246052152699,0.6832758347365601,0.0,0.51515501864718,0.5242712702846
2014-11-04,0.52328800820874,0.9955128439959,0.8754057531559399,0.61184155949397,0.62586068687789,1.91155041989741,0.58523396120339,0.58953271267298
2014-11-05,0.58976014633667,0.78622435382941,0.76489171040422,0.87076002042266,0.3997694511743,1.00053377621647,0.52667098427973,0.60371476590914
2014-11-06,0.39968557162452,1.62045446175108,1.82906251344261,0.97012772971926,0.78262436952879,1.24881299521705,0.64335395640178,0.51046723752679
2014-11-07,0.44907497137656,0.98783017001835,1.12646732241108,0.66245834363661,0.56458829520401,0.54836544132483,0.49799624155555994,1.08868990116837
2014-11-10,0.28444537334031,0.8133153826683601,0.89370752746687,0.55277609507151,0.5132038729426,0.5790799270799101,0.44324466970991006,0.84651045757827
2014-11-11,0.25874946789239,0.5137177332594399,0.56125321204879,0.32195960152215003,0.28304482068658,0.65752843014884,0.41973336080165,0.58624306238436
2014-11-12,0.40562359063302,1.0079449814325099,0.8592891866232801,0.54890607985596,0.51414124740913,1.03072683415199,0.39307056129688,0.51700280616573
2014-11-13,0.5077185428993299,0.93052635382168,0.9694907986641099,0.5086792738801199,0.39222375067158993,0.88764492698164,0.43068418142709003,0.67569431767712
2014-11-14,0.32405505886236,0.86053131997089,0.9411498493273299,0.50937192095914,0.51644134672509,0.9472581460917,0.66949477690794,0.46270117958396
2014-11-17,0.35571714304672003,1.03823125637836,0.97788043411173,0.63075367450429,0.48365875623324,1.05095955052323,0.63416691263699,0.9919244466268301
2014-11-18,0.29249278172009,0.6369079262487101,0.56394481983064,0.4012211592434,0.35468622779079,0.6759118065352999,0.5666393943785599,0.72053380282794
2014-11-19,0.51722475022107,0.6336580101563,0.66531259136673,0.42285564541983,0.37296593817442,0.73026725930292,0.5010618184866801,0.50267483465516
2014-11-20,0.37730441326247,0.90999763809093,0.8720265496298301,0.43775192325203,0.44212647285470996,0.5630322980246,0.5156674461298699,0.65744295484807
2014-11-21,0.66098567971185,0.76660567689019,0.84713578422919,0.64411559024132,0.43806402193807004,0.9204501822064001,0.33180230486309,0.53514594194343
2014-11-24,0.30394414994279,0.6223678647304001,0.73919859485374,0.42993105604201,0.41963267638886004,0.0,0.30799330706993,0.50065169148985
2014-11-25,0.33109938493159996,0.7920153827435701,0.69176523950407,0.42554471910505,0.40414179451141996,0.50027897153466,0.47510705689106,0.47397065115465997
2014-11-26,0.18774036573693,0.74582207479614,0.65454252727048,0.46619494310241005,0.48757104169064996,0.38569031462755,0.41046423092073,0.66923669634704
2014-11-27,0.0,0.5933027788453,0.48494617174574,0.5361598711393,0.37105537855146997,0.50433459677243,0.42532576160134,0.51136362666341
2014-11-28,0.30118117472228,0.65434725836549,0.6195351624215399,0.59319291528488,0.45254053003977,0.50687847788412,0.43114895694662997,0.59979937659216
2014-12-01,0.60367262466811,0.74479361242152,0.72805850989861,1.02281890008788,0.48166952742991,0.65395182364007,0.42047595709393,0.8340267603899001
2014-12-02,0.38313456023348,0.8106516881726,0.82036435783483,0.76900190552508,0.54579439593174,0.51602523397325,0.41847505359326,0.8752376496235901
2014-12-03,0.26875728302881,0.55294266024078,0.62366414427298,0.57688357013452,0.40596776299511,0.6252871368365099,0.43730695731581004,1.1583152174309002
2014-12-04,0.42954367121595005,1.34171364291118,1.34581583335053,0.8149060496557999,0.74182893839291,0.5004116633804601,0.34017052074355,0.8173770622029101
2014-12-05,0.36473649529917,0.75643466819283,0.69062084832627,0.79223225441091,0.22493704217649,0.42895721881501,0.29264354079771,1.3700896159551
2014-12-08,0.5491243300508,0.59765491156603,0.48903130546937,0.5756690536549101,0.37311850204946,0.69132455753802,0.30122592738066,0.7730383569504501
2014-12-09,1.0170496410033198,0.8919730437383301,1.13091801086285,1.09017745126378,0.60062899971733,0.4786080438714,0.31311747412290003,1.00570459027191
2014-12-10,0.83447661049488,0.89481388325414,0.99521200519056,0.60185955826144,0.52387911709697,0.98193304374978,0.47854896628159,0.71913186522145
2014-12-11,0.8538368821242299,0.94316656289838,1.0545412127826,0.68654130840097,0.6446365567889699,0.92697402647372,0.67492740141221,0.78946531346633
2014-12-12,0.9141978457929001,1.15162891739092,1.25990119041653,1.26745490101778,0.67827509892292,0.8396664272141,0.5025717218874199,0.64288588437611
2014-12-15,1.27756834526728,1.29747787238973,1.27929148837432,1.12376956122507,1.00404795128619,0.9241033951384601,0.47724684505288,0.49215400021336
2014-12-16,1.2446512388601,2.0534526139258698,2.3048460136833397,1.56116920812223,1.23354637426121,0.64089502535512,0.49112528853429,0.64698166084974
2014-12-17,1.2861887444679299,1.36592758952735,1.77470598688261,1.5331094818958602,0.72752727007502,0.8817685342321699,0.58907814667833,0.8388434150903901
2014-12-18,1.0341268890165198,0.81963583053968,1.11758854036,1.39885386350504,0.53473333345952,0.65928033273462,0.74484753092521,0.7811921267507299
2014-12-19,0.58917043247986,1.18711652928177,1.4121745701445598,1.14288704576655,0.77519130529485,0.54670077465113,0.69866123506928,0.5716078957192
2014-12-22,0.35269009983215,0.71011810520312,0.75076665058366,0.81018190252489,0.49184925109224,0.54934206433852,0.5028649624117799,0.59114463581703
2014-12-23,0.33187223491547,0.71915620499861,0.75785810163042,0.62596625638501,0.38849783870303,0.0,0.31127355045207,0.56211163799011
2014-12-24,0.2151733419744,0.0,0.25592340043191,0.33690081927704,0.0,0.32629268749052004,0.39547745282487,0.46706861473259
2014-12-25,0.0,0.0,0.0,0.0,0.0,0.29669535030461996,0.0,0.0
2014-12-26,0.25206394710971,0.0,0.0,0.0,0.0,0.31702592957729,0.38823494115504,0.0
2014-12-29,0.23829923700094,1.0645965383054699,1.1095124062005701,0.7206811359152899,0.5417095866906,0.98829903692822,0.41279208662369,0.50973931060542
2014-12-30,0.30083942388036,0.55575660197682,0.7771971927308701,0.75628775385542,0.43100608744111996,0.67278763975526,0.48542784359796,0.57568971858246
2014-12-31,0.48846406401226994,0.0,0.39877379893044007,0.59141049043115,0.0,0.0,0.0,0.30989127779523
2015-01-02,0.9161708286230801,1.34838098864675,1.2531175136718,1.0325282716473099,0.59710601133303,0.0,0.46897152503286005,0.43692119412595
2015-01-05,0.83667526532077,1.22588646108234,1.3172802084678101,1.00028410561749,0.43907305358001003,1.05816465669951,0.71077927730498,0.7875018897327999
2015-01-06,1.05353025759396,1.59056941739051,1.36904479022346,1.0801784736334001,0.0,0.83686681904745,0.5842175286575,0.78592456799207
2015-01-07,0.9043862072902901,1.06307469574249,1.28279557399571,0.93910568077363,0.67819194986954,0.7904089514447101,0.40920375118077,0.86280637702298
2015-01-08,0.8460688117175199,0.89019507480713,0.94995292035949,1.17389589245895,0.57316275415573,0.67724921972342,0.396671256496,0.64469667997151
2015-01-09,0.79074008347638,1.43409153236256,1.51003375481775,0.91521967807155,0.8405776429193599,0.74873499919328,0.37639695841763,0.76599954555462
2015-01-12,0.8196387330958901,1.5628691932788201,1.50998686845051,0.92266418212321,0.73592962335524,0.0,0.39231176181121996,0.6415890591582499
2015-01-13,1.47948742167346,1.11522657590823,1.1913812678513098,0.8294043769975201,0.5308992223727801,0.9260557015157701,0.50338968347199,0.68793921980567
2015-01-14,1.21269124150585,1.43441606569084,1.84302868497563,1.7320968955153697,0.82639601852607,0.89425829390404,0.45990178524548,0.65280504798919
2015-01-15,1.01645306153014,3.2475741075950797,2.05920152762326,1.80427452498116,1.0826578992128502,0.9189709857593,0.48670791990921003,0.66442375771193
2015-01-16,0.80223438664259,1.30554836436112,1.33566852324145,1.06857885478892,0.63873962247285,1.04849150691028,0.53240122759965,0.53405140025148
2015-01-19,0.0,0.77862446966971,0.94689884719326,0.62080968707146,0.49686983584224,0.79815909826674,0.37361118279287,0.85782970219437
2015-01-20,0.9148500582944301,0.8257741448443301,0.8212602959476,0.60718676762665,0.50951263602525,0.72732820527372,0.48014189444247,0.71266779653371
2015-01-21,1.0006932376342899,1.3691767040835099,1.57973576011622,0.92545672559443,0.72683612576233,0.65364333009195,0.46535661224008995,0.6184445618764001
2015-01-22,0.78132362538139,1.4168672373797,1.82606789335939,0.79564080164948,0.8528415014604799,0.67810517351759,0.42273972546178995,0.52259661145461
2015-01-23,0.49909682162772,1.24928361588792,1.30126605228408,0.77911884154708,0.5394465920263,0.42885068146478,0.43462370530762995,0.56933341786756
2015-01-26,0.54825116692267,0.9316818634291201,1.0638966624433,0.9338103749116301,0.63148616962731,0.5836031176656,0.41431356051719,0.54676121573024
2015-01-27,1.01290679613476,1.14266580209219,1.1091261742146301,0.72368518945104,0.70523158921899,0.51172939445701,0.37172309404283,0.66382688401551
2015-01-28,0.96351685406486,0.9820852868171199,1.04846685790872,0.98938628286914,0.72906274268971,0.56040734833227,0.38393363640004,0.62132516220151
2015-01-29,0.9359861640220201,1.1507019509017,1.10852615594355,1.1178728662119801,0.59550447134539,0.64788276980764,0.46467110263807,0.5879188427139
2015-01-30,0.98983596842846,1.1002491497051898,1.02762753135316,0.89728864994371,0.56442231716601,0.60407484937211,0.51666367811283,0.56205539895583
2015-02-02,1.08546641276043,1.04844915192297,1.11544189505594,0.89740363338436,0.52985240030648,0.6687342143517,0.43396015441584,0.6399497357313
2015-02-03,0.94125462895858,0.8141026834024,0.81928146086523,0.9102344304579599,0.46231290031022,0.89450283943355,0.54287525173562,0.70817479435808
2015-02-04,0.81579125939302,0.95714478985152,0.83744766065031,0.85774355102077,0.71525062657253,0.70124635321916,0.4475887743508,0.58242653962073
2015-02-05,0.58286070838487,0.87819288611463,0.7970044814959699,0.97356985744936,0.56108521498191,0.7510251619599,0.39394374923816006,0.73761337182706
2015-02-06,0.64254167729111,0.69475371182109,0.7317939349632899,0.69903685303823,0.48053659339477,0.47369714799378,0.47000152752613,0.60476782645047
2015-02-09,0.5797975439372,1.0198034587610398,0.9988438942303999,0.9009257649511,0.5699684491441099,0.5304527284560401,0.39241866056631003,0.6153497823484401
2015-02-10,0.62259829797331,1.14092939749705,1.01724065460342,0.7178996913043,0.64974513806723,0.4538056617246,0.43457920604046996,0.5270718643072201
2015-02-11,0.52807684113322,0.75831614898377,0.77915926407912,0.51086616934784,0.49556733046757,0.0,0.37759362754550996,0.6146132756342
2015-02-12,0.5131012171189,0.9369212257118,0.89157966809214,0.6196815880358,0.69217087434557,0.50001957124161,0.43717172286924,0.71199018123828
2015-02-13,0.32308324343441003,0.610748601299,0.72992186169634,0.74750654589112,0.46193957314581996,0.57674463989846,0.36823046059182,0.45831426024277994
2015-02-16,0.0,0.47401655571543005,0.40255069611677,0.41460655546898,0.36071616278703,0.49525173712175,0.33519894571706,0.37595004307394003
2015-02-17,0.3878101682711,0.86381725776619,0.8983632410626,0.6746027299278,0.6444060296224501,0.41838493490943,0.31718782283705,0.41399582571767
2015-02-18,0.43776954795937995,0.5361408628199,0.5424098129670201,0.40404084509638,0.47174398720155003,0.31954432883996,0.0,0.20923367365221
2015-02-19,0.449368779936,1.06849832188731,0.92848849953222,0.6308255149002999,0.65090335938571,0.37208100653208004,0.0,0.0
2015-02-20,0.45460823326433,1.1411947661153201,0.9290476461798,0.57881649067918,0.45670282166375004,0.36497540750097,0.0,0.0
2015-02-23,0.33605383894485996,0.6271355457968599,0.57155538377814,0.5860245054190699,0.5292666343175499,0.38877426417828,0.24621129059810998,0.67959792540519
2015-02-24,0.31878118585278004,0.52820095274647,0.49348365859722004,0.38179404408413,0.49493347058381004,0.43328206072872,0.30792414788238,0.43312443447359
2015-02-25,0.31797438376643,0.40034841312945,0.5635244093057801,0.46190281886339,0.44517384325669,0.45322989425192006,0.31823239285722,0.57661893147718
2015-02-26,0.44373299373413005,0.47326858300109,0.53764423750219,0.38367109016841,0.30970119402979,0.49888863494748004,0.38990284555411997,0.67588436706442
2015-02-27,0.3470305964323,0.54072823667994,0.62396390443106,0.50311749753331,0.43101187041939004,0.52715444584063,0.47086842461666006,0.6588290170265899
2015-03-02,0.26675867347564,0.5721346772046401,0.49458821112442,0.44271185924769996,0.5246751713652,0.43355552257089996,0.39558091858615,0.82431104512869
2015-03-03,0.50070865534196,0.65741431804475,0.6376634532766801,0.44658895007634003,0.71628505772996,0.55336014408782,0.33467675854376,0.5178157783362001
2015-03-04,0.66777751906156,0.91613875155457,0.8003812308189899,0.56851642168357,0.8520296788451099,0.52559712225296,0.35309901881222,0.56939148836291
2015-03-05,0.35700427840182003,0.76735869926092,0.7020562501205599,0.4474054597242,0.53610072501437,0.42018088708384,0.36552135154964,0.67184361999721
2015-03-06,0.7385730388302,0.53950286898543,0.54610669657761,0.36668753787384,0.5065249494533199,0.50532122538218,0.28833833771162,0.53808746748608
2015-03-09,0.38811980161703,0.63633729002033,0.5954230752380799,0.63865148236817,0.91648044873816,0.55122699186708,0.35330013664721,0.73593398875065
2015-03-10,0.84003954968334,0.87864626397854,0.7365607344739901,0.68459645180152,0.60770430475193,0.77416721764063,0.52937214134607,0.66798522922272
2015-03-11,0.59070790921474,0.75737363973012,0.74668150926393,0.73053498556993,0.73486304957417,0.60120210878879,0.48851034637102,0.45084449609653
2015-03-12,0.65231806342277,0.7659065757443599,0.5463559572903499,0.7472975210434,0.63376716963749,0.70622331255451,0.7905255238269401,0.5015738196748599
2015-03-13,0.7049247992044699,0.8558958504510901,0.6201057312888401,0.55718776861549,0.49854696562237,0.64537176387798,0.35611053963663997,0.46560554924673
2015-03-16,0.52387896702413,0.7446700371738,0.59417649705575,0.6018963064717701,0.48024015340692,0.58887707240372,0.32779277576802,0.57939080281008
2015-03-17,0.58999089715512,1.1475689364866,0.7942473714159101,0.66130559238992,0.6543511976444001,0.31845241755697,0.50148613091659,0.6410307063805
2015-03-18,1.05144090504412,1.18224939275053,0.77422645791222,0.69729352378455,0.976506430667,0.49470146400963,0.44014744249083004,0.54969694331095
2015-03-19,0.55307524008582,1.16964563707731,0.67390311680099,0.6259189160165199,0.6241853278435799,0.8398205344899301,0.49780563691425,0.50503645112908
2015-03-20,0.6660987186848399,0.87823642712709,0.68193153614172,0.5555705790529499,0.48386485624834,0.40309642317067007,0.42507080411725,0.6761223991208101
2015-03-23,0.3736087328716,1.03031756648569,0.62230007569934,0.45152482444653996,0.51220087214692,0.49912553387340003,0.51843107241912,0.60493297877201
2015-03-24,0.45093564125433994,0.9748342025210099,0.7004350775711901,0.54736091268778,0.66572181800232,0.50451313341226,0.35222249579844,0.59498968493616
2015-03-25,0.68654582228423,0.87477555540427,0.58830244241779,0.46316667896176,0.51665194384777,0.60764873714721,0.3084986728213,0.68440376064827
2015-03-26,0.8735444462313601,1.2161435242490901,1.11589910426346,0.97400337142764,0.84118820085324,0.73930083797645,0.42036014505289,0.56356535616903
2015-03-27,0.58651398201586,1.16047100383249,0.90812214324769,0.6734145118082899,0.69476813790816,1.2476948868689801,0.48113867687277,0.48857263124373995
2015-03-30,0.68112030000823,0.70736494115797,0.64872121270388,0.74329339686559,0.5589573113948799,0.7919746660681299,0.42340615249338004,0.55145568701266
2015-03-31,0.64664338104644,0.8808709384679,0.8974102461782201,0.7818819018408999,0.7108876110687801,0.8709823183478,0.39450010001325997,0.64441357738919
2015-04-01,0.73615877682725,0.95604652958118,0.90436848149189,0.6944113201623401,0.7934368994415001,1.23891115640993,0.4261479305849,0.46530145889552
2015-04-02,0.50940299409057,0.74366081202627,0.5143696850414899,0.51322643360422,0.29632490769972997,0.86244217272388,0.41172379334684994,0.37830456223291997
2015-04-03,0.0,0.0,0.0,0.0,0.0,0.68748458166927,0.34641801234356,0.0
2015-04-06,0.53391990377542,0.0,0.0,0.0,0.0,0.7400669030344,0.48865162794788997,0.0
2015-04-07,0.44269016022994,0.6326608854371,0.57235491531663,0.98690695877297,0.39559096754577994,0.60862376649258,0.46775958680223007,0.0
2015-04-08,0.71832929078064,0.6951453272661899,0.58065524725716,0.9345721996541301,0.44952788952881,0.58201123190437,0.29705831543159,0.77748624843534
2015-04-09,0.59769392261885,0.5878732438899801,0.45130045029278004,0.6476182033070299,0.43416327653573994,0.43787916052772996,0.37125694768448,3.250881407938
2015-04-10,0.28354014359219,0.55378611041146,0.41370550047349,0.4574477646189,0.33896297760617,0.62531538987493,0.43423086236903,1.1832233703494
2015-04-13,0.35153908716187,0.58865717967605,0.45908357827357,0.42240419722163003,0.41105524184076003,0.62615527574019,0.34378945093434,0.95862295658416
2015-04-14,0.5259081784316101,0.91268405572387,0.75964330812393,0.62372778585708,0.51169699041276,0.41001860725647005,0.52083478437968,0.9944842149336001
2015-04-15,0.44811889196652005,0.68890027848555,0.5078635853688,0.43805141849305,0.40617650986374,0.37868943385292003,0.4131879969205,1.10708188779873
2015-04-16,0.40820982017376994,0.9946932605854399,0.70724358400143,0.47685980772193004,0.53369079040013,0.45100709070101,0.45509561463007997,0.9042458955222
2015-04-17,0.76084918704682,1.24815938621275,1.2052395475344302,0.7407557406909501,0.95234435524458,0.7775561939343401,0.38721759428647,0.75759093159354
2015-04-20,0.61083409900972,0.8541469922596501,0.7021028201998001,0.7520187180013,0.56469445834384,0.66334027547969,0.49090785175123003,1.41074198788297
2015-04-21,0.45294630088934995,1.15240765484745,0.86831864510171,0.65845041855274,0.71883857446704,0.48352940892513,0.42544896551577,0.85518085617673
2015-04-22,0.45889666840779003,1.26248228285073,0.95355260816361,0.8005714994012499,0.84707815322743,0.51101622010961,0.90615382473714,0.90221045588094
2015-04-23,0.49382023478224,1.42997029590407,1.04489361398038,0.7141554587797,0.7317682676928899,0.35762783692451,0.78710515388831,0.8738725751538701
2015-04-24,0.32737021162862,1.13515722633827,0.9617093301258101,0.73750733513118,0.6881273482674201,0.47648883118506,0.70864441379409,1.00750973795045
2015-04-27,0.4819811067009,1.14830122281089,1.06705062091449,0.87441848579241,0.64262411162361,0.63045995732137,0.48259388289905,0.69413796849767
2015-04-28,0.64436748412633,1.09027646465747,1.0764850230760201,0.75346244861166,0.9160605450672901,0.41817966582093,0.42580021988822997,0.85304066288309
2015-04-29,0.6621337601614999,1.7694145665007301,1.39624988980089,0.86715363552853,1.12311430670836,0.0,0.57857978372319,0.69877760634454
2015-04-30,0.7037506929802,1.5526410719763901,1.42232068288132,0.8649366598910401,1.15675946161853,0.8985085276670299,0.49580004173763,0.75324297843367
2015-05-01,0.67268665835584,0.0,0.0,0.59075655768445,0.0,0.7258314973397,0.0,0.0
2015-05-04,0.37581628805091,1.24377722118432,0.9934400878599601,0.0,0.79136830121144,0.0,0.45828781514395,0.70292706884726
2015-05-05,0.57068291402712,1.4608908848172,1.3744846465551999,1.02965677012245,1.21018527473441,0.0,0.0,1.08786006143345
2015-05-06,0.9269206213554799,1.7556473722442099,1.46010518813166,0.89435989273162,1.15778067190249,0.0,0.46169977473670004,1.06021779882673
2015-05-07,0.5604826158582601,1.62186273388101,1.36847538534238,1.03034532686861,1.11400256676858,0.79485818200831,0.58125798590154,0.84756547442241
2015-05-08,0.8699830725106901,1.1809606214345099,1.1759429397917198,1.56127284653291,1.05668152095037,0.48748258374979997,0.5789164149746,0.71587590961461
2015-05-11,0.40910647224276,0.73401679494606,0.7685859608112801,0.62480007122368,0.6759392159819,0.40586707227634,0.48070417104386,0.8454391002469299
2015-05-12,0.81832643094994,1.27345643570402,1.34734658241745,1.21917745785139,0.9554181688920501,0.45552720435217003,0.43495941522623,0.6716081038056501
2015-05-13,0.66843150754741,1.33606964197941,1.13330453755466,0.70749712617659,0.5163789533488,0.68347282039323,0.55138231008182,0.75707363176571
2015-05-14,0.54870489067353,1.22506219856911,1.14999937453722,0.92084129867544,0.0,0.55556976754583,0.36771036789063,0.69919324357797
2015-05-15,0.33867431891138,1.07093838678609,1.0817782687145199,0.61568392468552,0.6727770091574701,0.54012539786524,0.5494415839172,1.1486188861375999
2015-05-18,0.21934753380315003,1.4727571724669999,1.23353757713496,0.83477872004637,0.91506433937164,0.39015885483585,0.55219669180664,0.7563111880448601
2015-05-19,0.31242200715045,1.05227087727542,1.01716248417398,0.5313401356479299,0.66480093633241,0.41756611279063,0.584261773736,0.58376103918544
2015-05-20,0.41882201040232997,0.7288748980238999,0.64474728393617,0.5254605731297599,0.6040657847648601,0.47765215283749995,0.39759200437875,0.68022878114008
2015-05-21,0.27984671291005997,0.8180745372312,0.66770214986308,0.42331829560977,0.40806744460234,0.5032435995143401,0.46203167668162004,0.72542453710053
2015-05-22,0.33094797158274997,0.6233149430128401,0.61850327318593,0.55104429284293,0.44515944674086,0.5288338646913,0.43587727709423996,0.67808359517799
2015-05-25,0.0,0.0,0.34203434340794003,0.0,0.28938647488278,0.29894544136072,0.0,0.0
2015-05-26,0.51558416923747,1.42222826504925,1.19868236899939,0.70951741674491,0.64972289092108,0.38567204051007997,0.69523452837648,0.5394393062659301
2015-05-27,0.40255514710869,1.20249302207788,1.0672373411373801,0.70854041728843,0.63834288097915,0.3937726168943,0.6640742533817799,0.55337024898462
2015-05-28,0.43901244124513,0.9178952817741601,0.76897651970361,0.5025457146764399,0.48379992552589995,0.49497612297314997,0.58385546833321,1.11434143037535
2015-05-29,0.53546236442435,1.42666284000109,1.2344392204738102,0.9238717761043,0.8094701697180099,0.5925613660847601,0.47500668149211,0.88092316932372
2015-06-01,0.63262983687437,1.33221179014674,1.20280227762421,0.8091826598241401,0.74487873470249,0.42241455537487,0.7755204979978699,1.1597083524503
2015-06-02,0.5542809970482401,1.51275391654789,1.38341413609844,0.93081754830284,0.89283201445287,0.45926871478069003,0.67860047553045,0.66354850291873
2015-06-03,0.43493030835908,1.30547043623323,1.17619283283949,0.65795541479439,0.66076454988018,0.43745447229594997,0.6865908759064401,0.6446132185097999
2015-06-04,0.67343524510369,1.41453722841889,1.28333445639201,1.14412047594473,0.76913150326149,0.35229718765474,0.65082726040626,1.7195080003527101
2015-06-05,0.58581687428137,1.30009033894918,1.18823872076026,0.9055489587812301,0.70310733352473,0.42145155306442994,0.69513357861639,0.95272273357709
2015-06-08,0.38064878272295,1.16482766894807,1.2050020186149,0.8336567242915399,0.6959595223657999,0.5375503383719701,0.63002563853689,0.74158288527945
2015-06-09,0.4707942008493,1.16582477462524,1.2182103871996,0.72895654626187,0.8826487279603701,0.45220370922623,0.55120566816821,0.8022884368291201
2015-06-10,0.62387745813923,1.35184954115981,1.2921597481221099,0.6220396616367599,0.7768621157316,0.91094947235448,0.55687887764536,1.2857312111211199
2015-06-11,0.44490451792359,1.30888492642745,1.25345095948066,0.72247273987238,0.84209328472748,0.62437600645462,0.5264672843763,0.5369545430968901
2015-06-12,0.51568984951619,1.6809610477423302,1.37717355833387,0.8697569292524601,0.8407269808492099,0.50332674820342,0.5966669156356,0.8503003006733799
2015-06-15,0.92242050252747,1.02914627125885,1.04868079927068,0.84550758587336,0.7787298141582301,0.52865655253746,0.60918350523673,0.75249686831872
2015-06-16,0.52709591325607,1.2355282215611199,1.3262004246413799,0.79300945685781,0.85055542352784,0.61885945971483,0.8626672476302799,0.8291008405967901
2015-06-17,0.64155056745147,1.0269264576019999,1.22440317725126,0.68180753543614,0.9240968446542199,0.50897563914658,0.57556434218885,0.74647935503115
2015-06-18,0.5652602662847,1.38742120069033,1.34717932009847,0.7450662266156199,0.89929555316191,0.64044496713939,0.5761381861302101,1.04141733002672
2015-06-19,0.33432902901613,1.20891242467889,1.12924661676756,0.79794334760263,0.0,0.53801464350691,0.5588230560384799,0.74677729277723
2015-06-22,0.69146747262446,2.07315183929445,1.31510272096403,1.21643033760096,0.78544718302413,0.6066665994192899,0.5072078056231,0.67241449637086
2015-06-23,0.32394804599078003,0.8030628647520099,0.7890470997398501,0.40534871248390997,0.51322750139715,0.58190144759343,0.40189432355792,0.80714858367034
2015-06-24,0.37791447680672,1.50152893626096,1.16344724504938,0.6932104681181199,0.8610255444477299,0.49102570768180004,0.49130564720236,0.5855396523242999
2015-06-25,0.40985020808602995,1.45352548811708,1.17477347183361,0.6092394831377299,0.73850984826131,0.37538450585717,0.42484134541853,0.51655665235891
2015-06-26,0.48074952201510995,1.05080910452327,1.1199740830104001,0.73400212084162,0.7059578710579401,0.50972777846762,0.42865405271673,0.86009875925846
2015-06-29,0.8694495443303999,3.7456057963740603,1.3724747709076401,2.3516262311662097,1.18902993842291,0.9721580082436501,0.5464259177629099,1.75277120789251
2015-06-30,0.89946084742579,1.7827015659083199,1.76374423809179,0.92174105311637,1.2619644091728501,0.67173023717319,0.79986273569234,1.27134809679292
2015-07-01,0.77284944490164,1.54138441937402,1.96419293059083,1.12606763589715,1.19372858878892,0.44181159595774006,0.53097730779105,0.0
2015-07-02,0.4632080492205,0.99991000928555,0.9415884086222299,0.52399423309756,0.90566458341227,0.44445063654434,0.42298937997229,1.19245930944456
2015-07-03,0.0,0.88479619980379,1.0323936164254401,0.57579174625302,0.6795239841819101,0.33597616148535,0.49392997629450996,1.22014862495804
2015-07-06,0.9262874317003801,1.42277929713571,1.45215356224574,1.3708479370028601,0.8536642647335999,0.7737877234430299,0.7041096925028,2.25748496664407
2015-07-07,0.94694518828102,1.1572126671960499,1.2380717861957702,0.67419492281961,0.7844017499888599,0.44051495796874,1.26978079024215,1.43723558240916
2015-07-08,0.9316666654652399,1.2535847517691001,1.24121175800384,0.86428436245648,0.86504980270734,1.23774850502151,0.92897537630821,3.49889278776072
2015-07-09,1.31166004186298,0.98541193199509,1.06767581692525,0.66392628551206,0.68362789732025,1.54549135992311,0.9167383432663699,2.90849466744104
2015-07-10,1.12315377279115,1.06779102485692,1.16773702127405,1.2602107227087,0.68132478383775,1.06953667276489,0.61174023236641,1.5971438410155798
2015-07-13,0.68162749938785,0.8872740116866901,0.9672815532674499,1.0996150470555501,0.61331246068384,0.72223953366691,0.61196601051888,1.4528610035196
2015-07-14,0.24286470939382,0.70072970238685,0.61418518004323,0.4616061183316,0.486294751831,0.59193827510677,0.62655806707066,1.02304320854742
2015-07-15,0.36789137679119,0.53378777367542,0.5162277121869799,0.5214791714096499,0.38075806557418,0.46422241643401996,0.55058846375911,0.98969762129185
2015-07-16,0.39547486567106,0.66607755369764,0.68836363719598,0.45754517126251,0.63814997621426,0.37814215110636,0.38838267929018,1.07951638817481
2015-07-17,0.24239369182901,0.54715349387122,0.62425539870199,0.39996340486556,0.57784652410422,0.2652845325664,0.87323953785726,0.76261322109436
2015-07-20,0.29224401284708,0.69607629503028,0.63819951625505,0.45772178227027,0.46371043211837,0.0,0.43888594980277995,0.79291975697948
2015-07-21,0.32579385541816996,0.61455873547578,0.62039881650748,0.40523912654620003,0.49175265837778,0.33021235156762,0.55127375275608,0.6700415686927
2015-07-22,0.43480175212505,0.6223807816465,0.67644053569495,0.93403857737032,0.47189362777472,0.4108335500748,0.62025475741138,0.5960240785534799
2015-07-23,0.39982617883419996,0.87294924495172,0.6665830411364401,0.8007916938878901,0.51918236478838,0.28495350313743,0.49155486544664,0.5804663905704199
2015-07-24,0.44596090673935,0.77249676424231,0.73158843421096,0.54188323047711,0.64965147513141,0.39053702830285,0.54704084216062,0.8718776758923199
2015-07-27,0.77579255594048,1.12404953277824,1.01022112611299,0.7091521426489,0.9527209068791,0.79140975036116,0.71533325850895,1.09936183125302
2015-07-28,0.53736436126012,0.88399700845574,0.7264022105721399,0.8391120724487401,0.68233145323368,1.11834913451748,0.81913360549641,1.55718854052841
2015-07-29,0.44978530646757997,1.02348110959655,0.76627228952621,0.85843149687033,0.74204390789086,0.71525544779274,0.56673433744929,0.7931203752597901
2015-07-30,0.458218103085,1.03139286154646,0.92853035763225,0.95139118980044,0.69593999986206,0.45749188490208,0.71114798504242,0.87447551810257
2015-07-31,0.38392137864729,0.8971547327842,0.7851753627505601,0.6316057792952,0.55306096783308,0.36149644309943,0.73279881275652,0.78947933590343
2015-08-03,0.5662893155647201,1.09600194310001,0.82391196887469,0.70681446568664,0.66285391190004,0.4972071588646,0.47976669381163,1.04906298079857
2015-08-04,0.48225001120819,0.84070756380683,0.8183818763059699,0.78171398144003,0.5223760141674699,0.43941156805022,0.50947496181035,0.87295181583163
2015-08-05,0.64484703553303,0.65692737225429,0.6773498033874,0.65021898631245,0.46715106729571,0.5528046233185501,0.45489971426566,0.5535146240972599
2015-08-06,0.54122526723229,0.7202823289129501,0.56318965109387,0.63721832684434,0.44504750036628,0.38921188001438,0.48685527879226004,0.53088464160156
2015-08-07,0.57607977846906,0.76537183205489,0.6298140308775899,0.5894864458761601,0.42825247518284,0.6038485285129099,0.43246758771034005,0.8218757670446399
2015-08-10,0.67565984351306,0.84021093018566,0.74914541312176,0.78673517179288,0.67717128073571,0.42110485054274,0.5654338336078699,1.05593260313904
2015-08-11,0.8222931439758799,1.02900869953562,0.81388684083912,0.7733521726839,0.6929701695471701,0.92281999152761,0.62106473679272,0.8764348152552001
2015-08-12,1.07073498691879,1.3299433248108699,1.47831416567081,1.43335061952545,0.93984654636987,1.06301206955706,1.03052472698911,1.06294088931652
2015-08-13,0.64251901595228,1.04944915832688,1.05847454951925,0.9748837824991899,0.7828112965258001,0.7906642354900699,0.80435837303457,0.7922911672146901
2015-08-14,0.40680528099925,1.03160338708585,0.8992673115418501,0.6211061350205099,0.61944222537543,0.5731997601243,0.0,0.63966733470818
2015-08-17,0.58804424247503,1.30188255148957,1.20221410401101,0.9236560232689299,0.89585098832705,0.46934606072572005,0.57325483850105,0.64343905928262
2015-08-18,0.36820681500234,1.0446643228372399,0.9204397585044399,0.7000856326959101,0.7047899598458099,0.41419495023175995,0.7588990340017601,0.93213858146635
2015-08-19,0.94964636534055,1.0423617193455401,0.9418365077993899,0.8018163267475901,0.74045678151896,0.70909159789486,1.09241360680742,1.00960346779911
2015-08-20,1.0734709084549,1.37267236442495,1.12092270985336,0.79460857144552,0.86584232358521,0.8051279326426001,0.78159610080211,1.08239071966041
2015-08-21,1.5211383118004,1.6638316521421201,1.4594725383809,1.44883737530338,1.0215050559483199,1.0035890125320202,0.91348558555518,1.1550020489159298
2015-08-24,6.107092234869469,3.41233452149375,4.39381829938722,3.97615750410217,2.26283280849381,1.9622864091877599,1.81074142564696,1.69988241559114
2015-08-25,2.71072411619275,2.10894696546712,1.9571759935389,2.1684143319216,1.53628938272742,3.6375156960531405,1.89100744235235,3.0419292900688797
2015-08-26,2.84242899038076,2.05490649219106,2.4908313007626504,2.0926839286672,1.57573042626681,2.15379841918388,1.0096093477717,2.3158351110297097
2015-08-27,1.8965196776034199,1.41310765331555,1.3046033525949499,2.3699564457749003,0.85583468094738,1.34326307277241,1.05619128318359,1.37834821798847
2015-08-28,0.9556337663355801,1.19008010878511,1.26336480147817,1.03571864741926,0.8095362232335399,1.18372454542346,0.56707875419447,1.43214996684425
2015-08-31,1.08973376462647,1.23428153884192,1.1729963182099001,0.0,0.8193618494266299,1.21831077635921,0.59578999385175,1.65167512225376
2015-09-01,2.24497726086412,1.53807155639781,1.59634024421048,1.65618007037701,0.98129675069867,1.3787259122044502,0.61667118487945,1.16253043744239
2015-09-02,1.45465952434959,1.40312024008457,1.58784397361642,1.4356745188367,1.15939841218064,2.59883791491274,0.78604361178561,1.9558527617024202
2015-09-03,0.9929621040620401,1.06040406974841,1.22448491100829,1.42220193706027,0.9027378236036001,1.23647267000852,0.6534894929061,0.0
2015-09-04,1.43970976717288,1.47992026822596,1.47436295361318,1.44407262970011,0.9832598245609799,1.92899020252955,0.74726520968488,1.09146933939621
2015-09-07,0.0,0.81202389476493,0.9324651805101299,1.31135325244458,0.55262291448069,2.28863777738505,0.85025573101459,1.71619176703857
2015-09-08,1.46807490802513,0.97149407767835,1.02123000389187,1.07918330301019,0.62238412609395,1.4039916831516401,0.67407260329008,1.56699379251578
2015-09-09,1.1140401123913801,0.9776997916558099,0.8792979357629099,1.8080572551661602,0.53457642513887,2.0893930843711503,0.57209573141471,1.63201751687106
2015-09-10,0.87623827692832,1.3260394644953,1.18364490749633,1.23690521490452,0.76957043216135,2.2081821660925,0.74454944645021,1.22022120594956
2015-09-11,0.80524699702391,1.21569559608563,1.13029254035979,0.7852968964390601,0.6940257842531,1.21275713852898,0.5037970600745,1.0820474854815698
2015-09-14,0.59602244540079,1.25565854992111,1.0621689745821898,1.00698169509231,0.8434644697909299,1.2906138797459898,0.63483975967615,1.18379203059996
2015-09-15,0.55692273552717,1.1698021203575402,1.0676014896753299,0.92122376198001,0.78424462682509,1.51594821112826,0.45436482119455,0.77106621469493
2015-09-16,0.5929057217142,1.04975505439126,0.93061426909462,1.15702358244549,0.6205760060308,0.9210177329257999,0.5155806905678,1.33119016282535
2015-09-17,1.27928621933717,0.7701878434266,0.7880959685078299,0.63306174427338,0.47289738006049004,0.83032134824144,0.68464907012601,1.60812264292217
2015-09-18,1.36192548409779,1.74411025947931,1.60464805306179,1.8135962542514799,1.01588116946668,1.00182586430027,0.7949346556049199,1.15120046219717
2015-09-21,0.8707589415884099,1.2763527213627102,1.09801482573324,0.77611698867461,0.7863150124648,0.0,0.67919199617782,0.79367548405568
2015-09-22,1.3077606459471,1.59010935263333,1.5254782126579098,1.06735316517823,0.83576168506376,0.0,0.50560459032114,0.88541399238329
2015-09-23,0.75728121535195,1.6446586375463998,1.70447554645703,1.25217725562677,0.96273735043658,0.0,0.64046729506372,1.52334801418585
2015-09-24,1.04410065831029,1.88548098107989,1.50557079497146,1.01723347130292,1.1460986656557899,0.85648914873387,0.37382256423086,1.09171587626634
2015-09-25,1.03455934608895,1.19426160998627,1.23527513469469,1.5815261071092002,0.8194110397876301,1.45305838322794,0.51724379787793,1.1395435469094601
2015-09-28,1.15532076499991,1.4153732897621,1.38820846829285,0.97489970802508,0.78671258245705,1.40433883777242,0.0,0.0
2015-09-29,1.18178001744656,1.56414771019875,1.57826624245372,1.4603125554401,1.50024054130662,1.3320951661870801,0.0,1.0825252967861698
2015-09-30,1.49562772917427,0.99423575714931,1.05082738457036,1.67421741333764,0.76446005468318,1.05139706249542,0.6400453397110101,0.8428518998666199
2015-10-01,1.14103261663766,1.29841137320765,1.3132887515695,1.65315413868156,0.8687521502146099,1.31386319003463,0.61496240812586,0.0
2015-10-02,1.69349867111373,1.87502380525208,1.86922324412575,1.6091574986635,1.31191826230066,0.91312171960153,0.55726589223747,0.67268078098186
2015-10-05,0.8905874932066901,1.07732899938041,1.00129386225623,1.76402456548456,0.62811349801256,0.8933115437358599,0.5257948725881401,0.73736707579676
2015-10-06,0.6829049473771199,1.1624514271667399,1.07651492898565,0.68727916964212,0.8453200226783599,0.9813218457489999,0.46812875144857996,0.89523565960078
2015-10-07,0.94715016940149,1.07862912470969,1.10643008939336,0.92303916098175,0.8474328025608799,1.17196558265633,0.39444778833399,0.99778191315714
2015-10-08,0.7110604240166299,1.1823573081010599,1.03601102178113,0.8523101365959099,0.8255099753330201,0.9694315361932,0.75575185533676,1.07940452504934
2015-10-09,0.53427657853814,0.80959647465532,0.79207840244978,0.93953775143976,0.5532714196723499,0.8293682002418401,0.0,0.8258885042246
2015-10-12,0.37612030051857,0.84379129408486,0.85497494956507,0.63693128705465,0.9189276305960401,0.0,0.50853655908103,0.73270575574918
2015-10-13,0.61502790482669,1.10296676175349,1.05555775055986,0.77216853936425,0.88114390332038,0.65712575088257,0.5864968924219399,0.93425999118366
2015-10-14,0.68519325833806,1.05285684618042,1.07568188793295,1.05230206024933,0.73421254391637,1.0662360569569,0.42263692516184004,0.80659755945842
2015-10-15,0.53689115579253,0.9758631831194501,0.92414139853198,0.89567140915139,0.64041406524501,1.13530763387462,0.5670977716904401,1.00416558074702
2015-10-16,0.51260473258391,0.8362659313936699,0.87496792976478,0.74947748269496,0.91992057954574,0.8112134554221899,0.41148767208223,0.6334204787471001
2015-10-19,0.52828535286303,1.0419729340789001,0.9077465082274799,0.60839130939511,0.63790796975749,1.27320845175642,0.59965016459651,0.72273738145193
2015-10-20,0.5042325138721899,0.8568964630831901,0.91380869632498,0.58659974924379,0.7665945684097799,0.41949714701703994,0.34834019249932,0.60107871761837
2015-10-21,0.74717993343765,0.8951625904354299,0.9394853267233599,0.68815717893178,0.72143616316671,0.8440474664613401,0.55760456198441,0.0
2015-10-22,0.76614285860036,1.29395948517756,1.36978893065355,0.73474848061415,0.88406330737938,0.69988832635565,0.49365971360619,0.57797172549214
2015-10-23,0.8509055809756,1.27372794124412,1.25237891062649,1.03062720747319,0.80520408218394,0.6981733447735,0.55288267158077,0.48779347281654994
2015-10-26,0.38222855182998,0.7762728080682899,0.70908999394673,0.6435275811921399,0.7165395531187,0.49373117314147,0.43214432037488004,0.7379780282781699
2015-10-27,0.58623068673558,0.90837024380702,0.75943578915032,0.55666921260698,0.62506058303303,0.61924963644603,0.45086457214599995,0.8397410391317601
2015-10-28,0.94098567532462,0.8236221463192601,0.76805911346836,0.60500329800142,0.8386040403980499,0.6311695557163399,0.42119962165007,0.5458122647747
2015-10-29,0.48140041822479,0.94563593811303,1.0346009161841099,0.80824942620632,0.87097107319574,0.68042765806085,0.62263608341061,0.76506926681216
2015-10-30,0.53426621814793,0.83471656772001,0.73223770185452,0.56707708680548,0.55024917058124,1.2854456281294,0.5750450525455699,0.81064375798837
2015-11-02,0.42046618397009,0.8777266791785701,0.86713768495942,0.83334372305198,0.71462123134771,0.7768219878465601,0.459805692901,0.73547018786547
2015-11-03,0.48358078368976,0.68505342854617,0.68069618884576,0.47385692444284,0.60664599752876,0.0,0.48481442512197,0.549768153693
2015-11-04,0.61438283065042,0.92736675810951,0.8639514973778699,0.74388175476202,0.75538580934393,0.73631155069069,0.43381485176880996,1.54961717426563
2015-11-05,0.58392554230686,1.02527554816351,0.8627303913587699,0.7274156057401799,0.6210441703955201,0.56539215069021,0.41666243641414996,0.8816177632953901
2015-11-06,0.60344267719554,1.12076895177061,1.26429304115659,0.86614210950306,0.8530713414839399,0.45689276342451,0.45264472209081,0.69800700111617
2015-11-09,0.7614883681161301,0.74258078614931,0.8715261130393901,0.71348412412382,0.66420531863231,0.63489103101443,0.53596903380009,0.7060298823346001
2015-11-10,0.54997471818163,1.03085188110028,0.94225127408835,0.76108830897064,0.89521500838706,0.61834561878936,0.54982356075776,0.732335695084
2015-11-11,0.47312542345856,1.05882061834807,0.8763878353082001,0.57123434827306,0.63081307768024,0.58249394055874,0.49404413321135,0.5697891743635201
2015-11-12,0.8733656145359,1.42516078004764,1.31557377146247,1.01484733495782,0.9551147405171099,0.48512185499439003,0.29256648476198,1.16859832506597
2015-11-13,0.66714316784363,1.3998360223761899,1.21311503346591,0.8585106474778399,0.95479482259239,0.6875195993707001,0.5260353345569599,0.64374525192739
2015-11-16,0.71536262424414,1.12429888987982,1.07309018058781,0.83941717784565,0.77347071962906,0.56040067214607,0.37849212999167997,0.53139872449955
2015-11-17,0.75243339386406,0.98285992078817,0.9387821476816,1.20232697202258,0.58384792014423,0.46810711836209,0.480221838002,0.71949103727393
2015-11-18,0.70997859942883,0.98581885067291,0.85084563419899,0.8149800690964301,0.5747126091410499,0.48270019657848,0.43399479283939,0.78811508175125
2015-11-19,0.46447187365125003,0.76248184380169,0.7090557648746401,0.79339411834664,0.55235075355903,0.74029605448478,0.36737475260126,0.62223720107414
2015-11-20,0.56915753958908,0.8774813865554401,0.8874342247278901,0.70367029717052,0.54025683867338,0.62474982020402,0.39501920421471,0.88734346908811
2015-11-23,0.43368258816857996,0.68769532343882,0.9188689686809101,1.0346354182498199,0.59047020748795,0.0,0.39232647622904004,0.7920898459538601
2015-11-24,0.65352553418878,1.13693760445769,1.1091259911606,0.8421063361429599,0.76378772574555,0.38200237393786,0.43989902008338005,0.70625233923318
2015-11-25,0.32007319170392,0.86540197207554,0.8359624563469601,0.68646146515187,0.58785321959382,0.45989025129672,0.38424456177111,0.67007418063662
2015-11-26,0.0,0.66484275653161,0.59869455010837,0.39212104873955,0.42455064210393,0.36898659202434,0.4500202893202,0.67485629606084
2015-11-27,0.24842540993445,0.8618163034874201,0.73290420711048,0.77053539318716,0.52082781978415,0.46052799045243004,0.37650165811397,0.9548975037552899
2015-11-30,0.44243598325792,0.80445959464441,0.7789445776637199,0.66081301472111,0.62392241061134,0.60645034728378,0.77675858896867,0.9521423639845801
2015-12-01,0.62229594814654,0.87779071155587,0.78582482053029,0.79811426518988,0.61610816438821,0.51011316590927,0.50479424802756,0.74080323948324
2015-12-02,0.51991155853588,0.8463489812461601,0.84896904288953,0.46836520667284,0.71593432921779,0.34843240260573,0.50163961835464,0.6079317501010799
2015-12-03,0.84296004967939,3.36063297211388,2.76381558004238,1.2881409262382701,1.21205634650291,0.41625497249974003,0.49697413641955995,0.58670192957755
2015-12-04,0.84517263165281,1.56694876716056,1.33474901013374,0.9218585035375799,0.90394121578771,0.58920671870523,0.44750610823645004,0.53362305850933
2015-12-07,0.8103945429009299,1.0218369594382402,0.94533920914774,0.5886190946950101,0.6448456748271,0.44532096546528005,0.59594287091292,0.42286809841360007
2015-12-08,1.28189131125926,1.38017553848378,1.21323857988731,0.8203708319686399,0.99438068634971,0.69298537159315,0.55303840894158,0.7013921111505
2015-12-09,1.0488707374533799,1.38788263892448,1.19826855419559,0.95038487182828,1.02666957418489,0.68425734973924,0.44724721939528994,0.47215141957287
2015-12-10,0.7810572444024,1.2720336170652,1.28305286245618,0.89527067255487,0.98556794394096,0.66587226989961,0.5514376303216101,0.59261121365023
2015-12-11,1.160577603896,1.5623411837054,1.3358935776060101,0.8542553616393,1.16307850395577,0.72420015430159,0.56578587059246,0.63577910165047
2015-12-14,1.23939154959197,1.65632207448551,1.60403433484137,1.32459995148006,1.18956857619727,0.9936869798847401,0.63826634508157,0.9393975019873599
2015-12-15,1.0609845721192102,1.12193759844966,1.05554241884019,1.20813413655148,0.7968145956900201,0.79405938137452,0.4423730708185,0.68033453646658
2015-12-16,0.98319594050083,1.07344708542992,1.09646628827793,0.70034082015245,0.7888503274476899,0.5989843489401501,0.56844989258724,0.57344398389766
2015-12-17,0.9051329934464,1.03061222509341,0.86269259013046,1.5626279064131,0.7229714929345601,0.79549044490184,0.66542963101233,0.7386695131494899
2015-12-18,0.97537574685956,1.25807283561882,1.24694572168438,1.1016757493350702,0.8309280173099,3.4821787126795996,0.47428003374933,0.73102512162013
2015-12-21,0.8869057597340999,1.20777188302675,1.01752209450851,0.76995077224347,0.68891866846089,1.1900942765512301,0.7907233159504401,0.5754722584495899
2015-12-22,0.64004156577697,1.35851254133739,1.25462791117008,0.95876474735035,0.9399033666583799,0.59096538092616,0.42739760197503,0.43062708179644005
2015-12-23,0.58407897480591,0.94490421125078,0.70877965925733,1.2268367354526,0.57060770994213,0.0,0.53284712883749,0.68960489493671
2015-12-24,0.28011903156411,0.0,0.31800943862539,0.42075908753785,0.0,0.64999006754787,0.54782586085489,0.21847429893714
2015-12-25,0.0,0.0,0.0,0.0,0.0,0.5625556002844,0.0,0.0
2015-12-28,0.54484383435658,0.8267915666553801,0.75586403353393,0.0,0.5583287834245599,0.58563836301392,0.57316912925136,0.50532461143588
2015-12-29,0.63486797629685,0.78888898450054,0.7573323811569,0.5400432860020999,0.4786860560655,0.5353645281783,0.71268776023894,0.39340430966055007
2015-12-30,0.43678028513937,0.63335982630566,0.7097997035138001,0.69144925081058,0.57305852663278,0.42151106313618,0.61946656733654,0.46067232513798
2015-12-31,0.69447147526608,0.0,0.53340666312565,0.47235655468052,0.0,0.0,0.0,0.41200722308627
2016-01-04,1.86439455514786,1.57222913773724,1.7112115794880498,1.80704593023448,1.4826760719735699,1.06630465953075,0.59715266101519,0.9980532456140201
2016-01-05,0.7911797498688801,1.23973617924621,1.10609850529597,1.3968820437213,0.58854696597002,1.1846498502051102,0.8341756490873,0.87956785680284
2016-01-06,1.40944883020988,1.2898679645603202,1.00211221447849,0.93399767326498,0.0,1.3006739036633999,0.82796125589877,0.74020096613579
2016-01-07,1.9777171609231599,2.52776883212745,1.71231746960019,2.23850333652621,1.65167365993921,1.23267085046333,0.84031190014936,1.45420599798102
2016-01-08,1.32769744379131,1.58774120487943,1.57575908294764,1.19443531062088,1.3554542682337098,1.54197339040886,0.7863641638237299,0.95723323290093
2016-01-11,1.27320480481853,1.6303748037380799,1.3807156992143599,0.96164292832148,1.17698480260834,0.0,0.58640950551905,1.06934459941685
2016-01-12,1.33600373882223,1.32939018985811,1.13684234582812,0.92591832555053,0.82119658818604,1.24760137271886,0.6484348239166999,1.09463921881138
2016-01-13,1.43317699297783,1.0885963844570599,1.3018996944799501,1.27160985877862,0.87243649398706,0.96838150753954,0.48391591686534,1.0863429200330799
2016-01-14,1.27633456296419,1.99789025822315,1.7970669443785299,1.8181397831099197,1.34125618459412,1.81024067046788,0.667149246287,1.0951415266316
2016-01-15,2.25619069639691,2.12838143011773,1.8192692545068698,1.23165724292475,1.35935852263632,1.3014102530209202,0.76769464259172,0.86555351683832
2016-01-18,0.0,1.6515334293277202,1.4015377032738001,1.09616154941368,1.16853713629349,1.69672844392613,0.81228390152957,1.00411633047371
2016-01-19,1.41404041388922,1.33853881841095,1.36701405980333,2.0357558114882,0.8799463647511999,1.50843698630668,0.80901161141893,1.1019559897269
2016-01-20,2.09029703438697,1.47482768900607,1.5664885221156202,2.2118498588633897,1.00619843730051,1.54368156896816,1.04795490932959,1.17584930542268
2016-01-21,1.72403871218978,2.16506253269691,2.1954542508127997,1.61998006444523,1.7519167039739598,2.3287778958975403,1.20501465295655,1.6512211348556498
2016-01-22,1.35021275568037,0.99948158509567,1.13912136717954,1.6300497083659702,0.8848961640907701,1.91379811741912,0.76164745374733,1.21583654159266
2016-01-25,0.84322799344773,1.14368948524982,1.36549393937065,1.12914482449418,1.13421078842559,1.43510304068523,0.58615048624626,0.9198872063447701
2016-01-26,1.13290756176088,1.14623380919077,1.37996494730047,1.75756683770717,1.06777083480913,1.01027574518148,0.7507466889285399,1.01886456509832
2016-01-27,1.41836997360843,1.21571665569942,1.25953731731259,1.08758628618422,1.06516757199325,1.43955571848122,0.77461832874293,1.07418617330889
2016-01-28,1.6049604906660402,1.8690089744035399,1.7694724832768598,1.34681000551117,1.49660683914647,1.10682568965984,0.64467665551935,0.98592702694132
2016-01-29,0.86251949305007,1.15613004225779,1.1507780605373001,1.67712424901287,1.01657360875688,3.84360384912467,0.76355227690157,1.2027942174969
2016-02-01,1.10871984515205,1.36637956271088,1.24423703102302,1.03216293267439,1.05954043217425,0.8997224082046401,0.6537827378515499,1.17081586336921
2016-02-02,1.09574718983212,1.21951228863099,1.18553997349098,1.0494647707412499,0.8544722007381701,0.8825296523064401,0.52871930252491,0.9750132517604799
2016-02-03,1.6612109634332999,1.6790795881872302,1.6602973282785798,1.20608523436695,1.38464461778067,1.48867732774634,0.51124431406451,1.0843883569478199
2016-02-04,1.3568351984076699,1.7186135126255098,1.71706612987473,1.9509726241500598,1.25956989123192,1.56209510281288,0.50863561508475,0.75309474785004
2016-02-05,1.19183752933191,1.8715138184264,1.8022526224916398,1.3478827203429,1.35904240425418,1.3179772866836499,0.446286317244,0.8135734943512799
2016-02-08,1.7131495174411902,2.040227797404,2.0448498017010897,1.70264986043696,1.6102364142681,1.30718012758686,0.0,0.0
2016-02-09,1.7238924866464203,2.3291566804848,2.3413802170886298,1.8007933890088499,1.81443746317364,2.06637828961422,0.0,0.0
2016-02-10,1.2846241273088401,1.64928809510194,1.7023330566622301,1.5845672630273502,1.40927984409733,1.96614182917331,0.0,0.0
2016-02-11,1.74656396696714,1.90823079444521,2.15815464993498,2.05499594466217,1.62948504514309,0.0,0.57684438233475,0.70177842645663
2016-02-12,0.9847818710170301,1.43613579236853,1.48109704954131,1.49133954297302,1.14791792144734,3.2982579345513496,1.09668457708221,0.85900070723304
2016-02-15,0.0,0.9011869147641601,0.97184128793202,1.6935350576852501,0.6193064959431399,2.27796009758819,0.66555234406413,0.7099575236210101
2016-02-16,0.96193155266744,1.25887118192966,1.40931241088234,1.4987097138515502,1.2272987854230901,1.82728769920639,0.52636701164154,0.67651310965296
2016-02-17,0.8570307817045699,0.85980109506903,0.9096743684238,0.84503314823304,0.73446745743402,2.13763092057586,0.63211667135916,0.87006270803127
2016-02-18,0.65922886950528,1.03607119380233,1.22211743778902,0.9008242499782699,1.0567464968326101,1.54559564885192,0.5344269528196199,0.68932695669122
2016-02-19,0.83701425553857,1.13835924122967,1.49180008630144,1.04693310884745,1.07454611726021,1.19366811744973,0.61085941764325,0.6241280193205501
2016-02-22,0.8208672409348101,0.85132546576547,0.91734394462276,1.1796355514255201,0.8579395582449001,1.5354989503965801,0.65677950959281,0.89246140192634
2016-02-23,0.70509262619921,0.93695763126888,1.0119818933474,1.05949608474123,1.02585395735991,1.1347639007313302,0.45002752677945995,0.87705538574726
2016-02-24,1.3654946345427301,1.2949479326274,1.34198806886946,1.0413008737295801,1.1937542346299699,1.3322545538694899,0.49107582032515,0.67105503254219
2016-02-25,0.8240745006720099,1.17319442175412,1.18176065258833,1.82912661250936,0.94684574169392,1.16070895064051,0.59419342529744,0.96112814438807
2016-02-26,0.7443616462203501,1.14758762443614,1.0640247744127,1.28549452795607,0.69316610158132,1.20125001250114,0.4993822281192,0.91338428969926
2016-02-29,0.6923912566626,1.49633692915933,1.30066996050612,1.2178866025858,1.2797286759422801,1.21152488582736,0.54068765962177,0.7325202343173
2016-03-01,0.80320927313196,1.37941264070291,1.17280609294162,0.9576291361870499,1.01125561837153,1.38152509467291,0.0,0.81216459289245
2016-03-02,0.6526565727438199,0.9731483609009699,0.76319198016286,0.8713957787305301,0.74535353739849,1.10118618551768,0.28693890041837,0.7836636940233401
2016-03-03,0.5303793070526001,0.90070621054114,0.8313031532681101,0.63417730802607,0.5467463604984399,1.10035517980513,0.45151150580421995,0.8579805196825401
2016-03-04,0.63773079604519,1.16186648477783,1.06018891279054,0.9563815939003101,0.74907044481326,0.94597113952643,0.34754515779698003,0.89553510072707
2016-03-07,0.70921281750415,0.9253935291619501,0.8880285143971,0.9427813960208,0.7436423729373,0.7459259841763299,0.38610930252749004,0.75648085192554
2016-03-08,0.84569877520645,1.53347812920236,1.3575825132061001,1.35393785520421,0.8207435615966799,0.93841628897813,0.51090753868816,0.7985751132573301
2016-03-09,0.75573766572838,1.02319667093916,0.94519408892288,0.8446859508633799,0.59243861584046,1.04580754482409,0.46843365962126,0.592826087186
2016-03-10,1.05289726961085,2.78318036625117,2.803816498915,1.27240463398048,1.44206545527656,0.6779834342978001,0.5960626652519,0.6811571551626501
2016-03-11,0.78028538389556,1.08054435797055,1.25282552580796,1.63131305115357,0.52554930606704,1.24539243823302,0.3852435557492,0.85423087519923
2016-03-14,0.44185163973626,1.01145259811718,0.9277527611230201,0.78826057606114,0.63874686349544,0.59654443032505,0.47268915823173996,0.5415436423639
2016-03-15,0.57276038373043,0.8900879133966699,0.95561923996814,0.79025222686344,0.55815867218687,0.9777960984996901,0.58447752008204,0.5861661861346
2016-03-16,0.85918027608381,0.7922020921383799,0.77606048279743,0.68945209433303,0.59391834033863,0.8164533335731,0.36076457779308,0.65035465551364
2016-03-17,0.48305992886518,1.52972544109784,1.3253166551567899,0.96172608840169,0.97278847863924,1.0355806562557,0.5493733044018799,0.59530204479736
2016-03-18,0.51022929012829,1.01245677431434,1.0442590285173499,0.66634322354121,0.9321689127907399,1.01196387872591,0.51470176615804,0.59229901176556
2016-03-21,0.41795919755403005,1.42976731672639,1.21181987271582,0.8966158271969701,0.8632865487711799,0.0,0.62997342353453,0.5392254302872099
2016-03-22,0.51671952890823,1.35032491891322,1.34322457371617,1.03880107416723,0.8966559655246,1.27343790363762,0.40758661510315997,0.61132913743895
2016-03-23,0.46824251816252,0.86295682648669,0.78617860356187,0.54224591178686,0.5241073072690701,0.8435122350714801,0.46202209391824,0.60312440465507
2016-03-24,0.5987577253453901,1.0678027319388101,0.92858853267256,1.1304038546386799,0.50322161820275,0.88049822600111,0.44202201113557,0.48930600617709
2016-03-25,0.0,0.0,0.0,0.0,0.0,0.8100930629124801,0.47070921222289996,0.0
2016-03-28,0.39678157678698,0.0,0.0,0.0,0.0,0.9132172621666099,0.50128632189261,0.0
2016-03-29,0.5566663172127599,1.28085568328637,0.96158210247161,0.93422999075612,0.69772451691418,0.8510221265895,0.46858510456302,0.6669629724774899
2016-03-30,0.55259667414402,0.70984513996747,0.74925828724343,1.17087114375066,0.55156430399482,0.72727734202337,0.36516067981969,0.72217547441411
2016-03-31,0.37332040483728,0.76946437220654,0.78211842662763,0.8091192548507801,0.58943238514154,0.95609531277144,0.48443701843782,0.6149873209437601
2016-04-01,0.71743311600683,1.17160443349707,1.2008807733259699,1.44289644736619,0.83067072209337,1.3785910204821399,0.56568417871791,0.67894687378085
2016-04-04,0.42420196504364,1.11833624717479,1.0503556587385001,0.66021263241087,0.68593221429429,1.2305289877065,0.45881667115112,0.0
2016-04-05,0.7961449933092399,0.99646174863457,1.0033374687372099,1.13254850634222,0.76683445493103,1.2038791142390501,0.48541948887584,0.67131110354722
2016-04-06,0.55406325356228,1.0096567627595,0.8743932183745701,0.6464485936805999,0.78892655829984,1.16888176599474,0.46591208185572003,0.53156735226587
2016-04-07,0.77300534247638,1.1380930568196,1.07234995022893,0.74511431620606,0.65574648425076,1.20004989710053,0.41833935206638995,0.61226110092481
2016-04-08,0.68102028370031,0.8945998156110799,0.7968922668390501,0.7954426911403901,0.562155116043,1.43622345306849,0.44521572488134004,0.76080279856861
2016-04-11,0.61432165299236,1.28590700741422,1.12646926417634,0.68333448656206,0.8301663608420801,1.39811619892232,0.5284186023702899,0.9266934928354
2016-04-12,0.61396298553092,1.0359866267003601,1.08126416605055,0.67597026970835,0.75716994408012,1.18619415194478,0.41330346753437996,0.6109705963578299
2016-04-13,0.5803050278741,0.74775761691288,0.79572420652315,1.0828935333291,0.57148742814467,0.9662289424080799,0.0,0.71173382708779
2016-04-14,0.40409817904635004,0.69530293449988,0.60634644109268,0.60769432843966,0.54068372546469,0.92661254789271,0.37102899030601,0.8140279580241401
2016-04-15,0.24712654543302,0.5273696570362499,0.6326014225509901,0.46746415160404,0.4796110791226,1.05659747281639,0.49299118325308994,0.75237327880984
2016-04-18,0.45766472106295,0.86296771314993,0.9249549450594999,1.35749940174609,0.5810854261479801,1.43644142289617,0.43834549261454997,0.56566574636482
2016-04-19,0.44714029921456,0.77779292009169,0.69435289445112,0.61944305957179,0.60938901789986,1.41590028587503,0.37412906699099996,0.65542117589094
2016-04-20,0.39241911626192,0.7767336633529399,0.7345317699720499,0.59516613963363,0.58165737638938,0.8986041159658,0.45820224830649003,0.78471510747421
2016-04-21,0.48860756257298,1.0284008359336299,0.87240627737228,0.72425162637547,0.69938199022198,0.66564115607468,0.50731311020156,0.80736285532398
2016-04-22,0.47178744302502007,0.82221838846124,0.6126158217518399,0.7452028830494001,0.5103593104672001,1.4210418379724,0.37231592671407,0.5111195464565099
2016-04-25,0.46633097086243996,1.00251164198626,0.75606973777215,0.643008190589,0.6585394412405,1.11134794588643,0.459058863691,0.65771990451934
2016-04-26,0.4146104536793,0.91550263847428,0.79385267508285,0.70488707020845,0.6053335200084801,0.82969475955888,0.41764012024719,0.7903966548437801
2016-04-27,0.55345906010329,0.73259957169727,0.75967416624185,0.60673557474532,0.5965699450348,0.73562433851468,0.3585694277673,0.7104730552659301
2016-04-28,0.60426001814778,1.14631690402828,0.8997301166696101,1.0374628747772099,0.69388333412685,4.03727063974066,0.55917906940428,1.0788636506092801
2016-04-29,0.72286959299883,1.200786584634,1.09095147451112,1.11974233468061,0.74068810284176,0.0,0.41373197352281,0.75734331165041
2016-05-02,0.48098461363573997,0.8902207516660999,0.77725908961614,0.0,0.79491020106623,1.88527393629732,0.39539398001605003,0.0
2016-05-03,0.720486351538,1.06184498341801,0.8936493045440099,0.7961223291915099,0.8137834883845599,0.0,0.39774650203823003,0.95154071206169
2016-05-04,0.59599941890207,0.8922613752099301,0.83713595932791,0.76239161465505,0.49231905687303995,0.0,0.48535498080518,0.65647384895653
2016-05-05,0.58393370070153,1.03466484272831,0.8165720086806401,0.74927302060255,0.0,0.0,0.0,0.69868754969293
2016-05-06,0.65555328047301,1.16213701376515,1.06948022787894,1.02057866193988,0.7104731894365099,0.94588686089726,0.0,0.6913921043523
2016-05-09,0.46808783371695,0.89449877789488,0.9438430892976,0.81712284948553,0.69435474946974,0.68268714590404,0.40324748064637994,0.63834435314953
2016-05-10,0.45424719853735,1.03013674531491,0.89810991951981,0.89584099780728,0.6333237021431101,0.90341578339134,0.41188265715154,0.88570933712068
2016-05-11,0.47307027823981,1.00680458218216,0.92015278391075,0.68372838113324,0.71841417489322,1.08900733938711,0.47250455366334,0.79546492799806
2016-05-12,0.68811450167119,1.10326766576837,0.97096961076155,1.22169157631867,0.66738862235895,0.88780568554534,0.41253338341016005,0.88283991898128
2016-05-13,0.57983836033136,1.22275583925818,1.19966860773423,0.9936442539281699,0.8330342098196899,1.10712286680295,0.41266061731186,0.77178133013607
2016-05-16,0.44797093055142,0.0,0.78029666486867,0.96054606586629,0.54615039386095,1.20557844745665,0.36135240852463,1.08454655065884
2016-05-17,0.59690279777909,0.99081528706003,0.92787529835919,0.8999146612143599,0.7887197212391,0.89199616167952,0.43525105769107997,0.79679493578377
2016-05-18,0.95732082815999,1.03390475348312,0.9345999275272601,0.9395607060245601,0.64613329801538,1.28923648265281,0.54737804952776,0.56783039362748
2016-05-19,0.8042436650468001,1.07658433054638,0.9638045256028,1.16328061784506,0.77902203808637,0.89337716472553,0.42637874672842996,0.68675311833051
2016-05-20,0.5121745894429499,0.68649212934493,0.79410496275295,1.2888505906818601,0.54003861498335,0.75895096032638,0.5121537540855899,0.7518019963650601
2016-05-23,0.33495162258908,1.38820848559573,1.17350817684198,0.77816222882365,0.83782939319986,0.95204767891974,0.49667555125978996,0.60663750555007
2016-05-24,0.52813167987022,0.92333225140982,0.86721935349157,0.69532802020798,0.60032189278597,0.73332231434008,0.45251276682084,0.6104831944054401
2016-05-25,0.47353131061212,0.62653352788253,0.69947356935098,0.8439318084165099,0.47084443381912994,0.45368456410431995,0.42828677926486,0.8032685269475801
2016-05-26,0.34174768126664,0.65956907265171,0.76505173116826,0.6299398114272601,0.47630434929517,0.63996024088015,0.33992867094487,0.49359003938538004
2016-05-27,0.29841070524922,0.48072760450388996,0.46931493345622,0.38723627959506,0.38004965255249,0.47597342279135,0.44040382432784,0.7312838483409501
2016-05-30,0.0,0.44231987100007003,0.35901902314479,0.0,0.35195217700236,0.49137687044028,0.5152261168068,0.85351904317297
2016-05-31,0.41572388005771,0.71629888342365,0.62336747860845,0.64091125275021,0.53289071413901,0.51877545290744,0.53522461220591,0.79576441536793
2016-06-01,0.5437378760924699,0.8062601837351101,0.75002902417898,0.68049281695121,0.6745297076204501,0.6837883652137601,0.39433151062823,0.63368650717922
2016-06-02,0.42439843952456,0.85354159058232,0.69494871135742,0.55999929706382,0.5981276415105801,0.97956019512627,0.43786909587663003,0.73517317580278
2016-06-03,0.5940880684846,1.25874900593684,1.07484700541984,1.0763198866587,0.91524303387778,0.8666327039652699,0.42122636305199,0.58240625350527
2016-06-06,0.39402855396665,0.63016610627922,0.70315347371867,0.87983593183749,0.0,0.86333807743789,0.0,0.69870302356777
2016-06-07,0.25987092510926,0.74269055020737,0.66426149335826,0.6693032086645,0.42043162084541996,0.67154757834208,0.34377693962649997,0.61934925561219
2016-06-08,0.31989069530534997,0.7176947326770701,0.6655014707424199,0.49237903066685007,0.42937554010712004,0.8457896539738601,0.37671083967467,0.59953754901152
2016-06-09,0.44587991907618996,0.74467149187066,0.63001625460894,0.6713472007497701,0.50492270434097,0.66986710950014,0.55977754038225,0.0
2016-06-10,0.6192079603555399,0.89455614446685,0.9593405393798099,0.98536722890522,0.80269412779096,0.68568119424236,0.43520233299601996,0.6785841512681601
2016-06-13,0.52330693659031,0.90166006324259,1.04739928459064,0.79053553612044,1.3238540941191301,0.7422821978374899,0.5373012380266601,0.87224515456413
2016-06-14,0.6233665548982901,1.11880735217909,1.25299125797189,0.9443346755755699,0.85261137655683,1.2516830740434999,0.57337254015754,0.5427536911856901
2016-06-15,0.49303311559956,0.92823854136273,0.9213376694168,0.8743166422958301,0.74605383945892,1.09695235551367,0.57499607685793,0.75926855493911
2016-06-16,0.74221117916195,1.03178341707889,1.14025168913314,1.04223977670975,0.6993424004945901,1.38855890763229,0.53000970673921,0.72383623963827
2016-06-17,0.54406721534191,0.89104891949352,1.04892450882844,1.07591798415074,0.8030076555384199,1.13759086205806,0.6058186856885,0.57322472389096
2016-06-20,0.86803307702883,0.9182702803923901,0.82117583857626,1.92212567302661,0.66298569092027,0.94790462000804,0.46426633238219994,0.67941794887615
2016-06-21,0.48561001368950996,0.9611021674541399,0.90414882336987,0.91316938494933,0.72698304629599,0.91080802929909,0.35876232596119,0.5495408986565
2016-06-22,0.50789127533868,0.76626118150765,0.85357255490241,0.8873224975273699,0.6397236350777901,0.8798400807421799,0.57679852199713,0.63875919785621
2016-06-23,0.5845242355819,1.48720827339784,1.41299576986097,1.24432528737143,0.92911505956388,0.58569101214636,0.40202980069392,0.58112790403257
2016-06-24,2.5068274872559497,3.18828782417507,3.68479747441959,7.57561254570341,0.0,4.81471272842471,2.78832273193294,3.02200533025572
2016-06-27,1.13431520866335,1.4978433571492,1.7263912386278402,1.60229006018261,1.2253116583171801,1.56960290246386,1.03414089839054,0.83124417922738
2016-06-28,0.91423753439129,1.0439615142915901,1.0979506518473399,1.9499386881097,1.00599539401331,1.5905483070450799,0.7380942988967301,0.59835464415315
2016-06-29,0.79560542967782,1.13005586572611,1.09001814900165,1.90445469113024,0.87778511364591,1.03302927076293,0.5193604530678799,0.7748488617478599
2016-06-30,0.58641937205936,1.2252240081597299,1.31985250669724,1.5083004536878502,1.05273510219522,0.7376991601725901,0.56434676222798,0.9664324980992
2016-07-01,0.38909928259063997,0.99172854818685,1.16786534075551,0.95971915490825,0.61566076855043,0.8345629128349199,0.45222056043903,0.0
2016-07-04,0.0,0.66053098781193,0.74816699604354,0.72776116875463,0.56129392369637,0.81727753910275,0.38543121948418,0.85283035109231
2016-07-05,0.52710961181366,0.92764522928979,1.01447242442512,0.8518103081104299,0.68894355868517,0.58022017117521,0.39972172306981,0.68904842893768
2016-07-06,0.69093991295027,1.38991779925972,1.27885688300411,0.9836942382018,0.86908967936947,0.9345049791439001,0.59606125634752,0.68620329316746
2016-07-07,0.54316025393705,0.98167061341879,1.05909856285144,1.2772444385535602,0.85243152370951,0.9601814491846199,0.54722706115579,0.63369901022775
2016-07-08,0.39168542233899,1.37738576206849,1.34421843382018,0.81633599601037,0.8410885037893701,0.88355678823833,0.59438594992734,0.60933132307514
2016-07-11,0.43085353914977004,1.00207464171487,0.98679460805647,0.93966209866981,0.73401632981052,1.09975404034493,0.3738720355111,0.49436887293738996
2016-07-12,0.55996909249576,0.9049488675519799,0.83425894654586,0.63595020487737,0.58089876157847,1.21822751885392,0.44112608763331,0.6766076444425599
2016-07-13,0.36263392323356997,0.77177579817025,0.9178442287598599,0.67726498831253,0.58036410090935,1.03559099016986,0.4002299705186,0.5977438576455
2016-07-14,0.5216362320476,0.8860725469612101,0.81287949458782,0.9676022273857899,0.53626059123958,0.0,0.0,0.0
2016-07-15,0.33394295296565,0.89123295107879,0.95574893768125,0.82761307137734,0.66785839194786,1.02428367655205,0.57348889760309,0.7720395084517501
2016-07-18,0.25285515608129,1.09161005256868,1.11241906151503,0.9802967061787999,0.8336259488054699,0.0,0.45555324680726,0.72388220796861
2016-07-19,0.26363385901317,0.93338835516183,0.89466095913688,0.5750211663746,0.66840073107823,0.68926550785352,0.51236923376424,0.51929154487668
2016-07-20,0.22623705561027,0.6740395919041899,0.74449496264178,0.56653697454991,0.58576552462635,0.70201911237671,0.38823306693191,0.6239276550493
2016-07-21,0.33703704744665003,1.06586992427265,1.1071283860655,0.53399575067743,0.66729799924787,0.65036586887443,0.33381627125052,0.59205749578329
2016-07-22,0.26453957149265,1.05899411702048,1.03788591889426,0.72124684703168,0.6279009148503499,0.75704448813884,0.44745795936937005,0.48362936643311
2016-07-25,0.32745013435465997,0.69040424110368,0.63281169681669,0.44622213378338,0.51982223920476,0.7898123701702099,0.44980384442613,0.60644901726583
2016-07-26,0.45046077699960996,0.73357017298816,0.9544022459300701,0.67987094862616,0.60532899923717,0.8631694010531101,0.44893873380137006,0.74387556038891
2016-07-27,0.47929594493747,0.52565169198643,0.60676385239163,0.57458300570509,0.33007501767812,1.30503543879122,0.37105149249389996,0.84414171624804
2016-07-28,0.48954244823814,0.77307103553053,0.7908243765641501,0.70693944526572,0.5835406895408,0.7817545332410201,0.54510658539402,0.7124340803996
2016-07-29,0.40074202473398,0.66178743399667,0.71309132597695,0.7229280143572201,0.51580087714393,2.97953079132436,0.52886477792506,0.71563263017799
2016-08-01,0.47042616153821,0.74791148714558,0.73186789393003,0.66217342705281,0.49247035526444,0.94941793346519,0.29450537469103,0.73263197738123
2016-08-02,0.49872776991328005,0.71818296027065,0.82585320471076,0.63733979918271,0.58130785503987,0.7269503940834,0.37884671540867,0.0
2016-08-03,0.34358324670022,0.79706541727692,1.0819454996348,0.5863794960139099,0.7218438568497,1.05544216765012,0.55248677014113,0.55098892028138
2016-08-04,0.33532027730647,0.84766750010501,0.85165535100099,0.94272866127387,0.5075456888758,1.1775779145933398,0.4180778428097,0.5298828359139499
2016-08-05,0.31091904606573,0.9399884180938799,0.71429272011259,0.74342888661535,0.51637989144161,0.73040774337018,0.33966018443133,0.45383784707253
2016-08-08,0.23712878143850002,0.57825466345654,0.51024867753255,0.49986622329935004,0.35445956961123,0.60464764506919,0.49255827059685003,0.6352688412218399
2016-08-09,0.22695161082218002,0.67301825453388,0.5324750907031199,0.36366400312652997,0.41058413849663,0.62051403046144,0.38063970860297,0.36588015848992
2016-08-10,0.32503176209526996,0.5888822542008401,0.5195139469932,0.61845374464713,0.2932608019662,0.679856704797,0.40805958814841004,0.64676763738223
2016-08-11,0.34140063631720996,0.6017618099926401,0.66895173412717,0.59857316863598,0.43518207361725997,0.0,0.38086724340215,0.66372859913554
2016-08-12,0.22944412624681998,0.48550162295962995,0.5579117417766299,0.47204673921641,0.3602922579737,0.43158642322497004,0.54425580946797,0.43861784442994
2016-08-15,0.19754722098000002,0.53849223334784,0.48488197923626,0.34966552154251995,0.38403154185729,0.36528344190352,0.0,0.49972604078022
2016-08-16,0.33974996227775,0.77754305720296,0.77933153153324,0.63537351534387,0.5102866043628801,1.1133907370195701,0.41092863534599006,0.7053185417476
2016-08-17,0.40539416530333006,0.72217452777645,0.70134704178407,0.5672867630026099,0.5970497192569699,0.64029868084086,0.51614531602773,0.56580550728756
2016-08-18,0.24817523877315,0.5265599961478,0.5266205857816499,0.58185243659628,0.38523948207057,0.99016723012113,0.37462406265332,0.62946720215605
2016-08-19,0.37554857837901,0.7669909506131201,0.7173856070350499,0.44951015444361997,0.58367712430842,0.8074475405257501,0.45526815084599004,0.6002139750408
2016-08-22,0.47530100714041,1.21864226060029,1.08979175454166,0.74703611234303,0.73197485101645,0.51450221657978,0.4890393505367,0.64586864911869
2016-08-23,0.25744828872711,0.7991953952383699,0.64725015337911,0.65345824032399,0.50947522881236,0.61862315563548,0.32089119756471995,0.51048275017316
2016-08-24,0.32731950045672,0.70483090910864,0.67827549885924,0.71862850562958,0.57840290232042,0.54416178887015,0.40495903543163997,0.71611114540678
2016-08-25,0.39211442406994,0.8213277840422899,0.75221806255346,0.6650921442221099,0.51047141007482,0.52326854761033,0.42867800061381,0.49207168685466
2016-08-26,0.61306008233548,1.10406996778555,1.06265873122277,0.59817637696509,0.66432694461687,0.8203985480438301,0.41396237757032994,0.6692877448786
2016-08-29,0.29325504306743,0.8142064645067201,0.71802896565779,0.0,0.38196934542189004,0.54422612624445,0.43334050041319,0.57140452633497
2016-08-30,0.37492515012596,0.62268762094758,0.61309974747604,0.42398682470712,0.40181408328183005,0.2758340654632,0.41363250790474004,0.41388944436553
2016-08-31,0.35626492783229,0.62243109745095,0.7142301728929901,0.50791962596949,0.48846976797937,0.36021187180608,0.39951741299055,0.42229925059424
2016-09-01,0.49375283717273,0.8115774716905,0.8460545217589901,0.744652622856,0.47700318285529997,0.41836747141929004,0.48899823855655994,0.60186115003314
2016-09-02,0.38300156438954003,0.7495405501729999,0.94063787584849,0.8779680700709299,0.5330538250183,0.5421878176366101,0.40966699918025,0.53465942428583
2016-09-05,0.0,0.46131084425194996,0.52800551321123,0.50403437929951,0.34833707308812,0.53121195759638,0.33930065831388,0.5680884472111599
2016-09-06,0.32380645060924,0.58838136580424,0.6157470977773,0.5325316958831501,0.40753976952492,0.34169754514286,0.3586588686037,0.5208871484797299
2016-09-07,0.26698565779457,0.61620912181211,0.7404552473371,0.45213620678769006,0.35948434563697,0.48437195158601,0.3352207437229,0.42610244941777
2016-09-08,0.29523598580455,1.1139439537351,1.0288915209126699,0.7108124720238099,0.52691717869025,0.52005181592599,0.48653260871594,0.42728231487366
2016-09-09,0.6640977704826,0.83469120390054,0.7965356394863401,0.60939762684257,0.56942817759776,0.5697178015361,0.48796838148865,0.8466996586425799
2016-09-12,0.75248014591192,1.08972260709319,0.9721578664211601,1.4832269767844,0.6093486330754799,0.63466804224671,0.70661154981866,0.8237223629252101
2016-09-13,0.96970187033115,0.7636340251120399,0.85066484883244,0.65496221937459,0.5452549859400201,0.60176004958466,0.49597505793199,0.81580914026795
2016-09-14,0.68431460037844,0.79951977922383,0.82662709689391,0.6923569864379799,0.5414084250208501,0.5983334456353,0.0,0.74791633502542
2016-09-15,0.61033235118179,0.65693989747222,0.8171209520738101,0.65647878738578,0.45160176328895,0.64582846426093,0.0,0.66069661773889
2016-09-16,0.6537878900517,0.89935748034913,0.82672861343265,0.74483030407455,0.51417237582048,0.40978447724896,0.0,0.0
2016-09-19,0.49307508392925004,0.42229610790134997,0.46743462961115,0.98211917365142,0.33370486860093,0.0,0.4720558258098,0.73881632453477
2016-09-20,0.44174667437924003,0.657502861827,0.57387202838343,0.51902768172329,0.36205656365227,0.71522000014586,0.41855133333235994,0.47933482675414996
2016-09-21,0.57851619799958,0.55370938621947,0.58456229629966,0.72150549208689,0.39471866707499004,1.2611471105283398,0.39217837796982,0.59759995131663
2016-09-22,0.48172567290885004,0.63272770173917,0.6561591084044199,0.69556062875004,0.40219190834389007,0.0,0.34853488565219,0.77725273953919
2016-09-23,0.34199423231571,0.437270399375,0.55530993542801,0.49392585957825996,0.44516491568252,0.42852884096488997,0.40524552871548997,0.70831280848733
2016-09-26,0.45899975926747005,0.7965407577092499,0.7400061775801701,0.82238091800187,0.5532391352868999,0.56844487738547,0.38349801660387,0.70948377844642
2016-09-27,0.49639293159519,0.9628904820359,0.7561496718362,0.775931575269,0.72393343423763,0.9250689488021799,0.6346507638890599,0.6377580868931201
2016-09-28,0.47974140162106005,0.7729764404535,0.87845563212374,0.70205675709712,0.5841119581004,0.56884684937166,0.35726414812166996,0.52103314275534
2016-09-29,0.68043513482534,0.9517471745013001,0.74440938521063,1.1636446641036902,0.5294424164589,0.5725528962726301,0.29729545866021,0.62855027697188
2016-09-30,0.5552424269320401,1.21023108406907,1.370203330663,1.45706951304218,0.80094940426653,0.56851909541516,0.46877646484544,0.6813228525572199
2016-10-03,0.4135640775922,0.0,0.5670569182249,0.66746797802703,0.43852206847085007,0.52732131016981,0.0,0.53254071351392
2016-10-04,0.65809407996311,0.8618229135583401,0.75912553332016,0.9297921698222701,0.45217641830071,0.5152956341505,0.37844579367455,0.49712639121680996
2016-10-05,0.35043132380422,0.70781034038694,0.73013552401424,0.58894128897145,0.41220417235265,0.43121558260613996,0.36899101257343,0.59744743879541
2016-10-06,0.42119183949206995,0.7401325432088001,0.65233398752628,0.54238816471701,0.43373766902962996,0.46947374712478,0.38234251848062,0.42469370412553
2016-10-07,0.52360093737815,1.00540927969011,1.05537866020637,0.77468797413546,0.54592045209301,0.35322986252342,0.31698453254102005,0.5181041488539799
2016-10-10,0.33505663968813,0.7535066932846499,0.74177516254157,0.6650234634318,0.43708603951792996,0.0,0.60455078782403,0.0
2016-10-11,0.5850227562581299,0.7553549603758201,0.681002955522,0.57925654258191,0.47967709570204003,0.5121108298007301,0.59789118599086,1.0814807941087
2016-10-12,0.42785077712283,0.8229683957804099,0.83546621705717,0.69614456972918,0.74981423816605,0.42569548702136,0.55751143818532,0.60068073779862
2016-10-13,0.6159225548913,0.77022772003412,0.91456393035333,0.9149546231678801,0.68182514079033,0.73124150408318,0.44808808102072006,0.64121230257924
2016-10-14,0.51454896556621,0.6580499007621701,0.6633681530064001,0.69224065918931,0.3862650087985,0.68341847617851,0.47312166719496,0.64818437781555
2016-10-17,0.38839501368315,0.70882430789242,0.83718660531631,0.75883256138361,0.55013632593297,0.5803168143263701,0.6864456391278301,0.68210206109239
2016-10-18,0.40812224363224997,0.5425827977379499,0.5467801814155,0.75791182136295,0.42306222108974,0.3991257659244,0.41889599836356,0.70816695914108
2016-10-19,0.2723785773044,0.48423441059050004,0.47718524443865995,0.45489556556728,0.42641742963069,0.35592905416447,0.45984433330544994,0.64624961570643
2016-10-20,0.5416315131549501,0.67838658762389,0.7195066388868,0.47403277543401995,0.53128375267855,0.57490532032022,0.35656760952602,0.42760469921262
2016-10-21,0.45071932109171003,0.51596206541724,0.52008411586112,0.44910341982511,0.48405329561343996,0.53890997690798,0.47723595379428,0.0
2016-10-24,0.33965981824476,0.45681553348229004,0.49615541191504,0.67028843946565,0.41777357309327,0.396857850844,0.37482078234919003,0.7840943217722101
2016-10-25,0.32306279731936,0.52703529133913,0.49544805571065,0.58641436215261,0.39099269076207,0.38756952783004,0.41403490449016006,0.42188993832922
2016-10-26,0.47874448773018996,0.6578280863564401,0.6297495402787799,0.64155240927236,0.55028565693423,0.38427105801605,0.53885238256805,0.50877543844229
2016-10-27,0.4776531355658,0.93925246051319,0.9604596011846199,0.8727968631457,0.69009144101733,0.45452279741332996,0.43967707224572006,0.69505154117821
2016-10-28,0.7668376239400201,0.7988499678182199,0.83802423643862,0.92083212117012,0.69395653439724,0.28029293738361,0.38259339434447,0.5476782259703901
2016-10-31,0.37488474966509,0.6240244812481099,0.59012032919561,0.6428694226312099,0.4950841756325,0.44426163362637,0.44077244697798,0.62269810103834
2016-11-01,0.59481735057826,0.79979074499264,0.74188485356532,0.7838935856360699,0.5766240969272,0.51602770875,0.56304724398645,0.79419785957561
2016-11-02,0.6631988482778,0.6550775253631099,0.65181449453434,0.76174966524206,0.5741046292305,0.60272488901641,0.48225860477176996,0.43517922737822
2016-11-03,0.42727923701487996,0.72949942561375,0.79925691413928,0.77271381348566,0.51533805250592,0.0,0.66248143960673,0.60279685130259
2016-11-04,0.56281980124028,0.7080702928503501,0.6783012299290501,0.97131230518601,0.43107196979598006,0.75487990250882,0.50251941465434,0.61783998390298
2016-11-07,0.7627505137306,0.48664089852317,0.56873295396204,1.5949454778838,0.50646993188863,0.66908840350944,0.52930873736819,0.60535036547108
2016-11-08,0.56227118528242,0.51261567734713,0.52618253161649,0.40789225387297,0.47663558153971003,0.48337060622491,0.44146256794043004,0.45313059145892
2016-11-09,1.1031106528277201,1.6342249713362602,1.6833802860658003,2.24237710782508,1.52300271171557,3.8498626246524696,2.03119607488765,2.57595547603525
2016-11-10,1.06127184372713,1.08441174493777,1.1825480546886802,1.13655512948822,0.78580116365918,2.8114003102302902,0.46837845731138,0.5671922661593001
2016-11-11,0.56067066055868,0.88205758543139,0.95692969549012,0.9417126285743199,0.70562327345882,0.9687204233756199,0.4850463603823,0.79671418160708
2016-11-14,0.52298615695068,0.8020100242479801,0.91613421296251,1.3057944190656499,0.82168564606768,0.7010598014523399,0.46175391308473,0.87627134991317
2016-11-15,0.33358600556474,0.71460983257314,0.68240371072199,0.8044264046025099,0.62188799997595,0.60726294229776,0.48922153480827,0.64074797486404
2016-11-16,0.38126914646104,0.7124422296921901,0.8635471222045801,0.65454139026299,0.7217747840752,0.43696676089771,0.38551179800741,0.5452872988559999
2016-11-17,0.26126075380278,0.67795244819199,0.6830646008429699,0.5342978076583,0.52681790153984,0.67856530331587,0.5444816434468,0.9592848966706801
2016-11-18,0.30810798177273,0.65961741476981,0.89943365167999,0.67560571157828,0.58950908168858,0.46601657691763,0.41592379266041,0.62397598533305
2016-11-21,0.30425667800285,0.80764618185157,0.86692903044219,0.88921296481626,0.63036530758337,0.42615149737614,0.42698253643069,0.70936910011489
2016-11-22,0.29165443819331,0.53681011519861,0.65799213964912,0.90299605858661,0.39354033750984996,0.52713578716724,0.36072383282109,0.52853401472815
2016-11-23,0.27391724372383996,0.7943070495171,0.69765524490441,0.7005480150137801,0.45536758896468,0.0,0.38413356492488,0.47027456097336
2016-11-24,0.0,0.5450964016752,0.63099577523422,0.418019990885,0.39898671123452,0.38145283628071996,0.54262490260879,0.48044226757993
2016-11-25,0.14117525945273002,0.4795806909179,0.49960083600418,0.43690721920664,0.41937824767934,0.6947544518201499,0.52109603864061,0.5324112419822
2016-11-28,0.31178404308720997,0.8124701346018001,0.7923311301741099,0.88618672636118,0.51099478929343,0.55887747579003,0.64195359163434,0.68926225844644
2016-11-29,0.30249254602321,0.76558154281073,0.75776983105786,0.77648073437736,0.57748220554952,0.41008575876375,0.4388842879365,0.47807715100275994
2016-11-30,0.5293129775648899,0.72053652175038,0.7931288481620999,0.8318384483715999,0.48173660958771,0.44699668970906004,0.47073470345831997,0.57076895961342
2016-12-01,0.46159232575242,0.8539916147439499,0.8323599833234699,0.74537414644133,0.62279931481545,0.7469645460076499,0.43158138970903004,0.43104302570849995
2016-12-02,0.38240807258529,0.6638613678251599,0.7639520282490401,1.07110302968575,0.5691075340270201,0.57304654055141,0.45268583445210997,0.4493008161259
2016-12-05,0.29038449625761,1.2986915387431301,1.17173022828465,0.8847919651072801,0.7807478948696,0.55566226333365,0.51245757381919,0.7707022318701
2016-12-06,0.29767793922508,0.61841764460822,0.69333294268361,0.57401570756965,0.41826695874850994,0.55227575095733,0.46353978276936,0.47001496294983
2016-12-07,0.47630526427499,0.46192329936423004,0.6699800225568,0.87295804373048,0.35923835994743,0.46742223222287,0.29642392523379,0.41375143609075005
2016-12-08,0.40194479028918,0.9777965424822699,0.87198558803713,0.53972701337838,0.5381119220989,0.44017462097862003,0.37522199057062,0.48468425697603
2016-12-09,0.28978435659462,0.47546620616601004,0.59002596915064,0.46073469242861,0.37407642358501,0.57476392542949,0.36048392659545003,0.60002321767656
2016-12-12,0.38114129862834,0.5258189480905,0.51690942717713,0.64707508508468,0.44988341489488,0.72415922711203,0.34406454664378,0.75211399550842
2016-12-13,0.38996438826156,0.5726029372810599,0.58408529577084,0.5889882824127499,0.44307357632559,0.59733262851462,0.3154897532732,0.54326913564378
2016-12-14,0.88478786100605,0.47803240234409,0.56370087290048,0.52491857970224,0.36945272957701,0.5167465368409699,0.37817597060748004,0.49023519831164
2016-12-15,0.5356317866108901,0.76242329424688,0.8607601507478999,0.66727364857535,0.71196837613498,0.8124047611596401,0.41790084742739003,0.6491217166668599
2016-12-16,0.45844119864249,0.70608837653499,0.8221184468202201,0.5304586768498101,0.47129194464947,0.45954630473155,0.411229599138,0.63196623827239
2016-12-19,0.30882120316612,0.46159253587356996,0.43788697457365,0.42892248049183995,0.37805074506911,0.39101370354288,0.3391853919245,0.5197789267860601
2016-12-20,0.28557836943323,0.38415388374355003,0.41086892435456,0.49118736476606,0.36883370868457,0.38114749445851,0.29216130228558,0.55151295855591
2016-12-21,0.1954396850493,0.34339915333261,0.4718508790484,0.35548742763082,0.37274862465299996,0.5928018619153099,0.33476470224251,0.38406162711203
2016-12-22,0.25347436682177,0.32111015610361,0.40591657568388995,0.37007082788001,0.33103831176278,0.53014770875927,0.32726452106197,0.45989097060058
2016-12-23,0.16153864202242,0.35909009314678997,0.30766631516465,0.24988037579008,0.31892896840999996,0.0,0.35389754542948,0.52525698954212
2016-12-26,0.0,0.0,0.0,0.0,0.0,0.24589456627316003,0.32329480352965,0.0
2016-12-27,0.23642814143379998,0.2590053058731,0.31405481626820997,0.0,0.33411373375482,0.46171603392942,0.27221917090852,0.0
2016-12-28,0.35201057502096,0.20350295451369,0.22260264361442,0.35335941237123997,0.25729910016081997,0.35962390426811996,0.3411415541902,0.63972430472982
2016-12-29,0.34002833530805004,0.25421717405807,0.31588728182731,0.40883938611902,0.32615123760906,0.5747138704339,0.40297144899997994,0.58960682621857
2016-12-30,0.4694219139427,0.32761358434282,0.50656462771205,0.56595372405917,0.38470789615901,0.58985685407137,0.0,0.6322582317753299
2017-01-02,0.0,0.71079186419935,0.44699554901834004,0.0,0.46734160173087,0.0,0.5362111621201,0.0
2017-01-03,0.59414497850956,0.45143276629709,0.47263639856514994,0.6279437298285,0.44230504455987996,0.0,0.38115822650128,0.82992920623517
2017-01-04,0.36411572469868,0.47458608936457997,0.34709637819133,0.34352142746476,0.37092572161645,0.53373482546342,0.35621892291139,0.64604528354746
2017-01-05,0.34329037719412,0.48905681361817,0.47960416817959,0.40649816365283004,0.35974151632903,0.52120591279427,0.41227184883763,0.52736433019674
2017-01-06,0.38690641494046,0.38381591066921,0.52917970236595,0.38817708844008997,0.0,0.41064430942718,0.26924620084295,0.46138882132756004
2017-01-09,0.28396054362247,0.43240883365524996,0.46766861574361,0.53843692759465,0.46142950724713994,0.0,0.33090683495869,0.58529063861756
2017-01-10,0.35444435640479,0.43504610674847,0.52308451127894,0.46953070020767995,0.38187391139848004,0.75920336884247,0.30252509226412,0.39002080604027
2017-01-11,0.53684748656535,0.63711415790161,0.6480022720270601,0.48889990398984,0.4025168915901,0.39782820198751,0.48505434634012,0.44835804618269
2017-01-12,0.48731383862143995,0.6091823193905,0.5472836511658999,0.48011451936494,0.45070016657970996,0.70790289165388,0.39794284618207,0.51890388960633
2017-01-13,0.29084949847402997,0.41122673970109,0.48484458716740003,0.59500684754856,0.35140942942492,0.58163240293313,0.30507630858183,0.41950235437099
2017-01-16,0.0,0.43796612447537997,0.57030653175519,0.34185121556121,0.32318713295441,0.56959909262363,0.55418383740138,0.6461827435008
2017-01-17,0.308889509097,0.8115542074083999,0.64212092754886,0.50624975432051,0.57349356635994,0.9037089047169501,0.43422714369642,0.40288090396234005
2017-01-18,0.33399547677964,0.4245559605256,0.59038634955709,0.65474839550208,0.43845974745835,0.72963825075084,0.50647288736467,0.48429251163709003
2017-01-19,0.39244411029692994,0.5705325396644,0.63170944764298,0.48693745412584,0.42848060797682,0.56639881569531,0.58646574219808,0.43350636118735997
2017-01-20,0.45413975750875,0.50978111894717,0.71478182300255,0.40245070902608,0.45828013908935,0.6571333649048801,0.39905808766922,0.5085734210566301
2017-01-23,0.42793557639161994,0.67958215523372,0.69157083002181,0.87675706921083,0.46979533810851,0.63699227482365,0.63107665881465,0.60492909405908
2017-01-24,0.27824929601618,0.38249487952932,0.45989223851613,0.73486133813529,0.42664477717877003,0.65029178358034,0.41072623092182003,0.30202490306817
2017-01-25,0.2939314047185,0.48480096246439003,0.54718123680965,0.63843423523747,0.38883806443156,0.56796082151713,0.43899965512331,0.3269026228075
2017-01-26,0.29524432348063,0.42750288124938995,0.5072111365566201,0.39701529971671995,0.45771955234968,0.4774133678593,0.5121884399650399,0.3922183349475
2017-01-27,0.2568880336194,0.32537354276568,0.57734896437707,0.3612246154052,0.40958665665070004,0.50016351938391,0.0,0.22836120959842998
2017-01-30,0.44807852041439994,0.5697983154841699,0.6289769306662301,0.6424156690752401,0.43714077532193,0.4234295830706,0.0,0.0
2017-01-31,0.41373762522183,0.64362380317459,0.69115354896947,0.5506030593654,0.50411625064109,0.54404848163669,0.34641508369101,0.0
2017-02-01,0.45366064141356005,0.49799473777305997,0.6021755476023201,0.95512803715748,0.51488603418901,0.5995546966751599,0.29706377145754,0.5734331882960699
2017-02-02,0.40195223914192,0.47113161728236,0.60038123284031,0.5787277713695,0.41773329398662,0.6822830704061,0.47971916720391994,0.6099122497334
2017-02-03,0.28366398417376,0.44758117031876,0.51847505217734,0.46747633054258003,0.36024386100727,0.9933477301597601,0.48435945014521997,0.56054456351014
2017-02-06,0.24994989512641003,0.86270636662316,0.65335802514591,0.41726469677091993,0.46512873042334,0.56061107877386,0.49512170389262,0.5092515584182
2017-02-07,0.27561516876201,0.60947371647412,0.52913108329376,0.48302858619929,0.46023871065704003,0.44940532997385,0.44516364757065,0.40498695742512
2017-02-08,0.34895329017509996,0.62729361780238,0.7314962105407701,0.4688290860949,0.45722981650218997,0.53615411783947,0.55528869072507,0.54724650098564
2017-02-09,0.25159740022731,0.7020490141635,0.65729553965041,0.46299044070059997,0.43088417719388,0.51989538136103,0.46376043913091,0.57843912955109
2017-02-10,0.21658343879525999,0.47900729042266,0.59050899316009,0.62118554520602,0.40169271863406997,0.45224953830262,0.40003084518562004,0.40486647352987
2017-02-13,0.22174998259367001,0.43546844201968005,0.5014339466967,0.33808876904843,0.28916485841431,0.48835281148086995,0.41781619497608,0.3626503615369
2017-02-14,0.32851062800544,0.4262628254762,0.49190203625766005,0.50216106222779,0.44485318174611,0.63708219432892,0.37659693943828,0.51281560605901
2017-02-15,0.30146215074877997,0.47889727796612996,0.44812480196229,0.47790524082175,0.31404401494721,0.34015714036813,0.44485364600273,0.58182021670403
2017-02-16,0.47114024803768,0.51864738817613,0.49494625026,0.46670347697717,0.34045993239698996,0.55916287369426,0.44746260964976,0.54205950442065
2017-02-17,0.28547823717337,0.50182565857126,0.66862346854766,0.47905602610723,0.43128827101660006,0.50086183415784,0.40906828320186,0.51734560892032
2017-02-20,0.0,0.26391412472816,0.3767580352386,0.47827797591911,0.36269471458287,0.48720174618091,0.40149303888088,0.53249514422703
2017-02-21,0.33395021120796997,0.53519681148281,0.49914288396275003,0.53147828784007,0.37572267815030996,0.34451713052348,0.48444272830826,0.55295609246782
2017-02-22,0.26277434835950003,0.47411669237741005,0.6891314533377699,0.49098236472835,0.39850521433944,0.39753925164148,0.29227961620662,0.40029339964382005
2017-02-23,0.32674276531880997,0.39053656539500997,0.51160907910665,0.41490547753475,0.34540793554927995,0.46620535217072,0.28353712064471,0.50941270430789
2017-02-24,0.38533372878405003,0.80494623085959,0.72632373108349,0.54749947509658,0.48418227943996,0.54567179107581,0.50017968887847,0.39985230794125004
2017-02-27,0.28920839492864997,0.47618700202295,0.5575303046680701,0.6445371288190399,0.3930306989447,0.76514163729524,0.44817001856296,0.64159088189908
2017-02-28,0.28566771559727,0.45877717157130005,0.43150378047627996,0.32304250903324,0.32395516282186004,0.5095508123966,0.28582514323449,0.43761129638652996
2017-03-01,0.37724862905678,0.59004636261123,0.62374342295538,0.71414699371991,0.47110657291527,1.03891541405207,0.0,0.58416284607151
2017-03-02,0.38693762489343003,0.38358101244263,0.42536715333877995,0.32766443208737,0.354501183231,0.48378821274363004,0.40378047511852994,0.56290280506022
2017-03-03,0.31391920502816,0.51207130716813,0.5936511750272899,0.42921062023168,0.40714547717356003,0.46790692639981,0.4761636237086,0.52605915606321
2017-03-06,0.30584425821832,0.49926996363904,0.48913966005385,0.51620314523854,0.32184533438059,0.38907683221406,0.45274069766250996,0.4103476961945
2017-03-07,0.30975478632652004,0.39587109008575005,0.48337108751329,0.29851569346544,0.34361542760349,0.29343644843369,0.45490616312669996,0.4500609305175
2017-03-08,0.33642217936822,0.64204602169904,0.69161427556499,0.43380478317501,0.40778725353784,0.40689361665749,0.46957124790632,0.5144816578167001
2017-03-09,0.34908710470152,0.61243534714573,0.60989509273412,0.61466969311509,0.39688925707442996,0.40720784831578,0.36786201425597,0.44878251793015994
2017-03-10,0.3722757757171,0.58172170638016,0.5576056028487499,0.49367572242162,0.35986146905857996,0.41239940901256,0.83489081241207,0.53050379050693
2017-03-13,0.23370558551023,0.30798715781017,0.37650484429286,0.44215029156076996,0.3067292281029,0.35490254450153996,0.33446266785859,0.48517824039478
2017-03-14,0.37985166439971996,0.51098077500341,0.61610694321944,0.4331824721284,0.41866242244472,0.19915147666081998,0.32904154403412,0.38428285947794
2017-03-15,0.4296440577111,0.37253201113385,0.45473494356653,0.35291388946582003,0.30555404131154,0.28464585993005,0.39969143392119,0.4098966830682
2017-03-16,0.32268213287446,0.52373402881266,0.47885258033709005,0.6780523941598701,0.3790315955003,0.47100025215353,0.36488044885595,0.54215681350294
2017-03-17,0.25270709362576,0.38921681438589,0.50665309643548,0.32919319744287,0.57653115591043,0.34942582802032,0.35387919621473,0.5032004088438801
2017-03-20,0.34696819750931,0.33312418189624,0.42004585888881,0.43296326220106995,0.32804345051907996,0.0,0.29441581130353,0.4373437162594
2017-03-21,0.64795677339915,0.67195500183383,0.59757211510894,0.49692570066656,0.48383125291861,0.38814582697443,0.45589473134178005,0.4796270132719
2017-03-22,0.5360957678713499,0.53598331163368,0.6190439853269001,0.73239037860963,0.60352533125183,0.53271695442333,0.44596022071409996,0.45155781077035995
2017-03-23,0.51073446221981,0.5366685416499201,0.5176379174142101,0.37752931422621,0.41860822722399,0.54532647021136,0.4587595598233,0.56970200830131
2017-03-24,0.50629165764041,0.42925796697476,0.47888126128124,0.30114296927937,0.37451065282293,0.58852579152756,0.40535441048253007,0.54832126210271
2017-03-27,0.47878887458304,0.51181234393697,0.54680958242789,0.95513318791654,0.53360186596351,0.56731460276347,0.46149204546116995,0.59321588211732
2017-03-28,0.46616236379686,0.51716297710872,0.44104073730304993,0.44952164884520995,0.48297730844469,0.32352220120189,0.30706986109789003,0.34648769022863
2017-03-29,0.32322234522307997,0.38966802209647,0.37896422164512,0.59257815528003,0.40291795433549,0.43409021674903003,0.35797923350396,0.45604411918525
2017-03-30,0.29983087620511,0.32021277179662,0.31705885096738,0.3369806932558,0.35767824864174,0.49224374042828994,0.40555718105967,0.44506390646412
2017-03-31,0.34273170145874,0.32777346645647004,0.44577969601906,0.55652252198884,0.50925816698968,0.6181417159131399,0.42133430667162,0.5408645485711899
2017-04-03,0.49364249659622,0.41796873704701004,0.40611135626473,0.48702327274082996,0.38659511562129,0.55469573688953,0.31691495912042,0.35381106493338
2017-04-04,0.36195234629166,0.42829983229186,0.42910354905662995,0.52576182246577,0.42858129530206,0.8538081437272801,0.32676655374868,0.0
2017-04-05,0.6213233562573,0.45933379151661,0.54003043999444,0.53347406816628,0.38692468368204,0.63993486185303,0.40551055314878,0.59467413307781
2017-04-06,0.51192213764976,0.5444988744367799,0.60075766177541,0.90688055809835,0.5157247176227899,0.7462510106929501,0.41427277220004,0.38515585515533
2017-04-07,0.44955167926558004,0.48481562555793,0.59144514660554,0.5285125739029001,0.44552659676483997,1.2681001240868102,0.3966369714131,0.8315480616014901
2017-04-10,0.48251558216605,0.38689551393145,0.40676770002152995,0.40879675598733,0.30871451797843,0.5491471261206501,0.49851381507798004,0.40462654789147
2017-04-11,0.56331841221432,0.7636496361281899,0.72848267249921,0.59682006653013,0.47401459964604,0.49296947393553997,0.41371096830134,0.66510480245647
2017-04-12,0.4779595647157,0.65278754568903,0.5809378063489601,0.42145336959152,0.42195509431379996,0.60307801415525,0.31084672768812,0.55202589932103
2017-04-13,0.48874612489706004,0.45879488510422994,0.49995900621957995,0.5313624682190901,0.37054398645787,0.59386846531895,0.37633114515327004,0.58542390535414
2017-04-14,0.0,0.0,0.0,0.0,0.0,0.85159312235442,0.35218961515277997,0.0
2017-04-17,0.35592041413888,0.0,0.0,0.0,0.0,0.48604291881313,0.4537147202699,0.0
2017-04-18,0.42907586503712003,0.73505155381249,0.70095765617104,0.66427806031399,0.5111558688132299,0.50739571301321,0.38381398605309,0.7541153764503901
2017-04-19,0.36144883064064004,0.36373210620118,0.42473317112468,0.44300803076271,0.34772330969679,0.58137267823516,0.47931102509099,0.47955386403618006
2017-04-20,0.35535743129472,0.48694869443218,0.67839447363234,0.48554236738179,0.39775004788254,0.43500199286667,0.39942236642916,0.5892620252380499
2017-04-21,0.38043918046235997,0.53614877600816,0.71433596677724,0.47038527906884,0.39141630608440997,0.39241187820177,0.33379457931812,0.4077438845323
2017-04-24,0.29089903000947004,0.5424884428846,0.72890858744993,1.6607810785320198,0.45766953855716,0.42685387244198997,0.32348566218787,0.56064190395157
2017-04-25,0.26883622734322,0.34822538804694,0.49460339604450004,0.32561504386458,0.42787137950591003,0.49349894792205995,0.33264161378366003,0.45464867745853
2017-04-26,0.47160687055332,0.28592381284999,0.46612669853891,0.39606192622763,0.40811127743132,0.41140797922436,0.36705444459253,0.48144201030967004
2017-04-27,0.32806417080529,0.32994686368208,0.4656798594555,0.61369792987851,0.32170047068932,0.34631532349278,0.38127683388176004,0.52384888145202
2017-04-28,0.29768358043241,0.3162335376358,0.43915468883586994,0.40104816297322,0.32829109327426004,0.39321804938480004,0.45892344260791,0.38246903991542003
2017-05-01,0.27444409441229,0.0,0.0,0.0,0.0,0.37744064642769,0.0,0.0
2017-05-02,0.24161285617420003,0.3221089641193,0.36540944079347,0.54691701841744,0.32977570972796,0.37212075105382997,0.46510406628082,0.48637590632231
2017-05-03,0.28668653234259,0.24715915615962,0.38214291647725,0.3889680283381,0.32471763436869,0.0,0.0,0.0
2017-05-04,0.36980020275133,0.42548384778905,0.49163673292453,0.6849858464526,0.33783114746424003,0.0,0.46709982820227003,0.57880667389549
2017-05-05,0.23626150443802,0.44695122424789,0.56037528162131,0.48025098696664,0.29198029649711,0.0,0.0,0.5696662012947601
2017-05-08,0.26360967067908,0.48698910039388,0.68380050167671,0.40969874844424004,0.44419928253161,0.44683365940302994,0.50239970103514,0.47542280356692
2017-05-09,0.25503057533617,0.32484672604861,0.35842453725612,0.38428109437915003,0.37354261084192,0.39351948172710005,0.0,0.5568236928403
2017-05-10,0.219145004077,0.32777837544609,0.3227903619024,0.37768853030303,0.29642095505887,0.42751917830855,1.35756980564757,0.5099304809457
2017-05-11,0.34043387260464,0.5305236997026299,0.72435454708077,0.42460086779695994,0.40878752706325006,0.29772090022165004,0.59658636554822,0.50935637861592
2017-05-12,0.2339843152987,0.30420067868537004,0.40408327404394,0.38123371393239,0.28134705741857,0.35534150341085,0.56561359400637,0.48133484183283004
2017-05-15,0.23430474335291,0.468766646749,0.42511023194172,0.31078560089079,0.33615357201794,0.34672462647739,0.63426381623907,0.41448190648001004
2017-05-16,0.27544151921905,0.40938036018026996,0.34940988217183,0.38327236785194996,0.27434071925618003,0.33642802656852,0.47769837618864,0.40153714214829
2017-05-17,0.57030369496087,0.70953526414804,0.75624843511475,0.55865796634148,0.50244085662354,0.37804452452833,0.43275764814583995,0.40537324032934
2017-05-18,0.65830268683322,0.7550817925341999,0.80445782799466,0.76465722843245,0.68773190960766,0.52658391344278,0.55500521909694,0.63990658023629
2017-05-19,0.36662465317986004,0.40927689438521997,0.52408195687337,0.49705603988469,0.37844427622416,0.44147796094694997,0.41215220417054005,0.40878083564481005
2017-05-22,0.25279610319775997,0.49159633004232994,0.44839843006664,0.45717453996541,0.36922386435657,0.36917228791458,0.41639402649349,0.59814536423429
2017-05-23,0.23059110383103001,0.5649479234154999,0.5462886760619,0.32889206700069,0.42165848494755004,0.34763866676616,0.56636830347753,0.46058573378267004
2017-05-24,0.22190330207288003,0.35683889619444,0.44030629742741995,0.33269975971793,0.27764429252842,0.32782187679303,0.36416287245639,0.41312363364891
2017-05-25,0.29225001069068,0.80038241498414,0.64467533367884,0.36157605945264,0.0,0.40404068552278,0.48595387444244,0.48815747662437997
2017-05-26,0.19085313132403,0.48317713027711,0.53161102106736,0.37329542788729003,0.37060023224663996,0.37133322765132,0.60244086905358,0.36372165189321
2017-05-29,0.0,0.30633914443957,0.32379381930541,0.0,0.24752683356424,0.38186551193996,0.58480683422421,0.39432209898436
2017-05-30,0.20878863125621,0.60619175122731,0.59713009895882,0.61874441633239,0.44674005980051,0.41505474792278996,0.66907070817699,0.0
2017-05-31,0.38006359925911004,0.7731533849433601,0.7171784150896899,0.51787034715146,0.46230464175381997,0.35418143887971,0.52453501421125,0.43190350114865
2017-06-01,0.28328961314922,0.46296296476076,0.54289855986821,0.5321260110293901,0.42918176748602,0.47901081589336997,0.54774832439092,0.44407960406257
2017-06-02,0.26777560036448,0.69312578274774,0.55091431716346,0.57027902275423,0.44979696548515,0.57776144735572,0.39423274587314994,0.35603040706617
2017-06-05,0.21972046657383,0.0,0.40414757811630997,0.36951807344349,0.29461956696949004,0.39390540804343,0.44069998169841,0.49878653538418
2017-06-06,0.29198187182430996,0.57349214522689,0.55634545990073,0.46554002627357,0.0,0.55466810205377,0.0,0.4068438178318
2017-06-07,0.29310001676235004,0.55665443930782,0.7074246126652,0.55500799449455,0.42954873839582003,0.42374674142220004,0.45335045454494,0.41077436798792005
2017-06-08,0.36013473246822,0.5556139496823199,0.67158035976158,0.38419326449894003,0.51496098800143,0.49789742511475,0.46198889778804997,0.41157378541353
2017-06-09,0.59977082384272,0.85273720552444,1.10227728750029,1.14944130028027,0.58441617318736,0.6266583600728199,0.48759968491653,0.48667423912371005
2017-06-12,0.44649956423409004,0.5684080645238401,0.61120740985936,0.5579187272023,3.6658302925480597,0.53057001339404,0.48984588753861996,0.52212930429314
2017-06-13,0.28318913058018,0.40014494894568003,0.44903310760797,0.42591213315887005,0.34676071472528,0.31745734894241,0.51397429457231,0.48435127391205
2017-06-14,0.45206565072332006,0.59611787227013,0.6598079886888499,0.46244830049356,0.78953885068557,0.41223429641199005,0.40651759704074997,0.44963401114852997
2017-06-15,0.40803006015703,0.77804849174699,0.91620115258995,0.65174281121968,0.57589475922393,0.69441574821897,0.49458446405639,0.50469039873537
2017-06-16,0.33470094006941,0.40055317708212995,0.72263462753076,0.63115119084558,0.51021542423494,0.5459339071320201,0.39952756698697,0.49650903944787
2017-06-19,0.24239998058491002,0.45054305443015,0.46002865628913997,0.87402272526938,0.31412465685470004,0.37426637018733,0.47669643940607004,0.38833200164132997
2017-06-20,0.31976083455568,0.37310640177695,0.49315404580468997,0.50143554123581,0.30898980941721,0.36895395634334,0.47008551746019,0.38676551523644
2017-06-21,0.35946547492824,0.67401842925281,0.97227293273986,0.5573422811897799,0.5450256933875,0.38168089799870003,0.52882405973755,0.75909296201316
2017-06-22,0.26895404645194004,0.47727242550739,0.50076665806975,0.5341796502824,0.49667777534814,0.41244297027652,0.48889877955453,0.6444855452875801
2017-06-23,0.28734648414486,0.56179698445672,0.63657387029882,0.53117885012515,0.0,0.35292026789224,0.43262109920943004,0.38753886221542
2017-06-26,0.37642245559522997,0.42556087794925,0.5641783003666601,0.60386550932181,0.51343085169432,0.30464793985693,0.45162525561468,0.38107520962184
2017-06-27,0.44197373428802,0.69652162144305,0.69582739483024,0.46336141159723,0.5753577577672,0.29076770665788004,0.31756492211003,0.34427579177373996
2017-06-28,0.40407718511687,0.63272497573752,0.9527338380641,0.9442615025358999,0.7832513304492399,0.37377670023114,0.27898950477469,0.46305770682171
2017-06-29,0.69131151714597,0.79569833797989,1.0211907962354498,0.9507937934502501,0.76371604668014,0.31482514680317003,0.37794365263456003,0.42930872120568003
2017-06-30,0.43838739801741,0.69959855525857,0.70881806727804,0.6260535568379401,0.61758145568733,0.38807151604898,0.31901178964224,0.5071303768447101
2017-07-03,0.34075876268056,0.41881067325912,0.47239160966118,0.60528495424088,0.38097662329299004,0.31636023721521,0.28878849948421,0.52653513917092
2017-07-04,0.0,0.46116988666427006,0.46217145264317,0.50150318184285,0.42299651014712997,0.4551140192194,0.44413770517845,1.1730206595849
2017-07-05,0.34755654501709,0.63738998862121,0.67339062359881,0.57073717535962,0.56187232517065,0.49905384492576,0.34599556851684,0.72884888961882
2017-07-06,0.44718039383916003,0.7057206687619,0.68413489484263,0.56084838493734,0.580011467418,0.45436019445941006,0.30942435604206003,0.48913640053936996
2017-07-07,0.30363895405053,0.41253197980991,0.52193290313506,0.46221963558808,0.41791921797275,0.53335935423771,0.36535043809407003,0.36175601611727
2017-07-10,0.25084120160709,0.49653239890057,0.44307003985276994,0.58344551551886,0.38810211047050003,0.34752047211296,0.38317054458687,0.50959806683784
2017-07-11,0.45187213933559,0.58662864074096,0.47225089956845,0.52550966994447,0.39207075767785,0.26377168854325,0.33334345088536,0.50210378032182
2017-07-12,0.31362854567258,0.59477136572139,0.5225506537878299,0.69424643913161,0.45712506958755,0.37506521105095003,0.3145692941879,0.67805148304975
2017-07-13,0.21801908885899,0.36400246233244,0.39595530001009005,0.35062479387387,0.36534718547189,0.33310375166069,0.32320785703823,0.40894131599048006
2017-07-14,0.21768584070542002,0.43248451296245005,0.43882017668281,0.41727437885564,0.41042367979749006,0.29982182424526,0.35490644608412997,0.32774463148496
2017-07-17,0.17704882851867,0.60170768894225,0.53757121064589,0.53811915071035,0.86579951078699,0.0,0.3485756792587,0.684348383789
2017-07-18,0.29776207722373,0.68828211908822,0.68108705982634,0.54092862521551,0.6647651778161,0.4581895375893,0.30876806873329,0.37451977404378
2017-07-19,0.19826588873583,0.49163876242821003,0.52013219738867,0.54359319354005,0.63214367499063,0.26045600514612,0.34112092631735,0.35129979178058
2017-07-20,0.28558523440333,0.8238053957184801,0.77319301268606,0.59307080879858,0.62845642306558,0.32843866284989,0.33308033226595996,0.3946418385737
2017-07-21,0.21564950852110001,0.8057591867902,0.87016444204026,0.48883981425271,0.6298043755961,0.2574783310575,0.27601123396965,0.40034813809134
2017-07-24,0.18798158667575998,0.69450294575922,0.7422486764125,0.6295343357014099,0.62589316679547,0.32864457247112,0.28912454207553,0.51914796358504
2017-07-25,0.19847809589659,0.5587330795683301,0.65119522349463,0.62622898402489,0.47734157229581997,0.30891700947758,0.35747590923105,0.34473777959067997
2017-07-26,0.24174331801544002,0.4716126262864,0.62102654045003,0.57839969820736,0.48901119812329,0.30103700011718,0.4776446870733,0.45272874451622
2017-07-27,0.51248943802141,0.73405065612289,0.62950731803631,0.51841053842804,0.42616293806742994,0.42826878963147996,0.36459262425664,0.36574726871496
2017-07-28,0.2770515497956,0.62869559833431,0.6728144015815299,0.81393970471154,0.60301607211966,0.32698598046071004,0.55470600429502,0.4336898131311
2017-07-31,0.27641625142399,0.51243776598297,0.51924806967229,0.76230550998924,0.38975686084697997,0.34381336834258,0.44980393320884,0.5429545527560901
2017-08-01,0.26178158120758,0.66907373031997,0.5818471612676399,0.62509578966561,0.5226673232631399,0.37012283120503003,0.59999727315741,0.45623428457009
2017-08-02,0.36391228457843,0.5805007253372401,0.61607929162266,0.41115442847816996,0.5055948529286101,0.35569008183444,0.33362810437372,0.5440655729786801
2017-08-03,0.26692616557197,0.69116752294883,0.58967902119301,0.66300287461819,0.45968841862423,0.37953642774951,0.85689785296644,0.5269733192027101
2017-08-04,0.27783047651842,0.66491614924793,0.78690347544211,0.45363311412341,0.4928597401327,0.20550780503850002,0.6797276450593901,0.36617297379429004
2017-08-07,0.13963026591585,0.54646127399797,0.47602444294109003,0.38352460704316,0.50509781962192,0.19880962954530998,0.47577247961683,0.38194905823699
2017-08-08,0.32645315976952,0.56946983609763,0.45273517694333,0.33347225289765997,0.35451808633569,0.29422395335084,0.7355775707473,0.41565809551096
2017-08-09,0.42734796062884994,0.72931589254639,0.83030156833533,0.7345093669316201,0.5098940636846601,0.7205450347536401,0.5036802002031301,0.59709502452603
2017-08-10,0.55393313272972,0.72716592589525,0.72065345998551,0.9123259239220799,0.49063988164609995,0.46307756180276,0.7819429467407,0.9825495923391501
2017-08-11,0.4029328793275,0.71804608777195,0.75950269336049,1.01080765107314,0.8749772768697,0.0,0.77809516831119,0.72567755439249
2017-08-14,0.31971547261634,0.45563312928958,0.48808583477384,0.38636102750103996,0.47048724734326997,0.47307673892309005,0.5049801498468,0.50221037840689
2017-08-15,0.27562705577334,0.52803400025667,0.6041231113712799,0.46943260398749,0.54479053622573,0.48761596109133,0.0,0.55746902090482
2017-08-16,0.3098800887835,0.37541291988271,0.43911481615205,0.61469282581796,0.3165023242616,0.30335960085802,0.4058904368731,0.50987071349192
2017-08-17,0.56669216832069,0.59226550116709,0.6930022934218799,0.5582733719455499,0.52360943325781,0.32218087085241,0.43839990599195006,0.6937376672670099
2017-08-18,0.53968714715404,0.55432090592741,0.6370340049572,0.77501850727689,0.43932881271181,0.39281169610329,0.42694487840162004,0.57725487555264
2017-08-21,0.38028803380456,0.65571317243753,0.57784711103562,0.47990689290746,0.39737377488528997,0.39614399373574,0.32942407491101,0.5015371725144
2017-08-22,0.33255748695629,0.43148093636701,0.42499571989774,0.75558651283936,0.36943318047126,0.37095008126048,0.48168192415132,0.43238915250305
2017-08-23,0.33482451621222,0.57265161241356,0.56134941642326,0.41861967491452,0.36791620348639004,0.37556996499308,0.32376459945325003,0.0
2017-08-24,0.40814017457150004,0.48089534256561,0.4543400851343,0.42575666351763003,0.37810082426489,0.33687985701572004,0.37980905483487,0.39412804490933995
2017-08-25,0.35221168849071,0.71149374925387,0.6227096492559,0.36100341946873,0.48442618320502,0.36104204862272,0.5327320466905,0.49986783455039
2017-08-28,0.27280106490352996,0.51986143212124,0.58632289093924,0.0,0.41911568682243006,0.39782664549876,0.48396521692027006,0.65567821741295
2017-08-29,0.30234662591642,0.67240464576225,0.66320376712724,1.20287392080259,0.47952722118996,0.34371172993365,0.55525974130904,0.51959238279945
2017-08-30,0.28190580087428,0.41437644542781,0.42690588797419,0.588015313057,0.31789688573722,0.35617522676224,0.30590230243959,0.43516943912962003
2017-08-31,0.28774910855018,0.55139771580986,0.47435174703388,0.43495030383516,0.3112568881407,0.33029796316839,0.42101514078339997,0.49493148843677004
2017-09-01,0.26101715285516003,0.50068732866949,0.46497674411181006,0.40725332252814,0.41437408298987,0.33203071900335,0.43719874265972003,0.39580378315709
2017-09-04,0.0,0.35644144044709997,0.44704621556597,0.45106744718968006,0.67505485969126,0.45324682269435995,0.80571173266122,0.57867957943084
2017-09-05,0.58727426715195,0.60942793383382,0.56532835024831,0.39433091957399996,0.37707703025997,0.53073104659051,0.48322672079535,0.40000997214231
2017-09-06,0.26823453272663,0.60123671870025,0.76798385741652,0.5876482328396,0.40500366994461995,0.48085140854178005,0.3874685573924,0.47074421704005004
2017-09-07,0.34883287701876997,0.61793864355894,0.6675823993828099,0.44866942282993,0.46808075490016,0.41251099131492003,0.41732683992705005,0.54376850042014
2017-09-08,0.26214608555043,0.51632422823898,0.692221800561,0.46710421182416995,0.38580139822303,0.35511758148261,0.33410911716251,0.49615005170636
2017-09-11,0.27913766854392,0.33663264059485,0.39826225681575,0.58813094628572,0.31564854703424,0.41913726752685,0.42732951134172,0.40269180088584
2017-09-12,0.21457931647038997,0.32087280696166,0.3518169402025,0.44389250688332005,0.5017776585832799,0.28892255470367,0.38387137511869,0.43055049709462
2017-09-13,0.18590151895164,0.32715233486289,0.33448261485,0.6193003689519699,0.23796619247926,0.22818257132627,0.53278396972822,0.52111506111341
2017-09-14,0.20491174828865,0.41856522048036,0.46990443398856996,0.59779429037844,0.3228137672494,0.39802828624816,0.52493620404482,0.44518057827715
2017-09-15,0.18870108640917,0.42186593435907,0.58982503011653,0.7542395106789099,0.35864242724565,0.43154254354426996,0.46454814503671005,0.83253041318022
2017-09-18,0.22692591044304,0.38498783772839,0.28617030605938,0.69296958526612,0.3773183365383,0.0,0.43466047727112,0.40287921580756997
2017-09-19,0.20944732122038,0.28288730094554,0.31380237089896,0.38170703945432,0.20039459595242,0.41981470637539,0.38876595058703,0.5786111982359801
2017-09-20,0.31940493658484004,0.35183071669668997,0.31266479088838,0.5238668975574701,0.27618504965775004,0.37536982392833,0.48907981400404005,0.42395949120271
2017-09-21,0.2782799509999,0.33122618051447,0.32914187703672,0.37423712551462,0.28906876837558,0.43986606212574997,0.46683876595839996,0.45476399016638
2017-09-22,0.18659909608593,0.34245217556922997,0.39534329805381,0.45854675020529,0.29519874772496,0.42568974048225,0.58427544962272,0.33109372781381996
2017-09-25,0.3676814090753,0.37777270315204,0.43887663204184996,0.60974165477548,0.33257132501609,0.33988215883494,0.37923086335322,0.76859058986255
2017-09-26,0.25610930718926,0.38552344925522,0.36075633511953004,0.37002348905961996,0.27086369624634,0.30980333871575,0.52595833436928,0.56360707303136
2017-09-27,0.33169076818952,0.38613983342258,0.31296407310828,0.5637593652951299,0.31098188386681,0.36211555330791,0.42178650834681997,0.46443024849087006
2017-09-28,0.22696464341176,0.29110145503386997,0.31677990597069,0.40381649557355,0.35877847401357,0.44975764887431,0.4714265674744,0.50850914624765
2017-09-29,0.22128515649077002,0.29879088532953,0.34733237803701,0.44627276412978,0.28905743493503,0.30817117157475,0.44898203953214,0.5173274608259
2017-10-02,0.23387622760445997,0.30634777437079,0.26440237009174,0.37173951402899,0.27366814208822,0.28203007548249,0.0,0.0
2017-10-03,0.20675358716401998,0.0,0.23961585566246,0.29633652914946,0.25891053072605,0.37895368134873003,0.0,0.71175932227967
2017-10-04,0.22618230541950998,0.39399395852462005,0.31730731574416,0.33368411079965,0.30907039022518,0.35210858242137,0.0,0.5984499077108
2017-10-05,0.20030745866642,0.25485046041585,0.33721183440805996,0.34282184965857,0.25146021826774,0.22345026537000998,0.0,0.0
2017-10-06,0.21610864111383998,0.32895389900329997,0.35385348538596,0.38406530477525,0.30919557014579,0.20977941602513,0.0,0.44039168506472004
2017-10-09,0.19429979345785,0.32617002160067,0.40629981360434,0.32210780212344003,0.29423366032266,0.0,0.0,0.63510691906165
2017-10-10,0.26796593383117,0.38240861269382,0.36454411579884,0.30224729710667003,0.30660452830011,0.33375678902286,0.37124217760647,0.48173760528673
2017-10-11,0.18613363856779,0.25298393171866,0.37267198190332,0.27159060847681,0.27718038093965003,0.24373097085027,0.4241727921026,0.44800819924764995
2017-10-12,0.19867781100194998,0.26466272354514997,0.26793676647482,0.29114723679931,0.28739943817311997,0.30423366537019,0.46717745577784997,0.36993280222348
2017-10-13,0.18884646004358,0.39641629128239,0.34337842316482,0.45179167924904,0.2814158225384,0.55928123721483,0.44696583074776003,0.35398986264562
2017-10-16,0.19695537581522002,0.23687033734744,0.40002844161636997,0.34500410628992,0.27730570690905,0.40989426682295,0.41054746220018,0.37356665312146
2017-10-17,0.15306545603401,0.3224249648808,0.32949196613115,0.30287379251979,0.28670061202312,0.48555679668449,0.33732889302876,0.41673668879138004
2017-10-18,0.17568943568,0.35868640679733,0.31618250642789,0.35563702914837003,0.41760287283032,0.33653720465091996,0.46548338022865,0.29470982745877
2017-10-19,0.23393860988488,0.67273367329736,0.39342623883093,0.45411809380805,0.42341188553996,0.40439326541459997,0.42848443889984,0.82170732455231
2017-10-20,0.20694198449847,0.39351184672254,0.42967425147266997,0.50999734047434,0.65400915984799,0.34494648891715995,0.36247985305115,0.4416992688878
2017-10-23,0.22272433395399,0.5389731747106701,0.45747591236391,0.28428032527909,0.34029278883897,0.43893920665554,0.40933284023085004,0.7064479645139
2017-10-24,0.2520716887693,0.43920488202401,0.42613388474883995,0.31260829365721,0.38033820224956,0.41826222795524,0.33711371803428,0.52979048183739
2017-10-25,0.4696136337196,0.52369128217014,0.51279530928758,0.56427581920924,0.44451306781428995,0.63299218953826,0.5181344133308601,0.47915585655016
2017-10-26,0.35269573246394,0.60750268588766,0.6212834131985501,0.42566028869967,0.47210176906274,0.48329717997527,0.37531457521083,0.4144235769718
2017-10-27,0.35850154670196,0.46454806156927003,0.54456870877413,0.38920596441326,0.40216596104679,0.48714585846546005,0.34875176693132,0.47828302752024
2017-10-30,0.31922521471023,0.27793289228202,0.35352022016056,0.40313412385009006,0.34265550355334,0.47036779568607,0.37329040238195,0.7501847113568401
2017-10-31,0.19606314201648997,0.0,0.3322647301389,0.39088701844088997,0.33501368699442996,0.38853675576819,0.42233425609542,0.30032092432237
2017-11-01,0.3145422698975,0.43414603075423996,0.34973948244799,0.6551601056617,0.27346484365888,0.5531220387211799,0.44627352468943,0.45994981236457
2017-11-02,0.40128537768014005,0.35466354960513996,0.3788344428312,0.67328699235959,0.33438659764211,0.57245157689003,0.37131802926571,0.46809747514262
2017-11-03,0.21144944016819,0.36277022990525,0.34271674796451,0.38677229211035,0.15483315444232,0.0,0.48038728774444994,0.35753610008043
2017-11-06,0.17564415590149,0.28506364459807,0.41018139728531006,0.30010996767662,0.29516654009992,0.48663720924099996,0.54080884363564,1.0836351444005399
2017-11-07,0.28854704736077996,0.52838506320843,0.46238299584604,0.43043797017115004,0.3564777162523,0.6887922294202,0.54295774004263,0.64342603385187
2017-11-08,0.23774715741019997,0.40659720373663005,0.44477006652595996,0.37513629643145996,0.41701474672709,0.46301167341201,0.55050632550156,0.58933513409591
2017-11-09,0.52606497540935,0.7294996046802701,0.7918330751955799,0.5276525420487,0.57532589329353,1.66435418298119,0.57365764401917,0.5701596962341601
2017-11-10,0.26222998835289,0.49931816945183,0.5101405208698501,0.45033169002281,0.37765532741598,0.8559525340069399,0.43465100470191,0.5635737676696699
2017-11-13,0.21883928337125,0.67240534667831,0.67223192141624,0.60208695004298,0.44434825919952,0.60973277680578,0.49514337452032003,0.47084605312258
2017-11-14,0.43903221954174,0.60753221623164,0.6804330552082299,0.4824138218949,0.48093722862341,0.8294747992550999,0.46313270076613,0.48795875574879
2017-11-15,0.47249782222442,0.7637056977989001,0.69598599221841,0.59148907413152,0.71269887942626,1.0065265054666899,0.5259316518452499,0.55782917965123
2017-11-16,0.2837500948394,0.5045918159512,0.50375369820453,0.40116099578035996,0.43855602966127993,0.78493194176014,0.46143924979618006,0.53947435597809
2017-11-17,0.23335796725290997,0.67509727633856,0.61911719273164,0.50968847967562,0.49445029676642005,1.3172125426763799,0.63702749308712,0.56472535756884
2017-11-20,0.21441275448148997,0.67448142558914,0.55293919358848,0.48378395308426,0.43113000873129,0.76790809156657,0.42193072105524004,0.53499658684313
2017-11-21,0.21939651798462,0.50710171692347,0.56867458500895,0.43310067424346,0.43866599139042994,0.5739060776631,0.46646719526805996,0.7459045416218301
2017-11-22,0.16789111003645002,0.57257025423934,0.47443180725643996,0.42910878406901,0.39286982119396996,0.48869739542974,0.49178494655652005,0.73656541309514
2017-11-23,0.0,0.71158645598574,0.63761417441715,0.5822616978032901,0.44108746850000996,0.0,0.33769702065669,0.8137372206184599
2017-11-24,0.11036572239717,0.72259717229475,0.52277041641677,0.32511916762659,0.3741309294642,0.47737248392056997,0.30684664131509,0.73095851816744
2017-11-27,0.21591710243915999,0.81355422693526,0.69217214601053,0.46155289666135,0.46693504523331,0.5906119042786201,0.6317434491182901,0.71948533731595
2017-11-28,0.33240131251602,0.78634127465836,0.65358563626527,0.4105374251732,0.49673226958672,0.65501702984594,0.51561845284993,0.7928964671294101
2017-11-29,0.40184885391432,0.6912885912819801,0.6556998355020099,0.64506070309967,0.36443408378347,0.48763258266438003,0.52090711554653,0.55171624496057
2017-11-30,0.52271565067875,0.7195636356376,0.57788090442532,0.64192653624397,0.5310787261840301,0.60914708633359,0.67029909108657,0.70320736140715
2017-12-01,0.94225931428686,1.14024684010919,1.02604336392912,0.63050100186218,0.75243338558285,0.79756079386964,0.558404111923,0.8730905007885099
2017-12-04,0.47601592618448996,0.64105793907991,0.57865049797146,1.06691156546829,0.49709868954807,0.48781419139317,0.52489962839831,0.77464324254147
2017-12-05,0.40449535113011,0.7104874861288201,0.59423145677193,0.5448742324176901,0.54877735311052,0.47832803745467,0.52887317022364,0.76364436297711
2017-12-06,0.36108317622451996,0.83003447486742,0.92159579908236,0.63937944601068,0.600424038339,0.9541304175492,0.55145624098241,1.2406295309225
2017-12-07,0.29853413527355,0.57764882334423,0.41077310293601,0.46486988898945997,0.41273916028292,0.63397520125609,0.67529337725199,0.8783920556076
2017-12-08,0.26754350905205,0.44555227511217005,0.41304184854092996,0.50131384005425,0.39559549798390004,0.4935558896216,0.45889714315818,0.6279162017818499
2017-12-11,0.25072107943153,0.39715102132322,0.393616514174,0.5901492028678701,0.3652177368662,0.40482520876978,0.4710297376043,0.56429561672629
2017-12-12,0.25566771277787004,0.5273354087490699,0.62958487927595,0.39103551584524004,0.51518097547053,0.38422286888461,0.46955829096169005,0.70683591250023
2017-12-13,0.34856223822568,0.45564516133318994,0.44715398106210996,0.33059484710788,0.38761394963854,0.50783498662323,0.50232703047918,0.88585611837305
2017-12-14,0.34134773201784996,0.608393553306,0.5913311229337901,0.44558969150193,0.46047519604010995,0.45103890980535005,0.61404777373151,0.73117717592849
2017-12-15,0.3541978521632,0.46542457803605,0.70050750414049,0.44279892662562,0.6066464504189301,0.6832927944359299,0.52975885360695,0.70176307089308
2017-12-18,0.29062662995125,0.41875681943464,0.47011931726526995,0.58029828968841,0.46623352483262,0.44670152437022004,0.47358662533647,0.7840101134315901
2017-12-19,0.29153485152821,0.42169703619089,0.36608192433354997,0.34195065471999003,0.34442133851979,0.42193697353315,0.64139768583808,0.54062261078259
2017-12-20,0.36737747154937,0.8612176048432699,0.6633972728749801,0.36737999253313003,0.55557255627781,0.39326556676893,0.36495340313922,0.46201931537266
2017-12-21,0.28333721287234,0.5386255861273299,0.6109272269595201,0.35458537799594,0.42183577387105,0.42463416596256,0.70040868348227,0.51324240061968
2017-12-22,0.20979937915014,0.36731975822026,0.39404068120964997,0.33412558012475,0.40393466804057,0.36153694071066,0.53177931805507,0.42051052616292
2017-12-25,0.0,0.0,0.0,0.0,0.0,0.23327940300776,0.0,0.0
2017-12-26,0.17409477424344,0.0,0.0,0.0,0.0,0.22867838254011,0.56121381702096,0.0
2017-12-27,0.16462063839358,0.5391165586418399,0.47989841180946,0.34976015544674,0.54404414940151,0.24827373676992,0.56431309412408,0.49803757932273
2017-12-28,0.12651088030294,0.39880718967754,0.39785834782166996,0.25931201680661,0.45116685583941996,0.37999077049540003,0.56504484591128,0.30069502682718
2017-12-29,0.25891255022148,0.33519847457182,0.39968774952161,0.50470142109868,0.4524054266179,0.33475248854323997,0.0,0.41294195112799
2018-01-02,0.25719548256061,0.8274589733483301,0.68983540955763,0.52943980493771,0.55312342481591,0.0,0.5019598762717501,0.8894113778711601
2018-01-03,0.23913333505053,0.5566518502676701,0.46615466728857,0.33527170751499996,0.48285097907987,0.0,0.55601067121307,0.51952443645198
2018-01-04,0.27034326036962003,0.53717333073077,0.47960314273788,0.44081184009705,0.42608041114713,0.72973373220625,0.60766953602868,0.5370956706666999
2018-01-05,0.28086627130587,0.58394476763329,0.53628667533974,0.35235197443919,0.32948012544386,0.53330003808244,0.32537127212112,0.46239422464442
2018-01-08,0.24695022155174,0.45282422007866,0.39414725459296995,0.34970761326623,0.37902161858602,0.0,0.66917208172301,0.52708123478121
2018-01-09,0.32538439275064,0.42365269744996,0.44702580086054,0.47870909938697,0.34813216968695,0.43904982841682,0.58973803537756,0.49434951323051
2018-01-10,0.34158422613231,0.68841820274226,0.5719748889845,0.34921362339309997,0.43344882769224,0.36580615056099003,0.60979804217892,0.63892729558036
2018-01-11,0.26414519464346,0.64376650019901,0.52060905004912,0.35480010679629,0.39848985077023,0.51987469050999,0.59160059898835,0.55777843469813
2018-01-12,0.32101947220206,0.53783400141168,0.52137918350045,0.43826243753992006,0.45415851790310996,0.42357959779250004,0.6188047405298001,0.53254604612303
2018-01-15,0.0,0.46479341194912,0.39459079295023003,0.29063375655704,0.24788769063958999,0.37978205623478,0.48673363538062003,0.6206056379332701
2018-01-16,0.56312551746341,0.63394594003367,0.50712636381488,0.41104289168188995,0.44276201291712,0.43377610456634,0.45485097752104003,0.61751556930113
2018-01-17,0.41801281361250003,0.66489654229701,0.66567916898571,0.41250195859415995,0.45151323435431,0.46935958417097,0.53045739042125,0.74992948554134
2018-01-18,0.46273959872278,0.55429061248815,0.5736912783783801,0.36711034740727,0.25413875825354,0.88457718873184,0.50200413717366,0.7127416704755499
2018-01-19,0.35955313059392,0.58128146920387,0.49337465158731,0.33870153372499,0.23815034079644,0.24005932305585,0.42358023853737004,0.6156729797735799
2018-01-22,0.35159301314622,0.35909082953931,0.41030154608351,0.32253220523753,0.30727211389131,0.43760750627123995,0.66856751355365,0.6121544164839
2018-01-23,0.32428712779439,0.48533587909469,0.63495831537215,0.42059282156578,0.31786634346069,0.49888932612327996,0.57695138219179,0.71984333442809
2018-01-24,0.613334179797,0.5441711748881,0.41304805675877,0.41937826051851,0.28640562368488,0.38881521293731003,0.43366389568112,0.6186769868189801
2018-01-25,0.55133409750149,0.89454022084722,0.69151417362309,0.46119508591547,0.55615392121205,0.54927979627639,0.44746028885744,0.7698211776776199
2018-01-26,0.3016971068045,0.49300439749214997,0.43094488892106,0.41477683118001996,0.58768572082181,0.48552188313938,0.4133941458541,0.65373392604322
2018-01-29,0.47275122283602,0.5823057818852501,0.32716538029965,0.34393363451249,0.3733364807267,0.5008461209238501,0.46647354738628005,0.90673336837291
2018-01-30,0.59101418339866,0.65020323572942,0.54535226474564,0.5454067455693999,0.38855749789670996,0.69382685658223,0.54076120456008,0.87662762833599
2018-01-31,0.57198585205647,0.50316091098702,0.49949805454503,0.43136884347847,0.40532143052325004,0.6818748057702501,0.79862677323086,1.02393136539223
2018-02-01,0.57809196453473,1.00131291379168,0.8817775987757801,0.54252214611127,0.52148849698982,0.58821146003424,0.51359218441616,0.7894596799536601
2018-02-02,0.8375901833071899,0.8525314239805,0.73045644084403,0.47177520196373,0.46219021158578,0.70023060733675,0.694456285949,1.0142859541993
2018-02-05,2.1334946058743602,0.8948403780748101,0.78021411933411,1.23766945414153,0.7929370874271899,0.9624349143272299,0.0,0.90390653492897
2018-02-06,2.57917008893888,1.8883714130112201,1.9000986628956902,3.33088125837998,1.6477184524969601,2.66237680441424,1.37592226788252,1.54666696719203
2018-02-07,1.40433770948764,0.91023202109748,0.94531949786438,1.30006401731299,0.79595407378261,1.7914530173049399,1.1224343566097699,1.5676697437123002
2018-02-08,1.9079525617949697,1.1061422428155399,1.00469143448274,1.01595033105363,0.7625216245717701,1.1625701304932101,1.40828135183385,1.48740709695832
2018-02-09,2.5284789583514398,1.69605962947533,1.4435038212613,0.9453261113584099,1.13345564453577,1.7603400032862901,0.9243830059038499,1.5960780967797201
2018-02-12,1.2879538739392,0.98206265287707,0.8993474748266299,1.0101651762924702,0.6911801943000401,0.0,0.73894906936982,1.0088985498805099
2018-02-13,0.84342379014822,0.7898753598759901,0.830710937423,0.61588344999498,0.70263312490863,1.02451868692376,0.73525471793248,0.89223432649518
2018-02-14,0.9949487700504901,1.5682749705396002,1.4295877334221199,1.23596225615105,1.34480293369846,1.37643601933762,0.65769856284907,0.8817144834804801
2018-02-15,0.85762035089704,0.79061474803884,0.6388105737998601,0.74642860279437,0.57773759576492,1.06091245514227,0.0,0.5155211478111
2018-02-16,0.8491882318295699,0.73741052331748,0.7075722650998201,0.76211066871804,0.52554241743052,1.04651072744716,0.0,0.0
2018-02-19,0.0,0.59606805738058,0.47863546524666,0.36365520683757,0.42496785841322,0.68471852528669,0.7446489685454,0.0
2018-02-20,0.76070201636372,0.77975791887308,0.73066316359774,0.56672840106642,0.62794644410513,0.75127730105701,0.60137485813515,1.4717950695331101
2018-02-21,0.87965596744375,0.72592965596182,0.7365802281440901,0.4844117611959,0.48701047879487,0.8599793372574599,0.8948333618376201,0.6907287062918299
2018-02-22,0.9824505550976901,0.90321372344114,1.1002892763160002,0.96919554505937,0.6139188373048501,0.8276328231917899,0.76518568731549,0.8826780603327801
2018-02-23,0.65619584299272,0.58701845931736,0.48682161888448,0.42804175353380003,0.44012304275854996,0.5382821332040799,0.53963859159609,0.63007672400071
2018-02-26,0.55855774480083,0.55476924180682,0.53548812383094,0.67942654773351,0.50203602370895,0.64681978122431,0.44420411868796,0.71588798026184
2018-02-27,0.8954675552987399,0.8505106545728801,0.61482147498203,0.63719722955535,0.49871997094284,0.59031924488549,0.53825511646481,0.7585361578311199
2018-02-28,0.87663459409215,0.62673079748408,0.64804148039631,0.65978454281584,0.45733828145728,0.7639489589975701,0.6677765778679701,0.91114041900486
2018-03-01,1.53487456766929,1.2025020782734601,0.97547955208033,0.71811855666212,0.76106673033973,0.7273943974447,0.0,0.98094573664383
2018-03-02,1.09100121950802,0.92085652944801,0.88715144208709,0.84584151672798,0.64236188170403,1.1421468639596999,0.70762890133604,0.6556285896511199
2018-03-05,0.76706839053527,1.0922562783138299,0.8661382328644499,0.57361340562555,0.6800208792622701,0.93462772478276,0.82973587194902,1.1295543617360702
2018-03-06,0.67816014303711,0.7836911892311201,0.73730125541024,1.05976670139988,0.49453323856109,0.62178778028856,0.59923691985066,0.7241485069617599
2018-03-07,0.68535494495173,1.07064770697881,0.99205367058171,0.72655635688797,0.67125168507902,0.9915945442451699,0.86787642227321,1.08609101192165
2018-03-08,0.65897360965779,0.8317351920905901,0.69917508937207,0.49358293348811005,0.5497859925299,0.6258847099989,0.5772353348059001,0.7417079286326
2018-03-09,0.37841392940844,0.8158583900869101,0.74364886401005,0.56928002254878,0.5353567812333999,1.20004782093548,0.9048038065859101,0.53711231900235
2018-03-12,0.53291535140777,0.63002362531611,0.0,0.20666033045137,0.44703143473673,0.95506198217061,0.6000621194215899,0.5024948760791
2018-03-13,0.7008094567681801,0.90724574013741,0.66755957831258,0.59167196937778,0.52615159156732,0.6140462120555601,0.57924359683453,0.63297398939357
2018-03-14,0.81217732125784,0.8492533699095599,0.78125383280679,0.65499003373855,0.62148762477522,0.66404950560621,0.52837041950648,0.61670592810431
2018-03-15,0.54295071515887,0.75669849117591,0.56252142749653,0.48171069854532,0.54533334172775,0.74908758193806,0.5437148541400599,0.64504458288387
2018-03-16,0.43193812955555,0.8274137967729699,0.57875894649848,0.48927194202755003,0.60306001101347,0.6029006010407799,0.62008511219401,0.52110884054306
2018-03-19,0.7954359840537901,0.93951867336947,0.7136797415296899,0.73216535270756,0.6655718808086101,0.8381118056329099,0.62999683236409,0.67729201811603
2018-03-20,0.57961815868735,0.66661280017001,0.77172995114472,0.5731825019875001,0.61221806336323,0.58684051192102,0.5908734571296801,0.6802184736042199
2018-03-21,0.78721071507406,0.67429011953588,0.59981546080102,0.46196690884040004,0.46196876020233,0.0,0.44412887533777,0.84277852364701
2018-03-22,1.0711269107272,1.0256831605998,1.02556862403351,1.0518785260580201,0.8981041565259701,0.71256309694095,0.68458428509872,0.9361790073603
2018-03-23,1.24264616367492,1.29836495208281,0.96536244588125,0.87609696505606,0.86678585124549,1.44002332708015,0.75537047691953,1.25273787135258
2018-03-26,1.1403674072254,1.2142243070545,0.8028417637574901,0.59003964250253,0.63931325285462,1.18289864037499,0.76247866778633,0.9175957753768499
2018-03-27,1.32874508226747,0.82735925846489,0.76916419808549,1.45846809009624,0.6123658924526101,0.87459755351385,0.53506241024972,0.67363449758337
2018-03-28,1.63972333977198,1.0898327309358,1.21304812716313,1.04674806877729,0.82762885298695,1.23485402803732,0.6733249843801801,0.7735945806464
2018-03-29,0.9809083451025,0.8592322475827,0.7472915966041099,0.66395432560846,0.49825835786317,0.7964870615325701,0.5691547995923599,0.9650982886231899
2018-03-30,0.0,0.0,0.0,0.0,0.0,0.75196100312367,0.51116201180704,0.0
2018-04-02,1.32235761042956,0.0,0.0,0.0,0.0,0.66456340326338,0.63859892849529,0.0
2018-04-03,1.33733391579403,0.9127074835654101,0.7117693251396,0.89925244751465,0.72351647938109,0.77274846314763,0.6424234518042,0.8004187885202199
2018-04-04,1.14384948086319,1.01931569715961,0.8989309259683701,0.70232212996277,0.81575268407647,0.74343294159456,0.6118529404072499,0.94254114638241
2018-04-05,0.9285606860085701,0.66095257772029,0.50473951447937,1.4274676253379601,0.48695675991348997,0.68638592549529,0.56049512542959,0.0
2018-04-06,1.15843038127459,0.75711820598048,0.7078332974587,0.55541697110109,0.64009934642919,0.8401996190639799,0.54189579569556,0.8991763580174801
2018-04-09,0.87198943555596,0.78291055522731,0.62405879345448,0.49546805410462,0.69530650942286,0.64384803051151,0.60346699332075,1.1964036464371002
2018-04-10,1.05204516234713,0.69897617155989,0.56379683299439,0.67517771124142,0.54614345354899,0.88480200136674,0.7425431333605901,0.80219576595036
2018-04-11,0.8680610723530701,0.60916125084134,0.5619862882634701,0.49050186628242,0.67577611842104,0.42436504587947,0.52584126312865,0.79998527498186
2018-04-12,0.7068662052919801,0.5868846678669,0.49856575080300997,0.38485853295451,0.50503209744154,0.59209272193466,0.46946838240033,0.78390738303543
2018-04-13,0.7889988167455999,0.51328999528152,0.42970459974289,0.33401660376437997,0.48067759281989,0.5822346539901699,0.48597174655188996,0.66533413101005
2018-04-16,0.56407566722463,0.49752869941376,0.44557307076968,0.46693432925325,0.48809843386255,0.53650989847737,0.41321503206036003,0.8801217751110899
2018-04-17,0.40620320331665,0.55189237645138,0.37663802261422,0.39313470102458,0.41480019808778,0.47068092029068,0.40302220751818996,1.0076407182542702
2018-04-18,0.47526693285647,0.50934068207656,0.36883833004578,0.51515237417691,0.22772878367028998,0.52603507647512,0.47746105790668003,1.08299660041525
2018-04-19,0.60050236956047,0.55975363243082,0.43674941898871006,0.4733768237807,0.46350157190852004,0.46975893085081005,0.35002980040276,0.7236834582114899
2018-04-20,0.7222591117171699,0.68167902003515,0.67227944185347,0.58677559866397,0.74104142328969,0.53718118225294,0.38361907148630997,0.68806315409228
2018-04-23,0.60415020418627,0.66304593867038,0.44126577584087,0.34917972996072,0.45269744097072,0.5037749643337199,0.59864661777408,0.80696315729783
2018-04-24,1.18639541584625,0.70964479548432,0.52500310350504,0.45554195360963995,0.60255692704789,0.44211883549906,0.59006628447438,0.55366651570703
2018-04-25,1.0028121911469698,0.8765524860313401,0.80899255150028,0.7841956035267,0.7247403484949699,0.47390969919052,0.5728207170992,0.65372235244185
2018-04-26,0.6151541850815,0.6960652266477501,0.51508321404847,0.47643689290707003,0.55135872155473,0.48155338089267,0.46619380447649,0.8368230307929899
2018-04-27,0.57875786859546,0.660876109739,0.47891098096618,0.54729805652704,0.48841193924828996,0.50803386044696,0.58571786643833,0.7350445531275199
2018-04-30,0.68156251294211,0.39466490384733,0.33438610158444,0.39754838902509,0.33059372553982996,0.0,0.29974332644651,0.56232203419789
2018-05-01,0.68900275925643,0.0,0.0,0.43522948119056,0.0,0.29642838329926996,0.0,0.0
2018-05-02,0.6919511336186399,0.6846667144080401,0.43630008188534,0.54485258069572,0.5209668954107101,0.34864056645037,0.5317291237428601,0.73787393453064
2018-05-03,1.00500134497472,0.43202540905117,0.39873507412832004,0.34448284810103,0.33032041917349003,0.0,0.38037953793324997,0.74690638719504
2018-05-04,0.66810653725328,0.5524109184384199,0.43564515697837003,0.54310512435163,0.38848997648086,0.0,0.8299640723601099,0.9560984969486199
2018-05-07,0.5244778594687101,0.41857492061795,0.34676082056103996,0.0,0.37828653216412,0.44842168333196997,0.0,0.84598830598507
2018-05-08,0.67264075133135,0.49015881039842996,0.42816834596916004,0.47789836168846006,0.47874172723476,0.31898145929356,0.6383552490669699,0.64645570411216
2018-05-09,0.54460333999376,0.48666351470198,0.32508692311251,0.55010933869622,0.30053526471033,0.41156220985540004,0.74151120504345,0.52727442891191
2018-05-10,0.44842496911755,0.55267093212388,0.39893494723042,0.55292042317456,0.0,0.33365633643904,0.52445498802264,0.42902682038007
2018-05-11,0.45406439196320003,0.46357759851342994,0.3861866029526,0.39032779636408,0.40970715728328,0.44257473848443,0.5472272127088,0.63896253110628
2018-05-14,0.4378875833195,0.64299946044755,0.38632256414539,0.40065716225591,0.44256023121120003,0.38479323017347,0.40309787495091,0.60567531665915
2018-05-15,0.62762845117803,0.58836634024844,0.44167619384894996,0.5054514321684,0.41262912904912,0.30515022246839,0.48198490229492996,0.61951246401205
2018-05-16,0.40248986010803,0.5114987861164499,0.41985703279041997,0.34519348360476,0.44865244575206,0.34685258008308,0.5249877071171101,0.7903376434037599
2018-05-17,0.44504034160003,0.47115629292191996,0.36813349552429,0.44342895112841,0.35381251478306,0.27528850438515,0.50475101986381,0.8691985965769301
2018-05-18,0.46123347514471996,0.48666879928418993,0.67167567806261,0.47625215637127005,0.38339694035722,0.34544373307152,0.37123321191991,0.56692018237398
2018-05-21,0.51623336661817,0.0,0.37655980220758,0.58682578045473,0.29919016152322997,0.32600724962919997,0.58990907719073,0.69398211145121
2018-05-22,0.37705407343833,0.6301957967688999,0.42779992025269,0.44207324220631,0.48586047853113,0.27099056236931,0.0,0.0
2018-05-23,0.5340638404853,0.82168879620241,0.68460373306777,0.6341176791969999,0.63893488749834,0.7105817671449199,0.49461659954373,0.55437291153953
2018-05-24,0.57232436705642,0.67580675182062,0.6050824726906401,0.42584879670521997,0.53344320229713,0.61874548652786,0.50533943591038,0.64114555218934
2018-05-25,0.40245508909194,0.68218689098308,0.7259947392034201,0.56358590446556,0.5281601078566001,0.7047055190624,0.61002725155463,0.61498805702167
2018-05-28,0.0,0.64981850671244,0.70692180472518,0.0,0.45671063240654997,0.41661386158911,0.48080870701768,0.63170405133691
2018-05-29,0.7598914989684,1.0485071383414601,1.12243286500886,1.02941988616987,0.76551904922892,0.5838590447027501,0.5040798380182999,0.41733659990338
2018-05-30,0.46071024292291,0.7442552841653101,0.83029936368444,0.47527179943464004,0.59637572948065,0.6950572817085501,0.84683872640708,0.59850078202768
2018-05-31,0.63269464614284,0.9018374462521199,1.0223389556120799,0.82067411194459,0.71243879826131,0.51347915778817,0.5873728116229899,0.5467179704444101
2018-06-01,0.44826814613587,0.60445418686426,0.57006629217601,0.7564699179951699,0.46456699646135996,0.63902481385772,0.53912768120799,0.60241122502723
2018-06-04,0.31072877485302,0.56253195580742,0.43452044222998004,0.5533391562494999,0.0,0.39114643285022,0.47376425980973,0.54451859957389
2018-06-05,0.40157136413756,0.82138592439987,0.6239570551364,0.65473034133489,0.51938698442323,0.50806583597921,0.64105666028943,0.65559692836962
2018-06-06,0.38857003832500997,0.76635088768137,0.55647378684352,0.51677982383258,0.0,0.38480203594915,0.0,0.47038579663944996
2018-06-07,0.5433858735635599,0.6497689401807499,0.60856433884866,0.69694259023415,0.54388321479959,0.36689992997813003,0.44492971861569003,0.52773693064874
2018-06-08,0.3615654017194,1.02695773239408,1.0107074037648,0.8474919988629099,0.60142278035494,0.49647193897471004,0.52505259806006,0.60240411753104
2018-06-11,0.27419560191508,0.6527732944297,0.47205016705697,0.57584010233349,0.46140394461142,0.44072447432552,0.3294430056463,0.6208853201403299
2018-06-12,0.29102885727855,0.62501046940394,0.54926307939816,0.45798345899295,0.51133912599445,0.71776217315566,0.57261667802502,0.73385388927619
2018-06-13,0.41145260815231,0.54188404597635,0.35683899166151,0.39679650381357,0.37908552146174,0.35103441857867,0.0,0.49752666455406996
2018-06-14,0.33484273592164,0.7928362334493301,0.80204971906434,0.7911246080842199,0.54766459388434,0.43332334438953,0.5893105777672,0.59738254348884
2018-06-15,0.50510541133904,0.64009549516036,0.65742364909888,0.51924768796291,0.43269078548686996,0.39284952976879,0.4350651897346,0.65939360432856
2018-06-18,0.45607634206919,0.74554572177996,0.6519584893633,0.5159960675895999,0.52349994253211,0.47820505384409995,0.59334317820378,0.0
2018-06-19,0.46441460538973,0.72680825070999,0.62358730750645,1.06472838773041,0.6360214803730401,0.5831729838009101,0.76051049471107,0.9113207568628601
2018-06-20,0.28303609933397,0.57717494603542,0.50282347691145,0.9379120648828201,0.53253495207198,0.67599430318319,0.93900874726091,0.97664868444115
2018-06-21,0.55102567593633,0.87991302368169,0.7965642554715701,0.7369680683529201,0.57388923188265,0.68645725488803,0.67587498834392,0.8354815346497501
2018-06-22,0.39070911304082007,0.74745459239885,0.66150438402331,0.6842574867471,0.0,0.61418839799364,0.8111163080736,0.9074103944566301
2018-06-25,0.90794117466376,0.87533182548582,0.61706430924866,0.7425703984832199,0.6382711825351001,0.51628745333778,0.67316890709493,0.80730400109329
2018-06-26,0.53841482149664,0.8511338471233599,0.682751684349,0.5765348567770899,0.5489262261814499,0.75147713630732,0.8809192896763,1.05976716285984
2018-06-27,0.86154352313826,1.21622237769948,0.99390104953813,0.80530702914378,0.79142884757506,0.5138838498544,0.58874963369706,0.88046062117258
2018-06-28,0.76078777803574,1.17329970223724,0.75661399656332,0.80509899273247,0.73112495257646,0.73286714354072,0.75752092955798,0.90011609110756
2018-06-29,0.49756325153022,0.86285302966417,0.79797384208247,1.0917685514214899,0.58048604750467,0.61117369863094,0.8233925327677,0.8531386330945501
2018-07-02,0.62224628569762,0.93967177485459,0.7870310153538901,1.03521684647662,0.73542991818603,0.71775356799261,0.7324319825251401,0.0
2018-07-03,0.37678550448947,0.71524882889467,0.69429779677163,0.79007597042682,0.62119755356407,0.9753636922305501,0.95795731762684,1.58773444472367
2018-07-04,0.0,0.42244018832516006,0.33326415074023,0.44485426709328,0.48557013947879996,0.68343857759272,0.79593659279756,0.90541847807972
2018-07-05,0.53317481760688,0.7206003893195501,0.62464391866133,0.46736799804613993,0.515758496721,0.7831941542852199,0.82799334715987,1.07992077060402
2018-07-06,0.47719353536594,0.70881207815606,0.69372693811099,0.5336308730224201,0.56202889071979,0.89803869113197,0.8423960459900299,1.4706310446237
2018-07-09,0.33211044449072996,0.45734108369049004,0.44568095420374,0.60497437664084,0.44265597575287,0.5908731716251601,0.67196531395862,0.79303389411064
2018-07-10,0.33783770992011003,0.55333850551842,0.36705446379655,0.42907662023718,0.40086542997418,0.6311760396251299,0.48954756689482,0.7627639882086
2018-07-11,0.44071193629975003,0.77468287130008,0.56166467916229,0.9857143646366501,0.5607311927503901,0.8431443075948,0.63545199999017,0.8174088432726
2018-07-12,0.40662957907467,0.5944177646541,0.56163887295789,0.45597267959817994,0.55913904544656,0.58706781896088,0.54195901597324,0.77967025768625
2018-07-13,0.30671635084569004,0.49904469893285003,0.34306053902985,0.68530781953567,0.43250402712485,0.65526259722656,0.6637659779398299,0.4960195980789
2018-07-16,0.30701135284765,0.5230333926851101,0.37766338174582,0.20313203774479,0.47443471370656,0.0,0.47625156773095,0.9028229747266
2018-07-17,0.35020949204892,0.70135431537363,0.56281984289355,0.47541656248083,0.54718158726222,0.58217333830351,0.69096544615317,0.5822403094693199
2018-07-18,0.24477341299633998,0.5503305869458001,0.40814251810273006,0.61766476961651,0.49399957380050996,0.42970356532710996,0.56866582279626,0.5625126516154
2018-07-19,0.39233929928559,0.51018653400654,0.53653953131946,0.49540324736647,0.5017588453770501,0.47666436916714,0.63734395768734,0.5980083750873699
2018-07-20,0.3086241150156,1.03984251752032,0.9571788207001201,0.6152951223083001,0.61559704766482,0.8711857352929699,0.7745619339137301,0.91836377855007
2018-07-23,0.0,0.56046467126906,0.49153026663323,0.56314056288814,0.43216936741148004,0.55686269351576,0.7146587422076001,0.81790840119625
2018-07-24,0.45985802921613,0.91920435029799,0.64467232588746,0.59531104610862,0.50919634434829,0.50901513364024,0.55603280583957,0.60098958773041
2018-07-25,0.46678848278727,0.63361811657634,0.49270256649321,0.52964756978367,0.39037586819131,0.45103764644777,0.5566565028699,0.48615688164169
2018-07-26,0.34546074356718,0.6028972727781,0.67255752837781,0.46507779662028004,0.41779345497058,0.5616334740351699,0.53365874991881,0.65590109825532
2018-07-27,0.5538757786261099,0.45398527307096,0.39791364771563,0.49093673800614,0.27835066581602,0.38895982521586003,0.48962389915023,0.62718740528768
2018-07-30,0.51016903116471,0.40876717576731,0.34973008874454997,0.11542756938955001,0.31345385659464,0.46409360439661995,0.60400694138192,0.85753435637579
2018-07-31,0.43861365716409,0.73676650684636,0.42085448291856997,0.53617442464022,0.41400095082888,0.85105008825634,0.48188091831953006,0.50562447764783
2018-08-01,0.34442011671698003,0.69797900795441,0.516616870793,0.6498357872599501,0.38852164450155996,0.34879495447613,0.49417087450205,0.77596366806255
2018-08-02,0.37689298607192,0.6927797908146,0.54866970373463,0.76158751817562,0.51165518029541,0.58208482497105,0.55862354263792,0.87446152471913
2018-08-03,0.30071822139938,0.51877911698002,0.50961719583029,0.57796020464847,0.37352173589573,0.47341736203859003,0.44794852377753,0.71196494835241
2018-08-06,0.26286949327907,0.99987908696057,0.57754799583452,0.47820589641741007,0.43141566627357003,0.47783515715363,0.55782103253487,0.77691288030195
2018-08-07,0.29958770456573003,0.56065341981642,0.40929198235471,0.51059412957221,0.29093088645015996,0.38243111437764,0.5077453002397,0.7456238720221
2018-08-08,0.27616307632784,0.63319348625956,0.40521719804147,0.44650056277106,0.29115620011331,0.55111473303952,0.38903805003771,0.7326175887637599
2018-08-09,0.27439109447036997,0.7287278789542699,0.5520832331347301,0.6154642915524999,0.33827904363702,0.41884863464232,0.57950948523434,0.71361108850322
2018-08-10,0.47827656845535005,0.9139624885139299,0.7577671630795101,0.83543874879463,0.40414370730576,0.7488699177508601,0.64872575696514,0.67463862403187
2018-08-13,0.50691877556919,0.73358132875551,0.61158725102067,0.5667830077682,0.36916420270126,0.6856234622407,0.6422989071477301,0.78342953043311
2018-08-14,0.42172707687113,0.5688600657731,0.71794293920322,0.53790527156183,0.43675683739125004,0.6557826786863,0.49295643635839,0.76067627076261
2018-08-15,0.67033557481692,0.90137439730193,0.74175204979891,0.5736616772176301,0.51879393806685,0.6306971326777799,0.0,1.02920442497056
2018-08-16,0.40460682949513005,0.51856817531485,0.46092763648289004,0.44704757654765,0.36785399782156,1.04356559920974,0.7887324110398899,1.27944803483181
2018-08-17,0.41838736772302,0.70001641586613,0.59484928655443,0.49616124346232,0.5557475601001399,0.46941275983298,0.38880169084241,0.5459074212330299
2018-08-20,0.2899071684374,0.50926217854522,0.45739780136859,0.21393669528943002,0.34094900752875,0.54334392921228,0.5653866027327801,0.9844272482168801
2018-08-21,0.29925920166116005,0.54392268310644,0.49535714427587996,0.45457202445286,0.36776819265488,0.45044198773642,0.50206986350383,0.64397949553415
2018-08-22,0.31380158242698997,0.59877155743264,0.40141850057858,0.55464586904292,0.29976731590765,0.49673767722884,0.42469059703544,0.83736611707184
2018-08-23,0.35846165212131004,0.48439762394888003,0.38480168831167,0.43345191540773,0.28729538067995003,0.39519086225452,0.45294393802378,0.8385656736087099
2018-08-24,0.29628714966427,0.6424393925181,0.43455266590747,0.39222291151221006,0.33210569248242,0.30395729513187,0.5531158628351099,0.7021626335087701
2018-08-27,0.29306993298291,0.63629474684526,0.35352968734522,0.0,0.29853410961589,0.34655191164286997,0.39814793420096994,0.49898125308782
2018-08-28,0.30566510392804,0.36984296673775996,0.44574046212631996,0.7903886040169099,0.31148833341912,0.43439404881034993,0.46395721374842996,0.65233231502558
2018-08-29,0.25944955156742,0.45199030727024003,0.45493316491943003,0.69329846730416,0.29939041866194,0.51304092417231,0.38262826155403,0.64179718001284
2018-08-30,0.44833795255168,0.7988977568274901,0.51458930052463,0.6949741844249301,0.33338197893386,0.48486024719994997,0.47765080208551003,0.56762537748973
2018-08-31,0.38591444964991,0.72227597707924,0.652665338368,0.63973581973266,0.36373352494510003,0.48860078332405005,0.46178141780588,0.66857358703699
2018-09-03,0.0,0.42950220840409,0.45070503769648,0.57892755402151,0.3290133864469,0.46903627803825,0.42877598495411,0.64243630379643
2018-09-04,0.48069385542412996,0.80476433607359,0.78928031749176,0.54671765772379,0.5263143370922599,0.57393961723386,0.39786706756537,0.66236181922688
2018-09-05,0.59206117803901,0.7910777528849401,0.73681321349845,0.77033080841781,0.46362447349196,0.56312702244678,0.444670909074,0.75041950725758
2018-09-06,0.5906903027427101,0.69755579630511,0.67032574947135,0.66959064510474,0.5261028019034899,0.51407224311592,0.51417364663969,0.93087750891262
2018-09-07,0.61759074813091,0.63396725573811,0.6697466517721999,0.64813020357315,0.49650187748175995,0.5780899058435,0.70040903895073,1.1423184263024
2018-09-10,0.32056399411675,0.53652935005866,0.49303364931722,0.58701993798511,0.40435135741821,0.54727579860971,0.37834285862856,0.9242007053895499
2018-09-11,0.38368093666671,0.69258675162046,0.58443890512253,0.60537550557111,0.48613437914179,0.46580867933936,0.53783271257495,0.71244758227105
2018-09-12,0.49884433856113003,0.70345405378582,0.72227122637752,0.64958384277101,0.49207616994437997,0.52570137226088,0.43027879697876,0.99998380567383
2018-09-13,0.35673806059602003,0.65732707668947,0.5869967039317,0.66499007338144,0.42221641319054004,0.64364966595601,0.42830923207633,0.7819556510524199
2018-09-14,0.35717891326497,0.59602035359798,0.53081634644658,0.62248182593539,0.43235782552401,0.46791347775784,0.45614311618815,0.96877208133126
2018-09-17,0.29021524392931,0.7315344572589899,0.5968048824593399,0.65076798897532,0.5471677042874801,0.0,0.35485968825433,0.80260649263933
2018-09-18,0.37742603784163,0.78147402823233,0.64871542811909,0.58538843536966,0.61274322342468,0.69392820536336,0.46164219190331,1.06919288023677
2018-09-19,0.32610697795927,0.51698049953991,0.5047665882632,0.72609829102068,0.38850480252336,0.5370125982010799,0.44473305678484,0.71879769182622
2018-09-20,0.28829973794957,0.55141334012858,0.51149901434745,0.43833649270472996,0.35526147551155,0.54054451075974,0.50089120244106,0.71610721064281
2018-09-21,0.26033906211231,0.60989499506291,0.5195972105789499,0.75871460456667,0.38308401066694997,0.61041941170871,0.44107758062603003,0.74371814621006
2018-09-24,0.33471453722646,0.46996835928077,0.43340983134257,0.44113751330401,0.37292654495623,0.0,0.0,0.57885567866773
2018-09-25,0.28322120881484,0.67599504737682,0.54390085448653,0.5976331057887999,0.47205643045712,0.3487024966609,0.0,0.0
2018-09-26,0.48724553002617005,0.41597547109863003,0.40559098896895,0.40613532752903003,0.36688113397923,0.40396079080461,0.0,0.71203583774531
2018-09-27,0.31215162340478003,0.6676584248723,0.55881264410068,0.51612383212475,0.44346473422286004,0.70732952883448,0.47088002021823006,0.80395378194427
2018-09-28,0.34141544313128,0.77584783053169,0.7398909143783,0.5479772580353,0.53755597362715,0.7486137783001301,0.48419024108247,0.58710010954189
2018-10-01,0.35244174199451,0.5974214579000601,0.42564569877985,0.7336928847511099,0.34498696519574,0.5283595185704401,0.49436429629252004,0.0
2018-10-02,0.39735576849960996,0.7160241770494801,0.6492037070450499,0.74423205646247,0.37870431804551,0.70210897467483,0.48979651482845,0.9072419781762
2018-10-03,0.40135334741604,0.0,0.60271527406722,0.5591288300769399,0.56236263139366,0.69659315614547,0.0,0.87694965764039
2018-10-04,0.66430699128091,0.93418543256706,0.7079808003877099,0.67514246489691,0.53967815748551,0.84947067986041,0.74016661007942,1.35100006041265
2018-10-05,0.65077029012069,0.7341090022996201,0.63976384621042,0.60192490487602,0.45638513828957,0.77093918659026,0.80657607010247,0.8576488875382
2018-10-08,0.66267296448249,0.61284804974757,0.5839725461120899,0.5252079053724,0.47668553458994,0.0,0.55835588535183,0.9967777175957401
2018-10-09,0.64903839479482,0.8472810326700599,0.74320019212429,0.6139929929284199,0.50613581339234,0.676230223607,0.0,0.91062187933311
2018-10-10,1.21779110226549,0.90534747130873,0.81776939716966,0.5993157247407,0.59277873205841,0.70864977755222,0.83971167909982,0.7885813197652599
2018-10-11,1.95432435095175,1.28883908061906,1.6011045855646,1.9257009438394102,1.14297214409013,1.51595122207543,1.05407188590389,0.9369760194627199
2018-10-12,1.40762096756335,0.88725664987056,1.2723282998982601,0.79418355881831,0.7275385626818,1.38911960352915,0.9823881951721001,1.05922579002448
2018-10-15,0.88602461193713,0.8365397773651899,0.8057059990495399,0.70083515385691,0.80621659657391,0.8825310211249,0.75973280075077,0.96890572993858
2018-10-16,0.6799200146955,0.78897848263951,0.8649027758539899,0.70396021368615,0.81337398554737,0.86844060967913,0.66128690694252,0.84454868055558
2018-10-17,1.02943685519996,0.80948912822891,0.87019349771602,0.65080708970643,0.66469195717361,0.6555885656736,0.66894842195962,0.0
2018-10-18,1.1210793158528,0.9602912689091201,0.80552387135509,0.61424565869644,0.752380076141,0.63177549787107,0.61249429334507,0.8981447570419699
2018-10-19,0.93846553882613,1.04959113162983,1.0091809953095598,0.70339153923934,1.0499227989928501,0.7905831085284201,0.90396863889191,1.08996447088792
2018-10-22,0.94134355907128,0.78987188665533,0.0,0.76110662783636,0.66315853309619,0.8299604779595999,0.6546448472398201,0.72208754649614
2018-10-23,1.13423044777108,1.21567804421812,0.91618761826895,1.13912934315291,0.8811582781945999,0.72797555879037,0.79869413409665,1.0470137853357
2018-10-24,1.3328379149604002,1.00020033641166,1.1201021311068,0.79379044849605,0.810244186908,1.26061537273666,1.01018251453635,1.39165445140774
2018-10-25,1.00524411119588,1.2790691702777401,1.22993929567519,1.18618572734837,1.01611090875061,1.54544640175128,1.20349535999728,1.04766701837177
2018-10-26,1.79483831243123,1.33132237239032,1.24190368192988,1.28358400633811,1.19140522288682,1.48460596947001,1.4175035558600901,1.17801951236259
2018-10-29,1.7380347319222298,1.04033753848402,1.06563959786599,0.9376816649205499,0.66727364977592,1.07022304191509,1.23635080786239,1.09656898373836
2018-10-30,1.5392501188517,1.3127232880535,1.1119514803025299,0.88401793821557,0.92107525574411,1.16206585480341,1.45632750722253,1.2535797651438
2018-10-31,0.90927185642997,0.8827480637947799,0.90065582083314,1.49209741773886,0.76663897934663,0.81372650481114,1.0390601007805,0.74215447102139
2018-11-01,0.83224704410534,1.0226448175173,0.92943080904036,1.0041241959035698,0.9609121124614,0.9765736183132401,0.94414970368242,0.75934152763323
2018-11-02,1.27506827089846,0.94302987607198,1.15565931870512,1.2328263543970799,0.9763554076394599,1.40860281001175,0.79137123083156,1.4389738674402601
2018-11-05,0.59380449037419,0.65644491096183,0.64148644936864,0.67251109150928,0.54689059095951,0.9007156972341199,0.95119132333043,0.0
2018-11-06,0.60826854722747,0.73506783225387,0.83736167928281,0.73318533665397,0.6069163727566,0.5100858656067,0.90530013181612,0.9557810627915799
2018-11-07,0.6388793752530499,0.74070097710559,0.62191754896828,0.84242524377676,0.49067473055836,1.52619148986816,1.03672228553311,1.27955722496104
2018-11-08,0.6680996678862,0.68790673409073,0.6932938151545001,0.62158729820135,0.51214347598862,0.51249895623038,0.59965216273441,0.75968948673855
2018-11-09,0.74284148357845,0.89097378410291,0.75515345956644,0.8102846063449499,0.59552732365895,0.73201430816682,0.7839537628329301,0.7131888227987899
2018-11-12,0.96206185171603,0.98438477770056,1.00589126906092,1.3177454152130401,0.63597597107096,0.69426410410012,0.6026728776499,0.9406319874474701
2018-11-13,1.29561881218821,0.86306646550054,0.91090288338724,0.80227201666532,0.7054691472543401,1.35981147995815,0.9793454297163001,1.27650562219247
2018-11-14,1.13106732206619,1.01766606346826,1.29658891940236,1.0444269168189702,0.7818107751112999,1.0212225878044399,0.7497695693753099,0.97941419010414
2018-11-15,1.3653268937935699,1.09579248723058,1.1048456268701001,0.94790344193333,0.80150250598384,0.8335932133777699,0.9546724450809301,0.92052282140975
2018-11-16,0.90452964138109,1.0717758386589,1.1484454745641999,1.0116104276701499,0.72379456037601,0.73857470789358,0.82880979465804,0.86531273036679
2018-11-19,1.07245966577815,0.8629277750756399,0.9104103630572,0.76708820403799,0.6887910647179,0.72898686454157,0.8961883433532001,0.84509849012435
2018-11-20,1.36230720995669,1.24584034339156,1.11753000051273,0.97950412093198,1.26322801411107,0.6944358668755101,0.67195772136111,0.98745857831424
2018-11-21,0.6101160169810801,0.92745826314879,0.83722950543083,0.69557361385522,0.72763278349031,0.8096777348490699,0.58556440510178,0.95999663835005
2018-11-22,0.0,0.70729057580875,0.63400561275793,0.69023403272736,0.55646862372687,0.6514954511714,0.48702475924756,0.65642789572655
2018-11-23,0.5092489760590899,0.82642925251078,0.73598199733935,0.63376996492967,0.66512374018399,0.0,0.76851680074973,0.60690319873669
2018-11-26,0.73741894861462,0.61870227842306,0.53329801990716,1.01246506812235,0.54324706361623,0.72455265620797,0.0,0.75263757851089
2018-11-27,0.7982913188488899,0.93378658924784,0.9124627080029301,0.7673164681961899,0.6499678129333,0.63996423097777,0.5834283083111,0.96711236264118
2018-11-28,0.94344993445149,0.68863212128549,0.66670192869315,0.81775616254608,0.55236128405551,0.60096587235488,0.45220102920644,0.64006070742029
2018-11-29,0.67562721708616,0.80630486174827,0.9692369848717901,0.9389695843699,0.8835344779550299,0.56989127154524,0.60476553988572,0.69260973800252
2018-11-30,0.52610720724814,0.6594311382714,0.61197673197055,0.61630482417298,0.37836711702525,0.5698850876934001,0.5886905078291099,0.74348968908044
2018-12-03,0.81510373571067,0.6083061394828799,0.70252480731008,1.61442191701426,0.60858174389544,0.6513041612678799,0.68153920973035,0.77599708691251
2018-12-04,1.1799900033792599,0.66401019311733,0.72551422775833,0.8045441180761901,0.5030832777795899,0.7084842460341699,0.5445993888749899,0.64276929675204
2018-12-05,0.0,0.51735224048326,0.63105202852634,1.17127903098279,0.63989435932851,0.99570784710016,0.56843421947895,0.5315421451030999
2018-12-06,1.55043408348855,1.1950637380847,1.1080320247384499,1.4509504814965202,0.81922817277265,0.92729754933886,0.6095563257116999,0.81181919933659
2018-12-07,1.58989810428939,0.90340267545687,0.82139498383725,1.24716828127923,0.89321715840938,0.84359524736198,0.5924382984110801,0.6277014912230501
2018-12-10,1.73736240099151,0.93065603397078,0.92302298803031,0.9342409496523599,0.83285904027085,0.71485214120984,0.64338588374164,0.67979660431347
2018-12-11,1.28213632039888,0.87744308005492,0.86944833223604,0.9945905439613101,0.72605450371835,0.88942517665015,0.66099572070468,0.60435745480671
2018-12-12,0.96343958610375,0.83686409182717,0.82104246772533,0.8211761683694601,0.6630925002303201,0.5442239241704301,0.69568747012918,0.53254594162192
2018-12-13,1.044765281603,0.78766691140127,0.9434661952073301,0.7832038867961599,0.67488786488711,0.54907998647252,0.72408853651091,0.6387666788702
2018-12-14,1.04728359256268,0.86043162071067,0.8033887212760301,1.0988176794723499,0.70426700466252,0.97720777664821,0.71883423006223,0.57424638707917
2018-12-17,1.2297032514058,0.84736532358652,0.8676613031848299,0.67618151025188,0.69270009145954,0.6323742397094,0.5307298595541999,0.5714829258508499
2018-12-18,1.2986132871059,0.9446713903308901,0.8755630695959299,0.91718381526219,0.69904075524056,0.98413902783723,0.65212779225561,1.15607515957397
2018-12-19,2.55715056848887,0.5730165109115201,0.63387134095827,0.6344277994432901,0.44972089913714997,1.16401437058311,0.47295920952593,0.60289197826801
2018-12-20,2.00469803426775,0.94035462495499,0.90210121620362,1.8136647868462301,0.69341811442999,1.23348351609537,0.8710768295349299,1.00207582293257
2018-12-21,1.8774447373081302,1.04355894299651,1.23409539651924,1.09744678807402,0.81809953118131,1.31006604200551,0.60618089758917,0.87553014246526
2018-12-24,1.50349700142634,0.0,0.49455573967477007,0.82173184866293,0.0,0.0,0.78516436999264,0.45937117571904
2018-12-25,0.0,0.0,0.0,0.0,0.0,1.9485438400695498,0.0,0.0
2018-12-26,2.04404914013239,0.0,0.0,0.0,0.0,1.97210903832673,0.87925600393061,0.0
2018-12-27,2.1549852711798203,1.55181008169202,1.6118311852284601,1.09525114350453,1.06626217079571,1.70262606021786,0.7809973461084401,0.8388194307225301
2018-12-28,1.45109452103369,0.70052594881942,0.91015745296698,1.1569840856507,0.79172835824675,0.9934341318973,0.60280275593694,0.70195641365594
2018-12-31,1.12172061770255,0.0,0.40033176501846995,0.36263668157115,0.0,0.0,0.0,0.40785952627101
2019-01-02,1.29160887259495,0.9886686984293,1.55438614118114,1.7798673434365802,0.95551639862291,0.0,0.92849616581323,1.15113220472932
2019-01-03,1.60845059640792,1.04081375680474,1.0330862370223501,0.97569734563463,0.87381243253109,0.0,0.76937392668285,0.92634046048982
2019-01-04,1.28268670134292,1.04837171472526,1.0338358946858999,1.32909861506586,0.8317123191407501,1.6345929516947002,0.9603190868579,0.9447503873852501
2019-01-07,0.8961574066415601,0.7933105563062599,0.88371890919222,0.76318149154352,0.7241161706986801,1.2393372821016,0.59643101477417,0.9147494968856701
2019-01-08,1.02598472223859,0.84014046764286,0.79300873122889,0.67595036984822,0.70789704782316,0.8599104122136599,0.5111341829614799,0.85095732913255
2019-01-09,0.88327733322213,0.8340653639807001,0.59273059296554,0.9708432467365099,0.55878177756716,0.63189013542216,0.61086949550935,0.75921658225029
2019-01-10,0.8057568109577499,0.8604037082989201,0.91307170578057,0.7693798144414901,0.60312740130384,0.68334878480271,0.5482217065137001,0.86124221741825
2019-01-11,0.5889307515535,0.7881505084258099,0.71179120393038,0.7127367655265701,0.58295145620239,0.42499759664778997,0.58989020070816,0.73240716747725
2019-01-14,0.63999676143759,0.62598500755156,0.61258657469684,0.6602830921006,0.40597117588681,0.0,0.42138827563347997,0.67431291447896
2019-01-15,0.73075599191719,0.84974367798902,0.8725433049412901,0.9992022468826699,0.49823453648422,0.7359569442830399,0.67594689180038,0.76033074219699
2019-01-16,0.52632643751073,0.66782194527156,0.64898571493248,0.63949196326722,0.47447822803707,0.76745515922204,0.56711287312373,0.77153371174964
2019-01-17,0.76770843932101,0.75797532904786,0.6870994360207999,0.73680881001516,0.53246685086782,0.78112800548027,0.66810847066522,0.9761662092818699
2019-01-18,0.63359429353963,0.6928269204471901,0.60979769533937,0.90402899961902,0.48513447227151996,0.55803789616892,0.44543267455832,0.5741430764491
2019-01-21,0.0,0.39262994806278995,0.31114670429734004,0.43222927419923,0.39039739768532,0.70976453089533,0.62634442315087,0.79720055448406
2019-01-22,0.9370439725598799,0.60425305753272,0.55780329818833,0.77297568488658,0.51004437870259,0.58351679089417,0.6035391799700499,0.7060199380248
2019-01-23,0.81198854816577,0.58198974166861,0.6934497267012,0.85536230036522,0.61672003049698,0.67938269718109,0.51928466552797,0.75943142500033
2019-01-24,0.571896552782,0.76518377071431,0.7092712965933899,0.60201728129011,0.52188565053122,0.58549608021494,0.66409241250344,0.52669945622504
2019-01-25,0.47438372583373,0.57541274053626,0.5246647343497499,0.62748256054195,0.44764466270835,0.7280972458977699,0.54007605875213,0.69987949263765
2019-01-28,0.7882828471608699,0.57854377212362,0.50548884896914,0.6583977702595201,0.51753038750324,0.39257857014370995,0.64575854609048,0.6980769018003801
2019-01-29,0.60521954841503,0.61988098496897,0.56253048943123,0.77066335827011,0.58100704124845,0.65431396037545,0.59067307378441,0.6592908311505
2019-01-30,0.8665881388013601,0.59907357985608,0.48140059605630003,0.75920404160524,0.42010556410383,0.58710642727868,0.65107258199117,0.69855419708186
2019-01-31,0.6442116163681599,0.8364064033052201,0.7946426404299101,0.8285488597793499,0.728342736671,0.58638990663298,0.7285996258854199,0.52759677261047
2019-02-01,0.64802567632932,0.80534515782245,0.55957860007539,0.65400538906661,0.43126794088459,0.77070375267091,0.55392578588235,0.56737094967002
2019-02-04,0.50074316105869,0.68934479679505,0.5669045307194001,0.46508563656551,0.42940638721728996,0.53859226120996,0.0,0.61722763872147
2019-02-05,0.42103774531092,0.60882918917904,0.57693253309801,0.65082600569536,0.44001617063452,0.41029164842176996,0.0,0.0
2019-02-06,0.45855733976019003,0.5255366462941,0.53534368322929,0.53516105434687,0.34172476266707996,0.43415076414082,0.0,0.0
2019-02-07,0.8123490879376299,0.81195354788873,0.7273203312091401,0.63055231668847,0.57130378468735,0.51661020134032,0.67903158110023,0.0
2019-02-08,0.57370972549364,0.83510763730304,0.73823454746201,0.55392951388695,0.54702224503645,0.63407222285992,0.57089254145946,0.6559303585806799
2019-02-11,0.5052937160684,0.6686593183166399,0.66737663704838,0.71260639012624,0.39595402934012996,0.0,0.46146921661446,0.6215208430373901
2019-02-12,0.45354848667770004,0.53291868234396,0.47413883623869,0.52286406589307,0.38130051615515,0.8046970533479201,0.5727526344031,0.6204079008360299
2019-02-13,0.44447575815957996,0.6717354842297001,0.48882611911961005,0.58979264007846,0.40916610935236003,0.64656827403513,0.44701397651172003,0.6259318878996301
2019-02-14,0.66549192827887,0.75670971225032,1.08020940939199,0.65520431712423,0.5295821792675001,0.69244783204244,0.48624977525919,0.7006370110582
2019-02-15,0.45512662036930995,0.94138655689066,0.61253763578664,0.51354491923776,0.5514745389903,0.79405018063186,0.6729011320232,0.6490417034562
2019-02-18,0.0,0.45515064975665,0.41041981520648996,0.3408844574589,0.54258890737125,0.48766483860897997,0.4836799322307,0.61271370165999
2019-02-19,0.34569604588045,0.8900820266057899,0.57854150198509,0.57968286539389,0.436656222814,0.53814003353132,0.61551990182651,0.74869715325992
2019-02-20,0.50145215337738,0.7202820430435299,0.52763964357671,0.63650305580793,0.5112956158575299,0.55800117833323,0.52544654352048,0.61791553826058
2019-02-21,0.47668286967337997,0.6657431749538599,0.5961818816085399,0.66655517883121,0.61253161678361,0.66494882960299,0.53239780024609,0.76830980867646
2019-02-22,0.38043974093035,0.52061686637318,0.43926899226182,0.45674915691529,0.41796756498104,0.45760534087045995,0.5406673037543399,0.50578100279989
2019-02-25,0.39038387400216,0.53241984745383,0.41325045951948003,0.59001104596035,0.5781340546323,0.44281283727072,0.47330192591711,0.8037243399510299
2019-02-26,0.51420229864506,0.5615113150458,0.61453535645588,1.15943849920769,0.47091704098496,0.48685131343251997,0.49368809710621,0.8291764229376899
2019-02-27,0.47998969193954,0.55346808840995,0.43416373967849997,0.70750718196634,0.43895289054192,0.27050745463239,0.5037445997421,0.73781396286081
2019-02-28,0.39384711676919,0.60078678981715,0.48931468336743,0.83041000230984,0.50547977971155,0.52101317875918,0.9239734205668501,0.70315593812213
2019-03-01,0.49128230613157003,0.59074085564886,0.45918113983688,0.67572077276208,0.45004672710524,0.54114870477362,0.0,0.6303245085603401
2019-03-04,0.77072605987147,0.47621663885155,0.40073984549849,0.52830852311991,0.47163119788436997,0.38742809486866997,0.64611866836413,0.6995218653692901
2019-03-05,0.49229853564859,0.52434354218965,0.45585429405233,0.52222191198996,0.53553627243419,0.51135657521116,0.59529658505155,0.7010984609854001
2019-03-06,0.5115445295290599,0.56189803058715,0.46031937969423,0.43714509054454,0.45439077684921,0.37587571467244,0.5138042660884601,0.6126454714342
2019-03-07,0.69301907213446,0.76511070061086,0.71493977427702,0.65661777160054,0.78479377506813,0.36797136267058,0.57597237958485,0.61308192816261
2019-03-08,0.72300788946922,0.5938968061644601,0.57851985638445,0.9224825339711701,0.6978772155196,0.68772142277103,0.5366950064525,0.59520204110536
2019-03-11,0.43548156022746,0.39299486834778,0.55488117562728,0.81137564961425,0.24753040786725,0.66695747516037,0.51650741747816,0.0
2019-03-12,0.46117101753141,0.5555401944005101,0.70383189434405,0.7261516472684401,0.39311762710167003,0.67965114932589,0.50890752314529,0.48166008971461005
2019-03-13,0.42001438018656995,0.42805090270438007,0.38193569129411004,0.53576893610658,0.35662463052624,0.6431708795809999,0.55918583744224,0.5700506697245801
2019-03-14,0.3642130720063,0.73392722730175,0.60885117435544,0.53102844708951,0.44677972566770996,0.7514414615580399,0.69509446254926,0.62847136645867
2019-03-15,0.42215744873688005,0.65804709597879,0.8729940446737101,0.5544775592068699,0.61674622703674,0.44421360373248,0.67864192605401,0.57865717771509
2019-03-18,0.4234671774064,0.46270407655181,0.36196248954029,0.49239989969569,0.35576804784557997,0.41718484270908,0.44907958998692,0.744459685071
2019-03-19,0.70058376854152,0.49978443249519,0.39717876309398,0.46373992430378,0.42785576739156,0.5103181936083,0.44854522713539,0.47081908987982
2019-03-20,0.7935640780461901,0.55148649244801,0.50413042432942,0.67659479213448,0.45513282585233006,0.36403759583339,0.67536367467365,0.53575510051835
2019-03-21,0.51871427914125,0.67150262496069,0.52341439204284,0.61203723255978,0.52543391409537,0.0,0.66217669692682,0.67140049851477
2019-03-22,0.9328145677663401,1.0635579141551201,0.9997292280260099,0.70144795215166,0.63335869384797,0.6916892354302799,0.50332512233023,0.6979889814565601
2019-03-25,0.8673984065177199,0.9150777731389,0.97559040905004,1.03511778831445,0.73899745000465,0.80777425189734,0.43661530985645,0.52851180505047
2019-03-26,0.6736324725713899,0.6630335456391501,0.55975978483836,0.5780240218486,0.47680483575876,0.54108145733551,0.49395977137268005,0.48536659335615
2019-03-27,0.74588240822856,0.8310839730047301,0.77137147767835,0.6877537843534,0.67217596014123,0.58504155190249,0.68993565692087,0.53145278788221
2019-03-28,0.52328035660563,0.66964479453655,0.5981298158637,0.66598248243697,0.61354797543214,0.8952520242219999,0.67066935099002,0.51060044741155
2019-03-29,0.48601381642972996,0.72300736874542,0.7194151965811,0.8741504317582101,0.81530778800472,0.47916922104985,0.55182981246344,0.5185983359369
2019-04-01,0.44750883569146,0.6637688348703801,0.52416143411181,0.7125594355386,0.65105352107546,0.57546163304259,0.45664387919362,0.53992298672652
2019-04-02,0.36200863814777,0.53036763088334,0.45015544824178,0.52379190842281,0.48328398878922996,0.60123635108673,0.36144215180932,0.48414970725729
2019-04-03,0.41066626844757,0.60074137408888,0.44797145328478993,0.46317028243200997,0.53330205380902,0.72269396301646,0.51566745184888,0.5343947775588099
2019-04-04,0.44446574769926,0.47356895902425,0.41267559168437,0.75907287973587,0.50356172490887,0.45924956006477,0.5919870734075701,0.5938274621758199
2019-04-05,0.30592980634729,0.37173146355243003,0.38491449494002,0.49677423681328003,0.34993864343034,0.61104708483618,0.51925456902172,0.0
2019-04-08,0.31612221922651,0.38714834121123,0.35630977915684997,0.35972207985067,0.3892221528819,0.48535738425431,0.51236128003296,0.51217155085618
2019-04-09,0.47394270239921,0.57170239865884,0.72077412709107,0.5480208554180099,0.52684832857066,0.46029333577527,0.44968570613191994,0.39916440721241
2019-04-10,0.31667305186062,0.45190164796077,0.49865312625852,0.38912763044819,0.38397782306432,0.44074193082921004,0.48014228004203996,0.48864113054099
2019-04-11,0.35377554234548,0.52880277999582,0.54598589974345,0.48383800035242,0.45178203854318,0.38972963630133,0.53403761411534,0.71753653931157
2019-04-12,0.34376563225208,0.45071259778438,0.46852397117035993,0.42517547403746997,0.33570216235264,0.41197527774753,0.44028128349983003,0.5570171523205101
2019-04-15,0.26486587328497,0.34016119682288,0.32308333952886,0.32602598791439,0.34980314993251,0.41886685500793003,0.40747066095865997,0.64212299473868
2019-04-16,0.32444919023296,0.44594325461401,0.33377787004812,0.39316228924344,0.4052174784948,0.45664572049596996,0.32199187937271,0.6389246702689301
2019-04-17,0.41599674655951,0.41667769576584,0.35980226091765,0.41727803703065997,0.40413017932434003,0.61986559825954,0.4384206421401,0.51281122247621
2019-04-18,0.36218737450055,0.53204985037184,0.68907469571561,0.4247990112107,0.54802064025086,0.59688573996071,0.53091559604656,0.51635575283908
2019-04-19,0.0,0.0,0.0,0.0,0.0,0.30316632970991003,0.41443279673159,0.0
2019-04-22,0.25911575528864,0.0,0.0,0.0,0.0,0.62340477953106,0.55665777164499,0.0
2019-04-23,0.36845950253522997,0.0,0.34855020178232,0.41163297439077,0.41270024758779994,0.38071891019366,0.40701708960101,0.0
2019-04-24,0.32863710951313,0.5829769440532,0.48425727793539,0.41901651217619,0.42785676837083,0.56213572812199,0.61955743805184,0.66883928300671
2019-04-25,0.53873265376115,0.41799408537783,0.46548434478281,0.71703085044947,0.77398328584876,0.43120065530880003,0.55485578049699,0.55936119058672
2019-04-26,0.39334803584257,0.43571161322033,0.52292035362448,0.50866763118406,0.44106624008254997,0.44479731226129,0.72152671523049,0.49935896965911
2019-04-29,0.23422382273793,0.57164037588068,0.45315233931904003,0.38461346722420997,0.41056293253379,0.0,0.52491475929664,0.66832589891057
2019-04-30,0.41913120242878,0.43584229414238995,0.5309069909916501,0.47094518197441,0.34350032337507,0.0,0.68583473951981,0.59078245758576
2019-05-01,0.5829194678281799,0.0,0.0,0.44093155740114,0.0,0.0,0.0,0.0
2019-05-02,0.6634807498898,0.59970699256408,0.54862541689808,0.6539679611268701,0.51767770024205,0.0,0.59866216212674,0.57389101497602
2019-05-03,0.35492236706719,0.44538162518202,0.41355834807600006,0.37775973327245,0.32014293809827,0.0,0.47793729923769,0.61224486592503
2019-05-06,0.51921203034413,0.71694817983701,0.65433811235135,0.0,0.57053441308449,0.0,0.0,0.70053914468588
2019-05-07,1.01597203591535,0.7278229891605801,0.65186079592784,0.9006828031237001,0.57328967936149,0.60531921291813,0.58303873512396,0.73147003928079
2019-05-08,0.6873362993756,0.7474939300604699,0.69822883076178,0.58981163758341,0.7093963172322401,0.51592750195675,0.62740875648518,0.68339308749897
2019-05-09,1.00244011749281,0.7117475153265,0.74280672498589,0.8747441752415499,0.60680951573925,0.68573722855842,0.73628417054501,0.86334578527602
2019-05-10,1.03176847646213,0.7883061508410999,1.07749174738556,0.7285160234257101,0.69030483954271,1.35962363014218,1.31345901271604,1.74617595051701
2019-05-13,0.99693470441174,0.82000020561951,0.66778865488548,0.5932518243565199,0.60889704788524,0.5313534508775599,0.68908622471332,0.0
2019-05-14,0.72523472490853,0.5706232400490799,0.5364764117249801,0.6536955049325199,0.59620997083818,0.862169232908,0.8569478650293699,0.67910902756777
2019-05-15,0.71294241306725,1.4582846918383199,1.0481964780955901,0.75706881131967,0.6793767524043499,0.58143107832941,0.69300938320958,0.5417831911224701
2019-05-16,0.54267865924643,0.7955169761105,0.84656867287229,0.61870926798788,0.57255836946617,0.60817395246791,0.73592758753306,0.68478720262908
2019-05-17,0.72899814136357,0.83697327798164,0.83816133375164,0.59200606410431,0.8030159732514299,0.78200608508484,0.6551961023348,0.74064101300046
2019-05-20,0.67846135864297,0.86218880292278,0.8416918322372,0.6544078249494499,0.74186921845142,0.74052773216488,0.77253944241188,0.84273591465708
2019-05-21,0.41575500967317003,0.67114739484346,0.58140678585418,0.71191543185725,0.48730213349715,0.5802285824599199,0.63951376088364,0.7067227456252599
2019-05-22,0.44107496879637004,0.7552897532593,0.66550261300835,0.68100570094364,0.64128050778456,0.39515070508085,0.7309624055544399,0.54061032447004
2019-05-23,0.7769797167582599,0.84292572804994,0.87376553264112,0.81447131447704,0.76636564818118,0.49117900041479,0.72583684493821,0.73431939903712
2019-05-24,0.52783793116701,0.60016709581001,0.54939412657972,0.67644864742863,0.54607183715468,0.47718757925974004,0.7309143902717,0.51202514585439
2019-05-27,0.0,0.48381847641173004,0.52292201486592,0.0,0.454174897675,0.37875374838411996,0.67959339520134,0.0
2019-05-28,0.53857704476876,0.83934901104513,0.88437084089133,0.6831660275998,0.62899630079642,0.44813806179538,0.7112939879745,0.5274869989414199
2019-05-29,0.84174485313254,0.66035077929451,0.69663846030065,0.8476897671028,0.44236146085249994,0.63822206208907,0.73835553698216,0.57679520376863
2019-05-30,0.59765867092246,0.44568258573019,0.5098510939249701,0.48638188284448003,0.0,0.58383834145489,0.71448896117929,0.6054499465884701
2019-05-31,0.67879812142386,0.71001974978043,0.74225957773223,1.04481489776562,0.72345370108752,0.6841981950334001,0.8417236109569501,0.64328828542884
2019-06-03,0.96599436076436,0.6461741868010901,0.71456624914695,0.9394531115323601,0.67507782192435,0.5274290686848,0.66955925977048,0.66390893804769
2019-06-04,0.6540851298219,0.7944229594044601,1.06221606878167,0.8708992623413001,0.7967863867830599,0.57950807290503,0.62424715947702,0.6044142139098
2019-06-05,0.63561161467036,0.8135739674665,0.6751454791787199,0.55399097276578,0.64652338404873,0.49437496783668,0.51530225846692,0.5681281282074
2019-06-06,0.60261892487932,0.95173891230748,0.8051448118860801,0.69313560367704,0.0,0.39556185913769,0.0,0.48976613290634
2019-06-07,0.58511195465028,0.74150850128575,0.7390283992947501,0.61342348785694,0.6942783269594,0.39298656880545996,0.6764708135572199,0.0
2019-06-10,0.54306006333717,0.0,0.51030853705944,0.54343202108572,0.45370599498145,0.40801379664497,0.48184522598366997,0.68580223664028
2019-06-11,0.59076427191755,0.52439121853285,0.49395227740722,0.5212383305945001,0.39331507055460996,0.35760588390755,0.47041158867455,0.38646390551001
2019-06-12,0.4259147341528,0.67394610781421,0.5676810665359999,0.6558831266731,0.60827675118154,0.41765852506914,0.58630491098754,0.61115786529599
2019-06-13,0.51799211715578,0.61995115813037,0.6082554002078,0.50323852042124,0.49035141573637,0.64408912832594,0.7455524533881,0.9789320289843501
2019-06-14,0.43729764478968997,0.5100906158417801,0.56370284654724,0.4999690824006,0.5465248601469199,0.61559095655015,0.86512531997809,0.60821975208196
2019-06-17,0.27199733564990003,0.49791154566873996,0.44934335422492,0.46068540164191,0.5800206852683,0.40562356897009,0.42477619992489996,0.0
2019-06-18,0.6067125676458001,1.09943048636691,0.72110232882653,0.5671136251078,0.82879703498794,0.46921136044035994,0.52295426728622,0.56078557311982
2019-06-19,0.56663754296718,0.49902164210783,0.39833705790492996,0.37789383513594,0.42051692860679,0.42336938910951,0.43571387698471997,0.59124926820784
2019-06-20,0.52097016146621,0.55706244761774,0.49096388936303,0.70377874276337,0.51287321001526,0.4164838923983,0.43176706969142997,0.46952997919552003
2019-06-21,0.41476468449028997,0.65482365013,0.62123614785721,0.61333698040967,0.0,0.72163220388687,0.37728237007449,0.43370596145637996
2019-06-24,0.0,0.48959647122381,0.47131856452753,0.41551083870327005,0.58154888016387,0.36197773403986,0.45932439684710996,0.48919798302384
2019-06-25,0.53605382878028,0.49988060272889,0.49327477658894997,0.68320096256798,0.47341784347033,0.58625607863319,0.51512192971974,0.59286399499858
2019-06-26,0.45854811752908997,0.5953357778138,0.50088403161856,0.44214989190774,0.4631424430072,0.44089259586804996,0.40397477118492997,0.53534028746451
2019-06-27,0.36200417163848003,0.60844211870841,0.63588711558165,0.6024468168317799,0.69743606665737,0.47992194530041,0.61483079521311,0.3926505019296
2019-06-28,0.31533443830913,0.48689215388859003,0.41604429837311,0.38078626585502,0.42341873558554,0.49072327990262005,0.54358683893038,0.5194666348067001
2019-07-01,0.49275000466073,0.39322075451185995,0.7776816741229801,1.1393125383761,0.61696377995658,0.45166978581601,0.5925321548023199,0.0
2019-07-02,0.48454104944193005,0.38308714680529,0.32471396460243,0.4514262305376,0.4098234293646,0.41953058907676,0.53196168738545,0.58039209278599
2019-07-03,0.21672672309091,0.37332986097657,0.40005069973477003,0.44886239876383,0.5168990218643701,0.37640966097918,0.6809258773675,0.46862684790136
2019-07-04,0.0,0.26598890840559997,0.29201151677387,0.24667257370846,0.34613657050479,0.21248052229716,0.53083925010513,0.46650399015502003
2019-07-05,0.46708445293108,0.6125061403911101,0.49224238472010995,0.49716102275729,1.0447819322093,0.36234060191277,0.5959734232523299,0.39489437449444004
2019-07-08,0.37689027048703,0.46033630406042,0.46538941232781,0.3783534881308,0.56370440961401,0.42506604398877,0.73112425263298,0.932187224861
2019-07-09,0.27294225520378,0.52856597463841,0.55284237402265,0.48478264673812,0.5942661394362,0.45077519003644,0.63317542316854,0.57142984541993
2019-07-10,0.45596970603043,0.55181449063184,0.5651092316132099,0.5367089008946,0.58246920727159,0.41595079272135005,0.53223543211728,0.48176483098460005
2019-07-11,0.31696309917859,0.6096148984648599,0.62123260590272,0.47176457625182,0.45754807756614,0.30369458988288,0.60925758496971,0.64111016665725
2019-07-12,0.22721192782759,0.48441548625151,0.42631755718746994,0.34767637732389,0.41107511805054997,0.46530406399223,0.49427682787147,0.42536895986589
2019-07-15,0.27931855479247997,0.76044482708067,0.54423894622658,0.45170537493562,0.78250214463099,0.0,0.57574364916205,0.0
2019-07-16,0.33484223315743,0.53489604811364,0.44997608252022997,0.42924474481880004,0.39878952330802997,0.0,0.68449999810921,0.43389847368171997
2019-07-17,0.38507591395799,0.59298539697334,0.47713661364828,0.46846936362429,0.69481118846586,0.46936964041138,0.5347872034757599,0.53444571835126
2019-07-18,0.39525006992745,0.6746505408068499,0.89429752590356,0.58341993536891,0.6606778436848599,0.58231776045211,0.6085167777312199,0.44719669139646
2019-07-19,0.50121134950377,0.58446072614544,0.71662727662569,0.76263771684328,0.52527222755576,0.48782501381869997,0.5437367196091,0.4520907080975
2019-07-22,0.4025481991561,0.52381218720722,0.49599776651941,0.5113278385343599,0.53911978818686,0.52558234319568,0.51121402268159,0.53541490597939
2019-07-23,0.37862615978779,0.5340869108164,0.63833260014143,0.74057928164888,0.56426350890861,0.55537756348162,0.49994358904826,0.41803463112864
2019-07-24,0.29586639093128,0.47181000537205,0.44246780276859,0.51935927216366,0.47606339272237996,0.37221032705689,0.57937467097757,0.55950302259228
2019-07-25,0.48138185416785,1.04024157714157,1.2954949855981601,0.6488003687325999,0.7000690181076901,0.5170731378950401,0.71612371943314,0.33898687951292
2019-07-26,0.24684745982732997,0.46493358239025,0.53655597924067,0.41508522424204,0.41503168673893004,0.45959008468609996,0.57829913478896,0.36171419518096
2019-07-29,0.27916336758824,0.46630494068478,0.5702828607193,0.58006391565736,0.44108981802563,0.47967153436239,0.8799095935784099,0.7383978772684899
2019-07-30,0.41136706410039997,0.87551927774503,0.69943279606975,0.67650491172003,0.59712640281037,0.49986101757612006,0.47641115929857003,0.49791921585078996
2019-07-31,0.8570504373688601,0.54143067436486,0.51583594033855,0.47125063064307005,0.44571571279073,0.46011175710645,0.92221742544306,0.59665384012996
2019-08-01,1.4130180215574,0.84784155330574,0.78087736036208,0.84452930973456,0.7521666037193899,0.56677909576892,0.68841549393231,0.59262990217929
2019-08-02,0.86585833474553,1.18709216923834,1.2017160357763301,1.78712063418225,0.93597786677078,0.59818840985454,0.84896463561305,0.49797823215002
2019-08-05,1.21632346688288,0.91601742312079,1.0521780519289399,1.29552177549279,0.8594796317626,0.87281477162785,1.0211526989255801,0.95461868321045
2019-08-06,1.00955187329279,1.00233733107372,0.8936648119283,0.81725997255185,0.86599929638218,1.39310594730515,1.48480406540122,1.34486668480559
2019-08-07,1.34048625976359,0.99855576689912,1.03469460622301,0.77541008699163,0.7308540986989,0.78138849217744,1.09962087158301,0.76725800521799
2019-08-08,0.60052711596721,0.8262566696077601,0.7529085161792101,0.77061328383261,1.01024153786755,0.74686027938397,0.9281580274968899,1.0226382764448
2019-08-09,0.8878992109501099,0.91605568530222,0.5738330555729201,0.70021976954644,0.61341313023177,0.49181262651063995,0.51599139188114,0.60690235820647
2019-08-12,0.7229942501669899,0.81885679971486,1.0981975637224801,0.87478318695863,0.7383242530641,0.0,0.56668064614848,0.7989965381108
2019-08-13,1.44773579338565,1.67727744008348,1.53635354140249,0.9977751147868299,1.03803852877819,0.66997364188908,0.6010146820398999,0.7088308572348
2019-08-14,1.13948894599859,0.96955744748523,0.91611250874182,0.7724607868150001,0.75351201494079,0.48938635856032,0.53666715664168,0.79620230266313
2019-08-15,0.97321457982006,1.83293212014193,1.5284856391647899,1.24013345931395,1.3130476339562,0.71232544923606,0.0,1.00936151810092
2019-08-16,0.6854579345175,0.84263547925342,0.86934455112235,0.9484199777471101,0.71483240561897,0.45247326189392,0.50674200255076,0.87184415482702
2019-08-19,0.47247893174454997,0.75043466635874,0.69849282613204,0.9479625575252599,0.86232614423174,0.42608679238152003,0.43808622535196007,0.73610172548431
2019-08-20,0.58183607522003,0.7733653001363601,0.7655028531160301,0.71960595819316,0.73118617353485,0.37085315228137,0.5513106026391901,0.58559768162838
2019-08-21,0.36497563523942,0.6223864472768,0.63245800527653,0.59136450985551,0.5522895193364901,0.331662640174,0.49984393211281003,0.55121999849076
2019-08-22,0.71878526110814,0.85106538102013,0.8806304354833899,0.86845834555597,0.6729139629552899,0.40638241066984,0.6450490763347501,0.65111354247386
2019-08-23,1.52317486399789,1.32079591140455,1.5125348654679,1.08356791461172,1.0736484905247101,0.37122043609095,0.56432593553917,0.70751186218142
2019-08-26,0.75264593919943,0.99973833061218,0.91455127833504,0.0,0.9030224333111501,0.87747227616488,0.59313625726767,0.9882281010284399
2019-08-27,0.74492238330472,0.7066695518867899,0.68718973583805,0.70022391654141,0.49790262961905,0.39170147587080995,0.5408018960817,0.60138299145565
2019-08-28,0.62438587078675,0.91991989448558,0.84431277233726,0.85604314894892,0.7955011682602,0.31036603420476,0.50673803201881,0.47358897623946
2019-08-29,0.654413652153,0.8330620624763099,0.9095869038641899,0.66959609349795,0.66527798993093,0.49068415681949,0.77088477348895,0.82182501675328
2019-08-30,0.5621875590494899,0.58619978490353,0.66066407092503,0.53720873984945,0.581632017852,0.37855943152314003,0.48729996383313,0.9225764414834
2019-09-02,0.0,0.43733250413436003,0.30836766484457,0.67392132253837,0.50031957022784,0.30660434974271,0.42060363563022,0.6272348872567
2019-09-03,0.7860287474357399,0.8192114185243999,0.8448669089506601,0.7788372317936599,0.7470089677206699,0.32768996091991,0.46074707358732997,0.66725089221723
2019-09-04,0.35580610470031,0.47040473737058996,0.4425507358581,0.6275900611884601,0.37242408984617004,0.39324134755369994,0.64084551594196,1.33576684273491
2019-09-05,0.46335066472421,0.54139430184127,0.5474001829369,0.5975470248764201,0.81120442628363,0.65919322529206,0.51752279855381,0.75393425149491
2019-09-06,0.39113588167988,0.50842232080993,0.49626057810007995,0.55823580593721,0.46056335214767996,0.45078930917656,0.44188111746757003,0.6348607146473001
2019-09-09,0.36566534819671,0.37782740630772,0.37666009241141996,0.73083432394782,0.37747730212379,0.52092461997172,0.0,0.57444189583936
2019-09-10,0.6265346348740499,0.58180580779669,0.63136368119755,0.73658537056916,0.59519861785353,0.37950795975597,0.46454719164805997,0.5935403042173
2019-09-11,0.38890583338714996,0.49648706939576004,0.37320233104555,0.6756450482579,0.42045874169321,0.50641793793753,0.58918353114342,0.8849129420977
2019-09-12,0.57448452670926,1.02819361615553,1.21446766250361,0.7173233962127901,0.5517455611209799,0.45478196985816005,0.0,0.6444878396329
2019-09-13,0.38585902981435,0.38365829287561,0.45706913991541004,0.50518651093423,0.30029049099581,0.47944920479495,0.0,0.49309681287023
2019-09-16,0.37983515850667,0.47251004607551,0.55811049803055,0.49974704730313,0.44456260979211004,0.0,0.55733614470337,0.49044179789666
2019-09-17,0.31243887256201003,0.60768550333792,0.48447665982582,0.61191287764105,0.51038700680295,0.51765102890492,0.3892735867288,0.51235775699926
2019-09-18,0.59479174564957,0.3392673038003,0.43174604598497,0.53013778456753,0.39533328559278,0.37057045480085,0.56221578319499,0.41092645064331995
2019-09-19,0.42691091398039005,0.53245907943616,0.42208914621927,0.59319854766533,0.39262828117179,0.9439045831842701,0.61585084572008,0.73251752748057
2019-09-20,0.76599158133552,0.45715734160854005,0.5990709451899701,0.73938712842051,0.46451799668162,0.42293279222650004,0.45134011701292,0.4917966006643
2019-09-23,0.37500807581161,0.6267284508777899,0.5384508394053,0.61076937808191,0.63387068591199,0.0,0.40426699447082004,0.64302283713022
2019-09-24,0.96183155101634,0.36024955405428,0.37290419103694,0.52809366681445,0.40748813714012005,0.0,0.52601571143029,0.67788551683596
2019-09-25,0.49840925477553,0.6046572088062999,0.66203290694868,0.7776750993838001,0.64572035989512,0.5500050971083099,0.69618876177933,0.85374496167415
2019-09-26,0.62600713336545,0.48986893850859997,0.56026490610821,0.6014201908832401,0.57323978374523,0.47077303509597995,0.51503556131679,0.5098744007790199
2019-09-27,0.8431995901469499,0.40502276657575004,0.45838393142364,0.85207987875517,0.36503645151643,0.6443844344616,0.48853963101629,0.60982282327982
2019-09-30,0.39300886398,0.46306078543451,0.49455024623334,0.40426476726609,0.35349435347941,0.53690844344024,0.54573621844905,0.64799580607122
2019-10-01,0.8277281305401901,0.78642096402826,0.74249947299229,0.738690945504,0.75217659055926,0.34838926343225,0.57164771417533,0.0
2019-10-02,0.8557238912148201,0.74912996919416,0.8750119982858,0.97569568770956,0.70106722760916,0.323957230614,0.49776526727436005,0.56917507932716
2019-10-03,1.17487403696907,0.0,1.37075522045002,1.07892100962025,1.17613230307521,0.51655201231501,0.0,0.83591634542593
2019-10-04,0.49482566732383,0.8237323198799501,0.79999589624724,0.8066353040590301,0.83245127825359,0.41418498757775,0.8837995389134601,0.8527727473145799
2019-10-07,0.62256712095353,0.653297970967,0.49968540100073,0.66603691542702,0.5323198169539001,0.40340999697056995,0.60894362081175,0.0
2019-10-08,0.84250855801701,0.74251239918819,0.8525218322883501,0.7565798915244201,0.70596539643098,0.43005086450287006,0.59520941468401,0.74077988940468
2019-10-09,0.6158033280979,0.97675571003195,0.8159222959817,0.7385855514097299,0.75538630853387,0.38805679520711,0.0,0.6381379130984499
2019-10-10,0.7101425927083299,0.86800411416202,0.96567144061376,0.77129802359486,0.83671302874593,0.82208023405513,1.01060659572308,0.72982512802386
2019-10-11,0.70088598311016,0.74770343998835,0.6686503885143701,0.95804222394088,0.52005182448052,0.5154887023892,0.46052435855772,0.66491406381669
2019-10-14,0.3964639870208,0.66294602063495,0.71556983348785,0.64554504354812,0.62246454872683,0.0,0.58545359601378,0.62469559778373
2019-10-15,0.40729917209427,0.6805349111381,0.70368032717605,0.75453393470434,0.65081419474507,0.40126202327426996,0.6064587845517,0.5182600459797699
2019-10-16,0.33448912474104,0.69269794531083,0.70322967691342,0.7882372464727699,0.64042696237948,0.7280756299446101,0.5979895752175,0.8060633457484199
2019-10-17,0.42123458838724,0.79814721827906,0.86311828162136,0.70721187399161,0.50799189867095,0.39565019539876,0.5591029328908801,0.61760758831899
2019-10-18,0.49201991773346004,0.66275351303117,0.71772430891304,0.6048704985431,0.53562790291298,0.56689299347378,0.70586667313145,0.59195381337455
2019-10-21,0.28220997660108,0.5940406909360499,0.55167380298951,0.5603773683087401,0.60962811821368,0.25843494010739,0.5290702012823499,0.55364293856407
2019-10-22,0.38734151129364003,0.5013494547466,0.52011021775422,0.5881687914591001,0.5653067320074501,0.0,0.61562443743089,0.47605146402214
2019-10-23,0.32415930383277003,0.64060410751321,0.8569000031118099,0.50847617641967,0.65933005585301,0.6145277689078801,0.50951380283214,0.73806590568687
2019-10-24,0.39532714663879,0.55999027163861,0.55114963012441,0.61917802351608,0.58804770205295,0.3160633988051,0.65481824682546,0.46272561545110996
2019-10-25,0.36700151841668,0.37333237494174,0.57227392480558,0.36928928977095,0.49958344177434,0.26380094802114,0.51071799757844,0.44283788582719996
2019-10-28,0.34164681392948,0.41724363590846,0.36688063029694,0.5312819853649,0.32628249600545,0.24905520670987,0.58857308807095,0.6286941223431199
2019-10-29,0.35342927429605,0.38333420086640996,0.42599335706982,0.50218106602228,0.70384608354768,0.3381689516975,0.49375781841958,0.51708294066433
2019-10-30,0.42091270047516,0.4254576338712,0.45495290846472,0.43379327212533003,0.44992429929964,0.38163243802882996,0.69745924815968,0.50141097172747
2019-10-31,0.58050347607576,0.7950625252395699,0.7730617501842699,0.84380859358568,0.73009780104647,0.43444322581223,0.453475977179,0.63598857572439
2019-11-01,0.33467625382627003,0.51780838349433,0.5309087220234,0.57740858404021,0.20023882052226,0.31177331885077997,0.62861921539432,0.47692651604201997
2019-11-04,0.3010901536748,0.50515859142889,0.5119161445869,0.50298588847951,0.41772545251425997,0.0,0.51689177558222,0.48350672080812
2019-11-05,0.30714448380743,0.43457728456701,0.37964398315469,0.4291603785161,0.47487215199656,0.51117680348309,0.48859440618208,0.6101650885563901
2019-11-06,0.36966428808399,0.45293742123037994,0.33541523342262003,0.47189633864277003,0.40523422864899,0.29941543161897,0.68208326883292,0.50540021095243
2019-11-07,0.45629695622062,0.49584310476858,0.39089131645345,0.52546666657619,0.48277890240684,0.30768431828959,0.62066563074875,0.78883424259664
2019-11-08,0.3335787812024,0.40585749015220995,0.47930035833324003,0.54526196820649,0.40520392559271,0.5670618294518,0.71452207850546,0.5728447195316
2019-11-11,0.20900644171076999,0.49547169934125,0.39322758446902006,0.83602125107893,0.46693012308723003,0.32009214241233996,0.59038033558172,0.87272730885353
2019-11-12,0.33374356573732,0.36030288432273,0.35417384867803003,0.51202904441493,0.43634467018116,0.34582697467654,0.61944889825933,0.72010066317801
2019-11-13,0.39428485672713,0.519904760797,0.48968581018082,0.64827469100477,0.45199645021065,0.45719842374916,0.5121188959837301,0.90218898703893
2019-11-14,0.31895726355091997,0.49557039391331,0.45984642683446,0.50105286662726,0.50401588240615,0.75092824616678,0.8766803479200801,0.99551487353162
2019-11-15,0.25014853392149,0.42147807956169003,0.6827728325529401,0.7970511748651401,0.5083560625965899,0.5414992950298401,0.74319171468643,0.53522585186867
2019-11-18,0.0,0.6166274193069701,0.49178254817509004,0.47132723052002,0.0,0.44802010044302,0.45491696828937006,0.70099323076441
2019-11-19,0.34028349061387997,0.70086573314603,0.41328670888025004,0.6587493183179299,0.47100978895017,0.48664825210428997,0.77653654978328,0.5929232949916801
2019-11-20,0.5301920396569,0.54265549722209,0.7777290277903199,0.8049560864810601,0.45361403512831,0.62141070625231,0.6309421631532199,0.46756041872462
2019-11-21,0.43375243253781,0.57015829367701,0.89921491647105,0.81125119619678,0.72019481503628,0.94891520952224,0.8004124967298999,0.71054073141416
2019-11-22,0.30828883463294,0.68247222720541,0.5866658517954499,0.7253366844216,0.49634844954333,0.46843949469463,0.61157061408289,0.50726504114272
2019-11-25,0.2898801432583,0.38389848030051,0.35730036640108,0.58259813640282,0.34646756870761,0.32151934412528,0.6788876364902701,0.63671852708443
2019-11-26,0.24163393229645003,0.37195710073188004,0.30171185878786,0.44980243211506,0.37659135444127,0.57756106722516,0.64831189072222,0.60782571304868
2019-11-27,0.17377497536225,0.5078523371228401,0.42526490065619,0.47622980757687,0.53856054721055,0.36951951290949997,0.73039989446086,0.46880209868035
2019-11-28,0.0,0.29303495243676997,0.28749853041629997,0.62449397960723,0.32598842275701,0.5102320940126199,0.52637217709697,0.42630771612366997
2019-11-29,0.20161061028275998,0.45275506698791,0.47700841947541994,0.61578239126465,0.44536527058555,0.45742804857674,0.72310865648805,0.8239687924159699
2019-12-02,0.61434282384441,0.83143198970433,0.83540835120733,0.70365298135908,0.71144918799149,0.46741117140008004,0.46694157335310005,0.5228723923702401
2019-12-03,0.66854850232034,0.86230015121506,0.97557075198124,0.90588953855743,0.83321423602706,0.46477246425250995,0.58426275621765,1.01702537887852
2019-12-04,0.36781561485718,0.6661544504533801,0.72262458675277,0.63025576389343,0.5803326040157301,0.5952669826634,0.61338684576245,0.57432686058503
2019-12-05,0.40837991618947,0.6185850388392,0.59308532578392,0.6810864852342,0.52418530916498,0.5120944878019901,0.56392145281166,0.40582478083103996
2019-12-06,0.31428804468701,0.61788165433303,0.48637110260647,0.5607617916524701,0.49266318553533,0.26996677123588003,0.57554236813183,0.55304037728188
2019-12-09,0.24461230128915,0.31644907150639,0.39432409976718996,0.39738706599513,0.37901361568222997,0.46566507211832,0.60142702929034,0.52487714302831
2019-12-10,0.45085213208254,0.8865912220049,0.8168513419126999,0.80478270794731,0.73334536991584,0.323919854569,0.55322156019275,0.35468363802468
2019-12-11,0.28965051995679003,0.71961778979835,0.54049075812547,0.6561814852415501,0.60013391277563,0.26391918362772004,0.59108240437474,0.40699379513399003
2019-12-12,0.9073099245983399,0.93199946504036,0.85140544848124,0.8609179332348701,0.7206313570004,0.31749079390177,0.5365520555811499,0.46457548171849
2019-12-13,0.67179953289867,0.8566004379361499,1.02708884976714,1.80314987202062,0.75494027862518,0.49971413606738996,0.50488142611617,0.47357539288422
2019-12-16,0.0,0.38270827909768,0.42643308080131004,0.8709120829136,0.41206659608797,0.37474842576374,0.45997215195970004,0.53993143698121
2019-12-17,0.23530492444122,0.55728140776739,0.43636788587783004,0.55923544870864,0.42954644359953004,0.29989137139525,0.66919427639729,0.53898326759274
2019-12-18,0.27269506090222,0.48759282509648,0.35464418109108,0.40049386243246005,0.36399261047352,0.27157219579504,0.7434670065051601,0.48129090677006997
2019-12-19,0.27776896716514,0.60725581695362,0.39216130547799,0.54173992201954,0.52436745296853,0.36091729719946997,0.49151645745952,0.40503116942383
2019-12-20,0.21704256525263999,0.66380425657681,0.7512559634159399,0.59399144602604,0.42846184377931,0.49166531011888004,0.58628049193059,0.5437538984947701
2019-12-23,0.14169253812207,0.34560219002451,0.35543260056091,0.38616015695375,0.49794852126225,0.29422384830849,0.47409419180439,0.4212535488844
2019-12-24,0.14038545031815,0.0,0.21132827126627,0.23589536472084002,0.0,0.20277129613984002,0.51791274114319,0.29351092377225
2019-12-25,0.0,0.0,0.0,0.0,0.0,0.14368884917049998,0.0,0.0
2019-12-26,0.20108193341617,0.0,0.0,0.0,0.0,0.30584245365863,0.49919619105477003,0.0
2019-12-27,0.2837029912943,0.36592960212295,0.47597214990806,0.43051308403837,0.33744173721379,0.24374189452166997,0.75134543318301,0.50840580763486
2019-12-30,0.46834209595161,0.38316773488048,0.47834876068296,0.54962886551344,0.44063504186440006,0.65040250438536,0.52120779772451,0.59149518736462
2019-12-31,0.31708115837475,0.0,0.40357862086321,0.71477287012667,0.0,0.0,0.0,0.32786061957685
2020-01-02,0.39189518001591994,0.5625034820116299,0.48939057126275,0.7660204288525,0.6554064510929201,0.0,0.8925090983792899,0.5777648538028299
2020-01-03,0.57780655063787,0.70283523857868,0.8019046061288599,0.71670133120423,0.56193337190311,0.0,0.86556173507625,0.65956926009435
2020-01-06,0.32529517519305,0.76695374894391,0.61804635776373,0.69009830105677,0.0,0.44382903680062,0.64004916221274,0.64638492708769
2020-01-07,0.3447699392877,0.7423867436982501,0.72927340377352,0.46935052258897997,0.6704208590383,0.44791957307555,0.61568403397352,0.53178385149661
2020-01-08,0.49492146806851994,0.8453648657020699,0.68113600418147,0.6552381572212,0.55253191840754,1.02715277348892,0.82615629354703,0.68144243309478
2020-01-09,0.37055530418591,0.52625480619417,0.42352674345,0.51413933860477,0.42466750348403,0.40029523404736006,0.58667446748415,0.49888899718696
2020-01-10,0.4005849437863,0.38481307336386,0.44731624373551004,0.5739731100597201,0.40307306512605,0.50816536354121,0.76612993283078,0.39035378159221
2020-01-13,0.23661305919087,0.60465133288391,0.51241280682728,0.48983912365822,0.44818721688252,0.0,0.60408331733595,0.5738029156784
2020-01-14,0.38894459236182,0.64002783082655,0.73888766213351,0.57650193542062,0.66691268876827,0.47120349946394996,0.6655602854993,0.55089678786822
2020-01-15,0.40533447985442994,0.48397089693968,0.50031206053868,0.39089932717874004,0.47795375857894995,0.34357915667832,0.56905634245277,0.63159432552295
2020-01-16,0.26436979519139997,0.63287200659446,0.5439229049508001,0.48465652856468,0.5449107089996,0.33070756418046,0.58116598708911,0.66571956312519
2020-01-17,0.30481643319071,0.46231513022924003,0.39681002119213005,0.46390934807137,0.54616624610906,0.2753261131914,0.63811227046677,0.70362943623297
2020-01-20,0.0,0.24166982737889997,0.27469745870663004,0.0,0.41925541011677003,0.24701275439291,0.67395673226063,0.6035217777221
2020-01-21,0.3411832663463,0.45567288504558,0.6952907432150001,0.96313791775374,0.6627496976999201,0.6026988292843599,0.568176305155,0.92888850970615
2020-01-22,0.35213205244609,0.4816879811122,0.5243700541434599,0.45868410608657995,0.5678278603508801,0.33330952193377,0.6883099443170799,0.7075863957381601
2020-01-23,0.49663790237333,0.53458556736493,0.72804793884233,0.57234765144475,0.56754911264358,0.51906739536951,0.72636737319309,0.86879782058165
2020-01-24,0.7358538759879001,0.46241958597967003,0.53734706240283,1.09372174082716,0.52586595679311,0.3577992292301,0.0,0.49885598745460996
2020-01-27,0.64604303462283,0.70207728123043,0.77906551496071,1.6517305407565699,0.70488933573117,0.54408386981624,0.0,0.0
2020-01-28,0.45264898633804995,0.74848740060245,0.80606662296441,0.6949014171429599,0.92933328707111,0.60429852363497,0.88319972213723,0.0
2020-01-29,0.5053502477623399,0.53680544504305,0.6694004708885,0.56049405521303,0.64508641341278,0.41658565303439,0.8074044207357001,0.6087544863065799
2020-01-30,0.72819615016504,0.74464609311698,0.81686639248402,1.2076948353830899,0.7406676677775,0.64967036208171,0.82368057469941,0.94110104404041
2020-01-31,0.9274306595948001,0.65626277213287,0.8154766028762099,0.72402463339933,0.60358040833917,0.7667313769802,0.86837171308532,0.8969952575033799
2020-02-03,0.66839461817961,0.58758664851079,0.79070181792601,0.66999755309365,0.72164910564419,0.71047625027454,1.60013091969532,1.06481569699925
2020-02-04,0.45757910759112996,0.42303550640413,0.51123480299995,1.16877512362344,0.56559214247148,0.55170531591433,0.99906357022686,0.83182022536661
2020-02-05,0.51007994085156,0.92921020440153,0.92090803201177,0.8600336610551601,0.6449648675961299,0.55214838829152,0.93964029532941,1.06555407714343
2020-02-06,0.44047528459186003,0.53858551195223,0.66754117847908,0.8082571569076401,0.68534176272125,0.6123673488897999,0.80916056229936,1.04068411088668
2020-02-07,0.5289929145280801,0.50884028108668,0.6032074453059899,0.61133678200439,0.55655551811744,0.5950723673004701,0.78680828191314,0.62521875388232
2020-02-10,0.42343600894272004,0.47119477805862997,0.45524861981104003,0.49998996767816994,0.5306124130908599,0.56925231478851,0.77226223649231,0.57194292747514
2020-02-11,0.4814997383043,0.43366315689576,0.37760754901583,0.84856156971673,0.43238938988741,0.0,0.60671266018713,0.47161215837461
2020-02-12,0.37801769585626,0.37980997086829,0.42011379592039,0.53825806992694,0.42303070517701,0.59790877302234,0.71207775836153,0.64072666022298
2020-02-13,0.50131305123083,0.6875446428684701,0.81776820681224,0.9451150334270001,0.70667189082028,0.5052513321519501,0.89551751178853,0.65185051219891
2020-02-14,0.36170778022093003,0.38513456017853,0.42944943754737,0.6930525085856301,0.36501482138699,0.43281853142637,0.74798423308936,0.50837269331923
2020-02-17,0.0,0.3328613153806,0.35492673592401,0.44339419619195997,0.41044114695621,0.6858312331671801,0.70352204264258,0.5585404232075
2020-02-18,0.47965697518527006,0.54209732386417,0.6786353166246399,0.96057532676847,0.89228811503907,0.55013349822006,0.69438363488236,0.58579014943102
2020-02-19,0.24694816098991,0.40703602966339997,0.36619224955383,0.6979997337375,0.40125884376143994,0.45302433853311,0.95025547493914,0.46999769240094
2020-02-20,0.94577428555982,0.47178957820206996,0.50210920300478,0.52173405575223,0.52300432314649,0.90920392842911,0.8966674282008801,0.71190943977247
2020-02-21,0.74495406389705,0.8532520157998401,1.10156589599714,0.8506196957998501,0.72863331063722,0.6960665500353,0.8840929522769501,0.53472665849136
2020-02-24,1.08963051549825,1.09542582863058,1.0704998122629399,2.0946769883058303,1.4483487368158199,0.0,1.0130542690404098,0.60700618896296
2020-02-25,1.5687496911977301,1.25850478383278,1.33296437672692,1.10487558965297,1.19539735517985,1.97790704537447,1.1149325395099001,0.5672619707639399
2020-02-26,1.66121443160327,1.92609119143279,1.68405783341992,1.42666686189733,1.6431983898589302,1.14474107835396,0.9713677950012101,0.72928887085647
2020-02-27,2.68189964100281,1.71718046137294,1.97478727920705,2.42163421897197,1.8909277182102902,0.9997437075208899,1.09668508973086,0.71507725810774
2020-02-28,3.7478864878260296,2.60118218475888,2.57606306802356,3.4715177723546202,2.24424444877914,1.81267121530712,1.05404597281,0.87918259369158
2020-03-02,2.50480392262667,2.58184265727832,3.25074837651224,2.9864639427912,2.26629514303852,1.6904200416952502,1.36278884816687,0.96285990248365
2020-03-03,4.29405932745415,2.80463066271478,2.68404223103829,2.7057323297549196,2.1159476617657598,1.29930418179116,1.04042443013128,0.7783131218603699
2020-03-04,1.63463465132273,1.54421589553565,1.45573471310263,1.29496668692943,1.4479177298272101,1.27617051896131,1.39476955786825,0.79097177644841
2020-03-05,1.9132732678984898,1.41389884910166,1.45699932400773,1.33357273090596,1.2755623721868699,0.89602184424304,1.11074059285235,0.81881971323693
2020-03-06,2.35696935374603,1.99070704726185,1.9675440386791798,2.28452764982895,1.55043721891213,0.92434686579506,0.8818981662228701,0.6139402924406601
2020-03-09,4.796297024753359,3.40508448684258,3.34823110718674,8.16572541555892,2.44445270693073,2.13687371155269,0.9158199077684099,0.97724789091162
2020-03-10,3.30627429597031,2.8039343640985903,3.29697659099287,2.99865191700887,2.48650001723969,2.99228352234877,1.50667107721625,1.08421027907597
2020-03-11,2.28729432787103,2.40367228421887,2.9652542581760097,2.48420748071915,2.0157156837651904,1.90735517702052,1.36663015944182,0.9917512726223
2020-03-12,6.44440758443435,4.442413461222619,4.52162415278514,4.99609162305586,3.35854266329147,2.33853231349622,2.32755161391256,1.3708139045249699
2020-03-13,5.12702577593345,4.29982021667197,5.1668700475914795,5.8938180755623,3.7469800308465704,6.204045397833649,4.24051189139259,4.86633153379853
2020-03-16,6.41954650149229,5.27282325252127,5.66261319923363,5.46114544358562,4.2636830903327,3.78579866424497,3.1028061739493102,1.6947055071973398
2020-03-17,4.76658277679104,5.583516912522421,6.6042175099445295,5.00050547412529,4.5326857712128,4.35563683646295,3.10422670182639,2.24055921400595
2020-03-18,4.98778622792226,3.5951910341532596,3.93636092143212,4.331076547178539,2.75355919951796,2.64105193837607,2.1478994675396197,1.9895065920946298
2020-03-19,4.56909748134847,4.053728179430379,3.94916197452624,3.07693331336917,2.86486596808506,2.7355790039426697,5.10652409309963,2.7969404614868
2020-03-20,3.9225721752364198,3.02797538487633,3.77886356162312,4.53617928967165,2.07455767070404,0.0,3.4610339735914097,1.69479018596078
2020-03-23,5.34825163684395,4.1299371830931,5.87787858365694,4.87036399722392,2.73457379763172,2.37293387890307,2.94012971694396,1.9476478487970998
2020-03-24,3.03952608796634,2.2853338809791,2.54143165609189,3.5026877421501603,1.78908767982343,3.04365346871666,2.405866776779,1.49544549029177
2020-03-25,3.63910182364151,3.7848218411709897,3.80335604841855,3.5870518444453796,3.04405083013671,3.03086419303389,3.18618383601825,1.49490544880504
2020-03-26,3.30565541852383,2.78442022793597,3.3025701103171103,3.1725267117115,2.35444874639351,2.71488687437985,3.3640311986840996,1.7934183807184998
2020-03-27,2.38724995582155,2.3110532321523802,2.18567606948856,3.28481603376368,1.71687674409987,2.8818196078785,2.36796655215904,1.01163496937778
2020-03-30,1.86039377562869,2.3772585571029,2.51154614676676,2.31745709314261,1.9794389021892,1.65375313316226,1.7741218225662998,0.0
2020-03-31,2.00696378473304,2.0785227059228797,2.28492972953611,2.11896636696904,1.72504651082166,1.7824640380922099,1.8786575080807,1.11875893060212
2020-04-01,1.79474890535138,2.06408685296985,2.06950485171091,3.3606628042569198,1.46482480846038,1.9083134798192802,1.50384443536357,1.0918155329157
2020-04-02,2.7526884823305,2.27015310170878,2.3114517383884503,2.37856857862791,1.7751959984852301,2.13778392544616,3.0579273650803,1.10375847818442
2020-04-03,1.9069453390338598,1.44586324511345,1.50625491259315,1.53977869774945,1.37434335710804,1.4161433937409,1.45406603593612,1.00416526558878
2020-04-06,1.54189337275344,1.37345686049107,1.34179586788639,2.7405556435170197,1.12390533006432,2.1911532624497,1.4193305998110501,1.13367552579298
2020-04-07,2.5417152954113402,2.03550197460945,2.48987971810708,3.42497638071768,1.5510621585549,2.2000232715512302,1.82569797608476,0.96461379381142
2020-04-08,1.49027375448506,1.46540464819004,1.8388629761469402,1.78176362644908,1.0428347374843199,2.17473622016648,1.42916003379817,0.94447428940116
2020-04-09,1.883515388304,1.78992321445083,2.5440127953434097,2.28077470959365,0.8280909757336099,1.1293110947843301,1.1514324734177799,0.80577681132769
2020-04-10,0.0,0.0,0.0,0.0,0.0,0.9440810296905799,1.23503819134025,0.0
2020-04-13,1.67251120715139,0.0,0.0,0.0,0.0,0.9757498010074901,0.70297817152216,0.0
2020-04-14,1.26873756276347,1.12522295338168,1.4177211576985,1.4006276823885,0.9267719996674201,1.29672369980038,0.91091030901457,0.8894969129453201
2020-04-15,1.42621706493717,1.5678855600786,1.56046643756922,1.54716805082253,1.16374569794177,1.24958236460547,0.0,0.72182041697049
2020-04-16,1.3615835328319,1.5074435019674801,1.8225997514539498,1.52677530104203,1.15847571480242,0.8332782583312499,0.98536414484358,0.7858928551508999
2020-04-17,1.171081507709,1.34898659975738,1.4619273062498601,2.8670031008917602,0.8783313074046801,1.19861531796986,1.0865109520791698,1.2011166509232098
2020-04-20,1.28929473911437,0.0,1.28226661627018,1.1962557522269202,0.97786197400862,0.81711355356816,1.07865721033978,1.03203267102694
2020-04-21,1.67544467518656,1.48070543010451,1.5145538292282599,1.8758459314160099,0.97468163694898,1.10407062255093,2.14216764104843,1.11727817872989
2020-04-22,0.9157215645993699,1.06298622637125,1.05123202792485,1.23504128088052,0.90273734183448,1.1519310860259802,1.09999869741831,0.9456184989677501
2020-04-23,1.39224669463784,1.22072281556133,1.47216682648978,1.03852828583722,1.08029237078209,0.8686289147225299,1.23165939433919,0.89584838604817
2020-04-24,0.9394334446603301,1.2458515795479,1.83034950908235,1.75349283171588,0.76474008271451,0.66154624661659,0.99207102263967,0.74728411552037
2020-04-27,0.72414469017908,0.9435385173736099,0.89868668117593,1.60309488630149,0.75230296461577,0.89987030377882,0.7388896797400499,0.6594998251822001
2020-04-28,1.21782542997508,1.33637109155129,1.25052990214308,1.16612207473017,0.8067460814074701,0.77641502311582,1.0467181463311799,0.7720135557896399
2020-04-29,0.8291496348799001,1.3101359834024802,1.21307751131327,1.05961177917811,1.08800947801754,0.0,0.9343768972937601,0.76301953214296
2020-04-30,1.2808838848150899,1.65151519735241,1.85819440440686,1.55607813146994,0.8996295563708401,1.13421703604821,0.0,0.0
2020-05-01,1.17636989521026,0.0,0.0,2.35912379928989,0.0,0.8840765208285399,0.0,0.0
2020-05-04,0.0,1.45411939030706,1.4336489629295501,1.39096757760524,1.12854877093327,0.0,0.9064175104931099,0.8466770220918801
2020-05-05,0.93475105380305,1.5550519665696,1.69255229809244,1.7035534912432302,1.1084409919982199,0.0,0.0,0.57895758205618
2020-05-06,1.03744032447702,1.19746332369847,1.15409878588663,0.9135451394390001,0.89706523548056,0.0,0.79647822910499,0.7080049855344
2020-05-07,0.8323605899303199,0.84566531411687,0.83144567984113,0.80561370285436,0.6675433848443,0.7189698486350801,0.6942911824304,0.71034226030498
2020-05-08,0.59102050057975,0.9016236695364299,0.9187119798569,0.0,0.7186210451631899,0.9641180112337401,0.62085564568354,0.56613795096271
2020-05-11,0.7853065409675499,1.04393860172377,1.1195575498682502,1.30821339625345,0.84397280051451,0.7018338511411301,0.81488798852315,0.8619594965507099
2020-05-12,0.96202800813035,0.91369780650177,0.9805774425266801,1.04102970975568,0.91744557868641,0.7655015961064701,1.03883109606278,0.8621491282804501
2020-05-13,1.7481351024703402,1.31530282168328,1.40396792737298,1.4002224637613798,0.9807143779002899,0.73857246948648,0.89658505528998,0.8437765207877901
2020-05-14,1.5898034256916702,1.53605646006746,1.62478475853141,1.82404031499032,1.16802646307478,0.78609581216486,0.814666685839,0.80435158543656
2020-05-15,1.24045159179953,1.31870273471696,1.91378287931625,1.79796200823543,1.25689945772006,1.06584998531359,0.91806825041205,0.73554291804161
2020-05-18,1.03093145961552,1.17083323222353,1.21473642137749,2.5405872228587203,0.87207386490968,0.71895333298535,0.5748509498262601,0.70104141820273
2020-05-19,1.17246053739049,1.46726050331459,1.5631127073848499,1.33067417704973,1.30028480382337,0.98682387928691,0.71427005871522,0.70097748314674
2020-05-20,0.72002010813312,1.08103940786726,1.22775209268768,0.8937415436241201,1.02760648852418,0.54295723545815,0.5795682027642,0.4842724412833
2020-05-21,0.9972538126587299,1.2166746745424502,1.74656606374737,1.33825880577749,0.0,0.63715105881484,0.64589057059789,0.82098421272016
2020-05-22,0.69256704441321,1.15419305603395,1.86720323700662,1.9637473428177998,0.86871817176417,0.88088786583751,0.81480577172525,1.29936427477593
2020-05-25,0.0,1.0971340856440401,0.95146190942149,0.0,0.69169789950333,0.48031440600236003,0.69699762321782,1.61948633531993
2020-05-26,0.73716615861477,1.0438578978989401,0.97401411058373,1.92591010941736,0.73422481958132,0.68012389932731,0.74352234489848,0.8679140123111699
2020-05-27,1.14511739154507,1.33405748797531,1.4354501125260302,1.26650051896554,0.92064679158221,1.0993151677580901,0.81576376360804,0.89566664369928
2020-05-28,1.01973532577723,1.0387419368717101,1.09833537430012,1.24106777262605,0.75315162232361,1.2409342567694701,1.16216298931647,1.60198575089886
2020-05-29,1.46295772949289,0.9542918811562001,1.58311842474118,1.3161269858794,0.89416643924105,0.7474121498980799,0.9707792656578901,0.8364995193130199
2020-06-01,0.5712932711298601,0.0,1.09029253795437,1.7258194254750399,0.68391321580294,0.77988225503362,0.68087880174723,0.9367437145463
2020-06-02,0.66812978853793,0.99959749372502,1.05773980558358,0.8387920860476201,0.6579493363252,0.74083363899918,0.71813903707216,0.91861456443286
2020-06-03,0.5800230333799,0.96658178426734,1.0543955132079201,1.1340433533022398,0.69038361780996,1.17550948814928,0.97447904892381,0.6749808157664899
2020-06-04,0.81170553321057,1.44189427775374,1.5879707143707,1.11232813082651,0.85097951156721,1.01907251800693,1.53487032902489,0.77207002659393
2020-06-05,0.88159634959026,1.3723736576435699,1.34611036565543,1.14785422981666,0.75685291849161,0.7521849712516601,0.9500666430527599,0.8509485998325199
2020-06-08,0.6339300518386201,1.04292601054676,1.5504880037742899,1.23511580497214,0.8547007298017699,0.7058077366938,1.23692315886436,0.7701526256081
2020-06-09,0.84415993911092,1.56993021927122,1.64129213458055,1.22780208741433,0.9556285284724599,0.8006258665031599,1.1788764780646,0.8325739553716901
2020-06-10,1.28567682577388,1.08430457643136,1.6384840793812998,1.17655189170473,1.14160702706623,0.64400676932995,0.7851554750663801,0.91033908691982
2020-06-11,1.7167211861973901,1.4389643706228399,1.72239325962249,2.64329214511563,1.15413802998298,1.0577860657529,1.07417443476141,1.11787161754693
2020-06-12,2.31752223152378,1.93517692948991,2.3741499927018,2.1368577384746503,1.43827697357011,1.8735307214305201,1.3512855496762999,1.08774668931465
2020-06-15,1.92929312802642,1.7439724047429699,2.2688010513606,2.63111879534581,1.4118639232280799,1.25318841349016,1.6652087520788499,1.2675896255882602
2020-06-16,1.72757066543774,1.6190786793763199,1.6285196164360398,2.4186303654911803,1.1536212014556502,1.7622809218200701,1.27992596091922,1.00073818498996
2020-06-17,0.8852404227285701,1.35092304802383,1.3313729244539199,1.05247422304871,0.8417452161329501,1.13232918586292,2.00110568748229,1.1829062659298
2020-06-18,0.86228484969207,0.0,1.4530449880303,1.14038463309841,0.99189268990034,1.03923882323121,1.07111886788068,1.11985470769426
2020-06-19,1.35859144975191,1.02042460051049,0.96439411854683,0.89204353772831,0.0,0.7113129783112799,1.3147468283586001,1.06965229164808
2020-06-22,0.0,1.02999032149336,1.80341306435658,1.32003295996918,0.79916821326913,0.74017273306498,0.9381533069069199,0.82252476177164
2020-06-23,0.67075736350547,1.08914907174546,1.09696503675276,0.8529106467576499,0.70588430308732,1.32817139291621,1.43166883406289,1.41640243988987
2020-06-24,1.52511774352703,1.3050442022943098,1.3072248067486298,1.21800515051907,0.90531910981378,0.65085444713991,0.8236418444243601,0.71711821296575
2020-06-25,1.25929993163503,1.7252745794087299,1.74067416344759,1.5421617105216299,1.11069428654018,0.83712642128484,1.0901093056781002,0.0
2020-06-26,1.1905661577522602,1.0940613081345099,1.32221540835031,1.3364815830088999,0.67970286492817,0.52225454956743,1.04872509274928,0.54832738175441
2020-06-29,0.88636068496022,1.2377366666646,1.37343910169581,1.03498993059208,1.01140687328938,1.04293742287828,0.95292968099278,1.0694672285198799
2020-06-30,0.9019018280756199,1.0050458889603,0.9507782559800201,0.7675827038572199,0.8105804368236399,0.8023247869672699,0.9071845604242099,0.92042560081603
2020-07-01,0.8760424737326701,1.6165665579103101,1.41370267245662,1.21744542306708,1.06551737929796,0.67539212339104,0.8848482068079,0.0
2020-07-02,0.91483131714835,1.0542930328039701,1.2422744837917201,1.09846729225225,0.78969403253054,0.86437471179399,0.71939706340992,0.9721443502381201
2020-07-03,0.0,0.8560951405367201,0.86985896154387,0.69645244698072,0.64226508670396,0.5438065605541099,0.79712120355109,0.88373304084765
2020-07-06,0.81962406678732,0.8927269585309501,0.93156832725011,1.91950503242268,0.6568328619343899,0.7227224156449,0.63027110569006,1.24869281410201
2020-07-07,0.7022976273446,1.0039134536577299,0.88712868937566,0.9602672622494901,0.59610196049221,0.67945414158516,1.0224646246667901,1.62456071854424
2020-07-08,0.8527046187571399,1.1772759149235101,1.11296103337942,0.9480972500281201,0.64190817505066,0.6387453269831,1.09257912903597,1.46790028391951
2020-07-09,1.22258320060517,1.00780410054385,1.06534247081302,0.9384438554914001,0.7628717659742,0.7446654262147799,0.65734472566306,0.94419827408057
2020-07-10,0.8967621226930299,0.99640158086479,1.2070497474222,1.14158232708683,0.8118998975435501,0.67423484524349,0.85970616302682,1.0520400610765699
2020-07-13,1.2125745933566299,0.91492071558118,1.00995766798366,1.44691640534793,0.58645482842387,0.49379948130548,0.79033941410266,0.96239030837284
2020-07-14,1.40731563803753,1.34263655206612,1.18194212449383,1.26464176422297,0.87270075702276,0.44317238446456003,0.77580808936163,1.05178595662045
2020-07-15,1.0954168022205,0.8882739890231099,0.9605342347694199,1.13673004008119,0.66827246091652,0.57594639980493,0.69883893489588,1.09802762546076
2020-07-16,0.74666047589993,0.90486796369915,0.98730498857879,0.89420722418954,0.7941749620160501,0.50050100395504,0.8079979801191999,1.09478587259016
2020-07-17,0.5126125443846,0.6634630602789,0.81912552464445,0.8053770917296201,0.60865059204401,0.60412813094297,0.71743482141473,0.8335267098050001
2020-07-20,0.0,1.09880220701225,1.04720503489192,1.02038245764174,0.7721160256642401,0.54331642208203,0.66419317645123,1.14225383316362
2020-07-21,0.66949079754652,0.7975798367831599,0.8164190922109399,0.78084596981133,0.61434838529237,0.49572718516067,0.52488309660955,0.9005002829073201
2020-07-22,0.6442449148995101,0.74133581240524,0.86237840437861,0.7663749084963001,0.64694014129642,0.40090044306948003,0.85102682888446,1.04330014700899
2020-07-23,0.9061002020746599,0.7620063004750299,0.99135677802824,0.69548333169779,0.60900365298621,0.0,0.70281112795704,0.9018073955702701
2020-07-24,0.8787323423965799,0.70641245938655,0.8414284949539399,1.48564942437002,0.73016888141767,0.0,0.73021302023299,1.1281343625428601
2020-07-27,0.47249142388229,0.78768189790913,0.0,0.65382817883034,0.7079941675665999,0.53015945880018,0.7561659244036399,1.04960211095681
2020-07-28,0.57962864362979,0.9491307352324699,0.8684781705582401,0.88730801847881,0.63568408747824,0.40241812790039,0.80347756921069,0.73356860008051
2020-07-29,0.58490621147659,0.57176997009097,0.6131310579701,0.6764471308899299,0.47403808797533004,0.55556198334626,1.12465891332528,0.75402614748267
2020-07-30,0.81412087095226,1.3609130296495802,1.20214780136138,1.16688710961172,0.9677699706284499,0.43555340028469997,0.69787787515132,0.9722462366909801
2020-07-31,0.96863655943878,1.17788533128823,1.20135980764715,1.0101358874295001,0.8324820617275001,0.82783581265831,0.8043342505999499,1.02297757683587
2020-08-03,0.5025816304837399,1.20764851865515,1.17354620244496,1.0297495818518199,0.0,0.8005518015045799,0.78379637627257,1.26413671181838
2020-08-04,0.51850663914858,1.12825077728978,1.15293978714371,0.94244938295028,0.87338771820295,0.5310002541457199,0.5697662979399599,1.10167692595424
2020-08-05,0.4228439304916,0.8566810166432299,0.8876110521183,1.06441814611974,0.58905010868573,0.68530992869829,0.67919009011196,0.8478264200471399
2020-08-06,0.50597587075016,1.25732707751006,1.29284429999749,1.4983416639982299,0.8314955844971199,0.6624951016250901,0.83224667019516,1.14466581735325
2020-08-07,0.71539489105648,1.01153333688662,0.9647731991239901,0.8241324605859799,0.73893349618749,0.5824737622492,1.0421315326709,1.23938770285451
2020-08-10,0.56940783063858,1.12662391744938,1.0376868123085101,0.0,0.7289111058419401,0.0,0.77422400942884,0.8222524173021301
2020-08-11,0.9634084878497999,0.95342201143222,0.9086950444408101,1.2098212674502702,0.66842028526085,0.0,0.88427181158802,0.99911648830073
2020-08-12,0.5571723935118,0.8053783166759201,0.8356297302344299,0.7892149258926,0.6209492813758299,0.80102656809418,1.1522680564113499,1.0806564136708698
2020-08-13,0.51507946217275,0.6061028303225,0.74410694392895,1.0841720674320998,0.527058446559,0.49218693430117005,0.71322130855068,0.7851388367079701
2020-08-14,0.5776056504311,0.94711184742979,1.02384761547751,1.17893519318535,0.81706116649291,0.37656366873729996,1.1485843759110599,0.79192472773343
2020-08-17,0.29069461305514,0.92346427468999,1.0152873735760701,0.85125687555024,0.69537640889949,0.46562208980112,0.0,0.9672689838579299
2020-08-18,0.57481773079475,0.98690566067144,1.03410293595221,1.0538992706407,0.67287979015253,0.49847624498204,1.32141182102817,0.73982472606612
2020-08-19,0.54877389177988,0.79479631299998,0.8025820604372701,0.85534630851824,0.6148154061839001,0.47951714890344,0.99441167507961,0.78710421099884
2020-08-20,0.42513029549476006,0.92251130287693,0.9167974537607,1.51623302070097,0.58695836125893,0.53500393859794,1.35302528128376,0.7611407698459299
2020-08-21,0.44129725741822,1.07936124221735,1.06540413157777,0.84161700173853,0.74621993195085,0.6636273425514599,1.35885582108036,0.78171536799604
2020-08-24,0.0,0.63864078460176,0.77442530709582,1.3026792847681201,0.58515552524738,0.47272506220036997,1.6466805962830102,0.57793575396513
2020-08-25,0.43503578921898,0.81892415882787,1.1649134462289399,1.0061952372849898,0.67400093139409,0.44046511990935,0.8695732873433399,0.6904571818345899
2020-08-26,0.5176541228963599,0.855766484097,0.85235380593298,0.9352383745053001,0.64804911463658,0.5270124508849999,1.03221794564277,0.66134377593147
2020-08-27,0.8218047539745701,0.84633156965874,0.8263373108827099,0.72886139780852,0.51750832535898,0.40600522930868005,0.9149989881255901,0.81303739043117
2020-08-28,0.4460737326191,0.96258174723285,0.9957267567255399,0.96707735048739,0.8101226463608301,2.4122211356322603,0.937136106525,0.85259633819827
2020-08-31,0.0,0.8455264489702701,1.17258550959109,0.0,0.66431050981613,0.60357730330076,0.9515168131546801,0.86304964565253
2020-09-01,0.55035541971605,1.29817095241112,1.29326027753117,1.22054807383035,0.8950425061588799,0.62298331376136,1.05486766469543,0.78064148405365
2020-09-02,0.67711388550705,1.07025438445819,1.11286601925164,1.27060454703066,0.80423979803479,0.36441458990019,0.75345547732067,0.9160184277142399
2020-09-03,2.11329815035952,1.00056557595691,1.89718939345258,1.42798887095943,1.03671642208899,0.49498493693125994,0.75722883350774,1.15780076377846
2020-09-04,2.2983490662799597,1.57551442041861,1.9180729329908102,1.61428899021117,1.31225919013127,0.56105686276483,0.99283989819955,0.7752309573677101
2020-09-07,0.0,0.7877275857227201,0.94909368367764,1.27008222441816,0.65354575263276,0.5212691861489199,1.06242904523831,1.10270929972862
2020-09-08,1.6803202834361601,1.08727420253908,1.37914530776999,1.5342682159048902,1.01360808697346,0.3448958760557,0.72750212354952,1.04111021632149
2020-09-09,1.06205715661587,1.03212718696825,1.1571851390819,1.24069963419677,0.82167872685784,0.60042662846639,0.6554639908816601,0.85824668699781
2020-09-10,1.6654015402307603,0.94268575408609,1.09772788622864,0.9580319435531399,0.6976600512068301,0.43909872109055004,0.55759542565257,0.73760928949269
2020-09-11,1.29748852399202,1.05774490843492,1.00794463626084,0.8656137082372801,0.7445161478338099,0.58185467172403,0.79259220667953,0.68308274074477
2020-09-14,0.81988649073399,0.64254020249598,0.9099440012243699,0.93491113639401,0.61257626953121,0.42525007617842997,0.52666208448509,0.6626352701618601
2020-09-15,0.61433739701462,0.63466902998464,0.76010785113587,0.8003471710533,0.6137724959336099,0.44353749714124996,0.66350653736638,0.46660607757096006
2020-09-16,0.81334584636124,0.55389219900619,0.64897258219746,0.68125400304349,0.58249514217117,0.26747184135294,0.61183393793701,0.54624306473731
2020-09-17,1.1504691622712,0.69067746865823,1.30385606814671,1.39389113385048,0.5725349391509099,0.52996448315123,0.9530078863650701,0.8248278098699701
2020-09-18,1.04160826527154,0.67488889179379,0.82358969832376,0.71570023568463,0.5224363656739199,0.43230522056979,0.8139049278994099,0.68593377939849
2020-09-21,1.3205028440597901,1.36442817955838,1.35543545457428,0.26233827397888,1.0277532982214101,0.0,0.99853917626542,0.95547847030324
2020-09-22,0.8821432395889,1.01052601042724,0.98660422360759,1.02157584355494,0.93206462332753,0.0,1.08844832108235,0.80901765526475
2020-09-23,1.10795556769484,0.8372167204415301,0.95565467089347,1.30188661784312,0.75807306044337,0.52252564873289,1.5240894833798302,0.9073544761524501
2020-09-24,1.46732512227181,1.0507190782064402,1.26424190612595,1.51026275483936,0.9210846144319501,0.53388240160281,1.24884267927589,0.9463000113035599
2020-09-25,1.08099644141874,1.37220682920724,1.30748102024503,0.96065648383709,0.92502352541117,0.40236671788815,0.85400591903748,0.72442606608731
2020-09-28,0.83913909003765,0.7993848787912801,0.88913228443745,1.3193398666340599,0.59653230330687,0.0,0.6485599752567,0.78516690327615
2020-09-29,0.72518319650775,0.7981258613767099,0.89313248712291,0.82762345171782,0.37327167661436,0.50254522370877,0.69983036597016,0.77431136193259
2020-09-30,1.13077439089015,0.9584887799879401,1.142729690275,1.01155765630734,0.75744266972369,0.85774463110795,0.0,0.95999923246429
2020-10-01,0.85604019078618,1.00842524294466,1.18930737496199,1.18190250649408,0.64189393548035,0.0,0.0,0.0
2020-10-02,1.23336381293436,1.0509893607334901,1.1577909979409,1.34799788799723,0.77432353454863,0.86689033258322,0.0,0.0
2020-10-05,0.56622975554259,0.7828781508595299,0.89606247912001,1.31866281931621,0.75991555439031,0.36842786718083,0.6831791202220999,0.80646102432648
2020-10-06,1.39835187797349,0.76329932737786,0.73779702622424,0.66252305439143,0.60310963264592,0.33413240890268,0.69983127896238,0.48398633893674003
2020-10-07,0.73411857438897,0.76479510624101,0.74014936625278,0.71747362564411,0.68365185265844,0.36705624177446,0.65920066737704,0.77612384345224
2020-10-08,0.57238726727533,0.67574391567254,0.8428906761593999,0.70151776603675,0.44707564507873,0.44761702849247,0.68844613021296,0.60042869617588
2020-10-09,0.54324118995953,0.51250104321832,0.63341296685637,0.682816069322,0.5044149652741999,0.47026611381819006,0.0,0.70471088667105
2020-10-12,0.51461563112556,0.5745528284472801,0.64213836546611,0.5992045103881201,0.4454281323254,0.32050085064517003,0.66511312743954,0.89233634254935
2020-10-13,0.77131549247058,0.76633579873555,0.6711095077679999,0.7424877257999,0.56613098484732,0.46101076655379003,0.71509101665467,0.0
2020-10-14,0.8166016453745101,0.51866839663856,0.629455415233,0.71858532040622,0.43037272808436006,0.37613617943147,0.73207599098901,0.70567436221438
2020-10-15,0.7036957609279599,1.04527762394686,0.93084814941677,1.72423584888494,0.81513376332437,0.36660190284881,0.8939681531280099,0.87761414482016
2020-10-16,0.63880915101208,0.78714374588885,0.99317795679103,1.23478782117819,0.6460498400074199,0.6765024771461,1.05952013147839,0.64318362143528
2020-10-19,0.95081467697636,0.95517357943871,1.1713754748999101,0.86315880413098,0.61822890563555,0.53036397359827,0.78329606730271,0.0
2020-10-20,1.02544810142785,0.75910471124347,1.01588478230653,0.70057234448483,0.54383839761712,0.36092951013234,1.0163735455043,0.59521646526614
2020-10-21,0.9548128549652399,0.9874027939168599,1.0309907893444,0.8488037255372701,0.90906335858967,0.31772637392692,0.74599609940999,0.77244760111931
2020-10-22,0.8621888308785199,1.14660148526635,1.45612178343948,1.06664044673732,0.9625214331001599,0.41378875294337997,0.71047105859543,0.7277968235509
2020-10-23,0.58509380772436,0.83903828778086,0.81887918238532,0.62729462073011,0.5981407465745701,0.4413301182642,0.83819496152415,0.7527309199583401
2020-10-26,1.0657354706211102,0.9524615065793,1.07680441253414,1.44796297821629,0.77799876870647,0.35029133085919,0.8008201896728601,0.0
2020-10-27,0.76383766226622,1.2268644522733498,1.16545995239819,1.01306757695624,0.9166800863271599,0.54490006371488,0.83153836754349,0.8226975367396401
2020-10-28,1.41372775856244,1.6936250737049199,1.72859396590437,1.79855164563851,1.18399805096967,0.34893918044169,0.55664491786695,0.58870842774599
2020-10-29,1.25517965843818,1.76161011544353,1.9032269789460199,1.5054185658952102,1.29605882489067,0.446378938625,0.96774064176158,0.8286709322908801
2020-10-30,1.66217993945902,1.2660423971980501,1.6482706645323701,1.32029351108001,0.7769972183465199,0.8450570969230801,0.83521880177709,1.02851567188351
2020-11-02,1.07915913137636,1.10353814845251,1.20201050864041,1.11306954910059,0.9783015054316699,0.67073952432192,0.8078182782715101,0.65043082680493
2020-11-03,1.1018693457197999,0.91772322645141,0.87156986971844,1.36668759180326,0.69229127263102,0.0,0.64777946992546,0.8656140447181301
2020-11-04,1.38999499010284,1.9387757871889102,2.1232500775954297,1.65514818861121,1.4167889488833498,1.09168979127039,1.18038539424291,1.24708642450513
2020-11-05,0.97474219334468,1.0650566544545799,1.12721709467298,1.00047520674177,0.70933219822109,0.76810094263398,0.68499208408324,0.74856017117118
2020-11-06,0.95505970665773,1.1499095718172698,1.19774907924615,0.9516863091486799,0.85391463195999,0.71339399580637,0.9766215553000199,0.84309025449397
2020-11-09,2.07849832105585,2.7923183858915497,3.0555707685475,2.70096689012601,1.6016975530024302,0.65497301455234,0.66611433719832,0.65146848400904
2020-11-10,1.24492623431069,1.29893319091591,1.5089282975373601,1.35390711256274,1.07113650804274,1.20821366454406,0.78982886466044,0.90679129374307
2020-11-11,0.6153784732224,0.87344014035204,1.36173012268951,1.1239747778687,0.7759983766356701,0.6570954339624,0.53830532288399,0.79008978195076
2020-11-12,0.85798194426973,0.78016469930695,0.84839459801591,1.22037289229931,0.69626534511309,0.75230545873352,0.74635828307256,0.7854402086855601
2020-11-13,0.6071924546028901,0.8040465962784101,0.8508442919014101,0.95613199959314,0.55422577158244,0.53164817316424,0.824539525965,0.89182883462054
2020-11-16,0.7303217682856901,0.98072982510648,1.12565136333369,1.0845813886085198,0.7291043206919,0.53243943266247,0.75213058676149,0.61283671152384
2020-11-17,0.57547690732267,0.63143445338451,0.79064031348818,0.7679334962233899,0.5793187882003601,0.58067780406384,0.77286098606238,0.45264371526499
2020-11-18,0.69048835024833,0.65555751570783,0.8208908231682299,0.7643081144967,0.50848388590784,0.63601655831006,0.8083994529845401,0.65057861670729
2020-11-19,0.75115314949504,0.68882531084145,0.76485725986895,0.9094132126002901,0.48532286870783997,0.58848807800736,0.6723549354534799,0.65208247889653
2020-11-20,0.56872394707124,0.55220138793243,0.64905808082308,0.60513658211199,0.5470441122241,0.42625457829728,0.71284306310145,0.68652778702453
2020-11-23,0.79285564182895,0.8821201133704,0.9960284224403,0.7638671136391,0.49637075582543,0.0,0.71161484347863,0.64766334806146
2020-11-24,0.49574981097345006,0.55348645981951,0.59916547253984,0.9120122468309301,0.45924653577788,0.69639186984402,0.8544158354770799,0.57423656802303
2020-11-25,0.52919703497976,0.56333192506525,0.6703837002187599,0.76132945026036,0.53623393963487,0.85738196044262,0.97199841926402,0.86304426586131
2020-11-26,0.0,0.36367211827368,0.41633514113824005,0.51367884770496,0.37406495394405,0.6061936253878,0.72266300798992,0.55272757635036
2020-11-27,0.27533750642651,0.48135567005971003,0.51007920053339,0.8996583365920199,0.40887723351517996,0.73962116243709,0.6707049148426001,0.48414190286792996
2020-11-30,0.73102493090359,0.8209830670089899,0.9007166961064701,0.61948929728363,0.70898367565089,0.77558912285723,0.75712120765676,0.83777347259577
2020-12-01,0.64245313278534,0.54074274404041,0.76239172214915,0.92970229158607,0.64176596794535,0.5314843186722,0.65049652197692,0.56661512594459
2020-12-02,0.49933106019777,0.6305013436671699,0.5719208642224699,0.64722182993919,0.53844146494485,0.7369636219385299,0.8181415728455,0.8254695560214499
2020-12-03,0.65420536709145,0.48386917297544,0.47831709285778,0.56776595735959,0.53221318848024,0.59806217511647,0.8867359867987,0.62433297843212
2020-12-04,0.43025059207835,0.55869549153396,0.62308043484369,0.6685565700639601,0.38427873349244,0.43467815470374993,0.85403546099843,0.56521903027031
2020-12-07,0.44676852610796,0.69893971906536,0.76585650405686,0.8578940507821999,0.74033013845109,0.0,1.00976397587951,1.02684275459293
2020-12-08,0.36950554454574003,0.43600404929796,0.57290016264663,0.76877490484766,0.51659339528364,0.60096706671363,0.8619751843502501,0.57530591845526
2020-12-09,0.78477535798673,0.9440297310510701,0.59526334833451,0.6133494800711501,0.40412907558229005,0.73876083496197,0.8649668160139399,0.51319741595091
2020-12-10,0.810088856859,0.73401991080879,0.76953997715465,1.01938699439319,0.6154486735963001,0.45799225729737,0.9057589211419,0.5552183570034299
2020-12-11,0.61407084419378,0.7992368275259201,0.74998642460637,0.82029224039001,0.6146120098404,0.6460483339917,0.69542485946256,0.69666102829795
2020-12-14,0.75441735664622,0.62448888490856,0.77548268910291,0.6595814739385,0.48671699288311,0.53572161414774,0.9628396521545299,0.58789701863692
2020-12-15,0.53391449866586,0.58520676140491,0.56585100467509,0.6814833312008199,0.66795424951435,0.42590571000182,0.89888207265759,0.79304353745751
2020-12-16,0.46052022089718,0.72826660272701,0.7383133674996499,0.8115837519318899,0.54445204995355,0.26991796967555,0.56504801809378,0.45629293130917004
2020-12-17,0.46003401411468,0.52831059074225,0.6577936898001701,0.59498825345493,0.41530319627978,0.41333416950465995,0.57198644814942,0.50919567289864
2020-12-18,0.65700738184735,0.75834948882224,0.7870961935636901,0.77683988260037,0.5098862446104,0.30536699437535,0.6335127888522499,0.5253489160000301
2020-12-21,0.88266446338987,1.66221860088136,1.39337970121248,2.35443454521781,1.03574063599918,0.0,0.11959954841417,0.51480660532456
2020-12-22,0.6271556273628,0.78118244901499,0.86523043576464,0.82781005035168,0.62261208783807,0.65044183933191,0.7572007327285201,0.7088337040806401
2020-12-23,0.41750829505998005,0.60385162832119,0.57849920986793,0.61919550723552,0.41652768382954,0.51713873451615,0.93417783729174,0.6068130730411501
2020-12-24,0.31368329310013,0.0,0.29370284177204,0.63703402450641,0.0,0.48816684018324,1.00659453674605,0.68102074683071
2020-12-25,0.0,0.0,0.0,0.0,0.0,0.21323907583873,0.0,0.0
2020-12-28,0.27975500795875,0.55882695155967,0.59625908678523,0.0,0.56400683327254,0.47390002519432,0.27952348363034,0.80322259608614
2020-12-29,0.60620747333671,0.54853898058514,0.50163327094224,1.6141547707825201,0.47770440863395996,0.71148241606496,0.96774807529566,0.57561454978389
2020-12-30,0.33195343903508,0.51167333932278,0.61825839082468,0.7181260957736799,0.60990011714479,0.63203523290245,0.66715523884627,0.65976685382264
2020-12-31,0.36694293316329,0.0,0.65773671580614,1.6989429231978301,0.0,0.0,0.0,0.6783645476213901
2021-01-04,1.1284226374608,0.9456634399634499,1.32887758289768,1.8088609189031002,0.68450368335557,1.11625420627919,1.60910597914059,0.0
2021-01-05,0.8168091193907301,0.9166659988811301,0.98236486822253,0.95731773605489,0.56421672784545,0.69808555723883,1.2878702500457802,0.6058083211697
2021-01-06,1.11452811949228,0.8334765749134699,1.0178705593753,1.37819657618497,0.0,0.66041943523869,1.31375425105687,0.8734649100815299
2021-01-07,0.6979783222822,0.86863735084774,0.80459019422667,1.25798279730527,0.54588186067928,0.56485050352295,1.00828307351507,0.87479586779475
2021-01-08,0.78768718536101,0.66862916899822,0.8493395597545399,0.7545078374409699,0.47592131043954,0.86110719144862,1.22432198925691,0.71628103369101
2021-01-11,0.0,0.93344467443232,0.74474547354731,0.9395984560884699,0.56156915424964,0.0,3.1353310352495405,0.9453767202420501
2021-01-12,0.61932759195518,0.77564180468949,0.6200154371035099,0.6292527094712299,0.5432274563339,0.73500775522127,2.17310395189254,0.72577594084344
2021-01-13,0.49501138503545,0.62776862514503,0.69062445670773,0.5012473035249501,0.52452391908785,0.6498984048316501,1.46698275728619,0.69545824746619
2021-01-14,0.46849373126934,0.53615488322588,0.55980297884829,0.5014523905761,0.38632664103176,1.20446425512133,1.10289787301907,0.6213817428102799
2021-01-15,0.83320271605986,1.02241563457382,0.96865140371054,1.04169289639173,0.62919191020396,0.7838787197999301,1.6397380501369698,0.9002494269053699
2021-01-18,0.0,0.63333249716283,0.46710770725178996,0.46126603479506,0.48528918056353,0.0,1.8005635590703202,0.70006438915517
2021-01-19,0.55956542153502,0.67072755880993,0.55238456948853,0.8344202347182601,0.42702876547206997,0.75111120360368,1.3850516244270399,1.33938400011087
2021-01-20,0.46858411416139,0.54110552480439,0.64551138028106,0.72359846549194,0.4727573861411,0.76140216743153,1.3658693148929,0.9617930594017001
2021-01-21,0.39568850060651,0.74340097947625,0.79442657365171,0.72501562222723,0.60072179057473,0.63761001013785,1.06707516710351,1.0863443904793701
2021-01-22,0.47724646804889004,0.76807227057095,0.76071415368302,0.68800242209049,0.46414769333637995,0.42034747218538004,1.0577347155161299,1.0112549416339
2021-01-25,1.10101177619996,0.0,1.0106554743279201,0.9036346974206201,0.73815124645659,0.65088650638568,0.9126858330248699,0.0
2021-01-26,0.5176328740413799,0.80523640969524,0.7851131227287299,0.6716008548901901,0.60460719817482,0.53556758214209,1.03782721036066,1.18005632371637
2021-01-27,1.6019729215773202,1.2935073674359099,1.2629674526724701,1.27166819337868,0.82569807049502,0.49673552344921995,1.47995280080785,1.07086333958119
2021-01-28,1.2098189067472,1.416054569916,1.29973362776647,1.53402642016263,1.14205100760955,0.77501817305333,1.65668045172326,1.41554403822805
2021-01-29,1.6018263843254,1.35345355434126,1.47561359300089,1.8553021774834901,1.0234398529645001,1.12938727351958,1.73711361277321,1.36526960344394
2021-02-01,1.00611265032997,0.7926144795607999,0.8084494338167201,0.83908637024385,0.76799363537051,0.9605123767969501,1.53668600594753,1.0209050333365899
2021-02-02,0.87532139750978,0.70063481694438,0.6633105994252,0.68319341484767,0.48113054910743003,0.67448239433112,1.4597468341161,0.8372212514005399
2021-02-03,0.57941199804293,0.61883843851954,1.15981148439002,0.9346685787749001,0.56465758180638,0.63240584122316,1.35017317786201,1.07653813501751
2021-02-04,0.45002974972600995,0.57226814349124,0.65657615901903,0.76017341456222,0.50512311378688,0.62829195566966,1.08167177221419,1.23066676990361
2021-02-05,0.47470841409121,0.54794971938142,0.64967958136714,0.72948651669763,0.54099155983097,0.50533500819025,1.12938459508353,0.80683785334324
2021-02-08,0.47242476249649,0.52228358440727,0.46757151664482005,0.64253137974584,0.55830296859364,0.9703582898870701,0.30468283911577,0.7050987374873801
2021-02-09,0.30638083171961,0.61599061947336,0.47330533162325006,0.55369662844009,0.57418021402262,0.75941108965354,0.9770603028892599,0.6991276129276099
2021-02-10,0.8828086496048301,1.10854362628585,0.85322590554936,1.00633167569594,0.8050701351732901,0.53492389936865,0.8820362705236401,0.67197710740101
2021-02-11,0.6555288291021301,0.5463133149010799,0.58801002749271,0.5267274093223301,0.45453204776015005,0.0,0.0,0.47988687814646
2021-02-12,0.38102090075094,0.46699563986804,0.57492966669458,0.58528296272844,0.48435785532456,0.45186198531335003,0.0,0.0
2021-02-15,0.0,0.3587176602771,0.7036677116462,1.07237701913879,0.35586165988185003,0.8407537321736099,0.78344239906698,0.0
2021-02-16,0.6498838897533,0.56044029570066,0.50819149577238,0.90909775379476,0.40464046358805,0.9497704989251,0.9730769042452501,0.8467429170452101
2021-02-17,0.63288027085625,0.9136339644175,0.73905837120042,0.85205480839923,0.62003704299283,0.8398104777797399,1.1825243306465199,0.79713477008455
2021-02-18,0.66033773834639,0.73902722314557,0.7325829079601199,0.8197703594623,0.6428370055286501,1.06203632958388,0.91564688510387,1.13353156016804
2021-02-19,0.5306256264345299,0.54334693021291,0.63124389587091,0.63041815242456,0.5053998116266201,0.71148347907239,1.18294371594087,1.11253153516698
2021-02-22,0.5948019627965799,0.7264548482383201,0.99689791965574,0.99738982127967,0.6526833496604301,0.90018382815138,1.04753793248979,1.1109238818834501
2021-02-23,1.2043912813712099,1.07811645043659,1.00142719545906,1.38533521968583,1.14703729820437,0.0,1.1724637988535,1.1540916286543201
2021-02-24,0.70714226406908,0.77781061299867,0.75072097220089,0.9455295129291601,0.8526841525166701,0.84178713664087,1.41152331478123,1.9686941830611902
2021-02-25,1.16827538542674,0.79154154580597,0.79143705964566,0.93312991591243,0.69023179603988,0.47481888586912,1.03573381673478,1.27226347242699
2021-02-26,1.6648470013902101,1.0199194679483201,1.16930963569962,1.6541584082668699,1.0123243513123599,1.5805800665581597,1.2117411950561,1.22187990600467
2021-03-01,0.9216859120424901,0.63186963698146,0.62339514568155,1.43952134804316,0.73596400703817,0.79280615118446,0.0,0.91873915809461
2021-03-02,0.85146205636898,0.79881098940428,0.70877792146153,0.85031843299941,0.65933887891634,1.13691711793604,1.1778661770061098,1.3612508105132501
2021-03-03,1.10172083257329,0.8941430106705801,0.87553351635947,1.11091761687714,0.62238746913219,0.58313301958874,0.9606024097045999,0.88041435829704
2021-03-04,1.9634498605553898,0.8421636285367099,0.84673301222748,0.9797439767260101,0.8318128812715601,1.00814191233972,1.05892161443281,1.17637206175554
2021-03-05,1.56035069296039,0.9948378680002701,1.02921657190214,1.23106817966593,0.7910129086894001,1.56661916249929,1.14703389167147,1.49928264943739
2021-03-08,1.27013556541811,1.03658803610209,0.7849841225193299,1.08019880077511,0.0,1.08869012217572,1.01518179236922,1.3979097797164801
2021-03-09,0.74556270846415,0.73667981046816,0.5356241360604199,0.6926485373092299,0.50690161820441,1.27074188202364,1.54600197488424,1.72807426026603
2021-03-10,0.9277412708797,0.5961207480133399,0.57244762162831,0.8961975315859599,0.69455161144815,0.65158347430819,1.35507366788525,1.13510619137814
2021-03-11,0.62675255465312,0.54754595837938,0.57222540542674,0.65493822079704,0.52900511601344,0.59004142620242,1.08101111221855,0.98213006280619
2021-03-12,0.53605502965508,0.4905418435718,0.48562240011964997,0.7328365747764,0.4535569583722,0.6881866958547,0.90329196187871,1.04981993721733
2021-03-15,0.51060917970459,0.70166554924678,0.50367697468833,0.6554398069341,0.6053384531797901,0.8245511088584401,1.20249986908024,0.0
2021-03-16,0.46128306806016,0.48707628787100005,0.45854257777387,0.6903524469191801,0.49922237941056,0.48684235634557,0.59798322920822,0.93816372563087
2021-03-17,0.80983498452559,0.40227503763676,0.40808866551219003,0.57667946244298,0.45332670751417997,0.51219682648102,0.74242180689826,1.09073564109641
2021-03-18,0.7398138657157,0.7118801494407,0.5878485840659,0.6144813668539201,0.53351722466719,1.31462337803988,0.68016165129335,0.8959156778277201
2021-03-19,0.8305041188540999,0.72991356903262,0.75107483638961,1.4971360374812301,0.6275984452063901,0.79150259567717,0.77284451236663,0.9576269343883901
2021-03-22,0.38792652544679,0.5742217841857,0.80514756396323,1.00248909780505,0.51750078989289,0.81590058081021,0.11581890596279,0.9476374661776499
2021-03-23,0.6256858169513,0.7625554425752,0.71385478910085,0.87644928062448,0.79411842569681,0.90315748971999,0.65432034937837,1.03408709098798
2021-03-24,0.8168695748972299,0.59560616474977,1.0260294110706498,0.79912099003858,0.58682683823116,1.0063960465130002,0.8654686798040699,0.96650530429464
2021-03-25,1.00660333864189,0.73115790979004,0.8921673183037699,0.96385575992988,0.76220193966719,0.93724176646485,0.89527555002925,1.24513386133981
2021-03-26,0.91412819739856,0.48940889938239,0.61260488384756,0.78437186449945,0.5680366878635099,0.8840390031547,0.6374489186542199,0.92610385280878
2021-03-29,0.7525521791411299,0.46632136417660996,0.50710701112997,0.5608642745999,0.53107028150973,1.07072242165138,0.69593889606922,1.2270809469077402
2021-03-30,0.5826551080200599,0.47900354263073,0.50319542795998,0.77430290073774,0.39777343238581997,0.6006654555483499,0.69237924953635,0.7350584909297
2021-03-31,0.3874389787354,0.40663670920543005,0.42962062777437,0.58416137717308,0.47287984801824,0.5800309503774,0.8404283752636601,0.73306594693865
2021-04-01,0.39337247854351004,0.42585338000267003,0.4937888291568,0.62626817494339,0.38215357644246,0.74668885259833,0.5902319784814,0.9206456280809899
2021-04-02,0.0,0.0,0.0,0.0,0.0,0.49299065840551,0.52935684900436,0.0
2021-04-05,0.63833805681905,0.0,0.0,0.0,0.0,0.4826093616042,0.57840128412209,0.0
2021-04-06,0.3631205257451,0.7260893310462601,0.70042249378545,1.37309444323105,0.516215997787,0.76429511617628,0.60713633337369,0.0
2021-04-07,0.37376371820719,0.34710194440871,0.42783859530668,0.6274808878568799,0.34520001317113996,0.76959371637447,0.50806707430942,0.82462590343877
2021-04-08,0.28373632739848,0.4571970317407,0.42768217175427,0.58990301383875,0.39556745682739003,0.56099869152934,0.66045161888332,0.83355366778335
2021-04-09,0.31458632300925,0.36817131853072,0.38835532989064997,0.45388882413108,0.38961834140310997,0.64975490099761,0.62585399194744,0.72718017702184
2021-04-12,0.38542860666107004,0.42438341831806004,0.49965518994540004,0.61985731677624,0.44967680937431,0.52785697640162,0.56354086302403,1.22674623820821
2021-04-13,0.26888471606057,0.41197489855995995,0.59202218592218,0.59163256308477,0.61962287919665,0.56608293901787,0.47562968836024,0.8030090793225799
2021-04-14,0.57203799716529,0.38370487249612,0.39241980087545997,0.45197333069807,0.50840932715884,0.52950263600026,0.57967422792251,0.87724911629671
2021-04-15,0.47729584843030004,0.31562588584829,0.35804474194677,0.5593646829375,0.4059260424387,0.5370903097887599,0.58021632273055,0.6458976513514001
2021-04-16,0.36199904344508,0.52388979451957,0.46074499827008,0.51855943465626,0.48291201756739,0.5213429922705101,0.48589716098064,0.8065672361909301
2021-04-19,0.6138253011999699,0.49210421894207,0.39658219841458997,0.49462395503277,0.44603889826371,0.54446539754362,0.52645815670866,0.78578307169699
2021-04-20,0.59601532496097,0.64779842460739,0.63534809013564,0.67862258046733,0.71828749101597,0.7168567299235701,0.48492382716764,0.74884748132221
2021-04-21,0.42176422306621003,0.6577536097732399,0.6531778057769,0.6600125684643,0.68867240526443,0.87582443996496,0.60681718640259,0.8262853122131301
2021-04-22,0.89858198092249,0.52063551055594,0.53340357222022,0.49211700908593,0.56798341746015,0.69212102920186,0.47555716520971003,0.66594642751688
2021-04-23,0.42465143195122,0.6186737028186801,0.55118673098119,0.51900447562264,0.5317049465582699,0.69242250048221,0.80083014588007,0.63852148403997
2021-04-26,0.37987051870949,0.52005508156933,0.53638683484392,0.5047992104075101,0.46276332280628,0.73623888711369,0.4970470818321,0.71711181982086
2021-04-27,0.38914396965743,0.52067295086114,0.47159497196339,0.47443211170193,0.54850001881856,0.49733981139279,0.44255776038419997,0.60960692537298
2021-04-28,0.43525115108973,0.4228535486797,0.41502175692800003,0.62406198293307,0.75669899217957,0.43287572983690004,0.64009069991901,0.53487286363289
2021-04-29,0.54796088963021,0.73191042755928,0.59872622518622,0.8210105485907899,0.58002180510794,0.0,0.8395246346377099,0.48539417776599
2021-04-30,0.54106725137153,0.51265527129079,0.5310627258552,0.60077643072757,0.43205473093019997,0.44664737806916,0.8183410462062699,0.73255659789593
2021-05-03,0.47307356443371,0.6585668837570999,0.6173933405476599,0.0,0.80909118337527,0.0,0.8367267795923801,1.08201310033427
2021-05-04,0.7728398672929699,1.19722685642989,1.01164981844905,1.05775045571628,0.99200177000605,0.0,0.9041669304546499,0.52573846869679
2021-05-05,0.48477296565642,0.63414570198168,0.48172877721847995,0.7468985377905399,0.61148196203655,0.0,0.0,0.7853913083002401
2021-05-06,0.7629926000849,0.91095102435426,0.7738494721909099,0.65003534519285,0.76470920749252,0.62947908631169,0.6069836496845701,0.68509218727497
2021-05-07,0.49929826936575006,0.5426817471286001,0.63413420434868,0.7473776005585601,0.66218118028582,0.53649227399257,0.5168480717694199,0.73106028815373
2021-05-10,0.49139165621219,0.42261487654846996,0.44558594980218,0.5555578917888899,0.66846138118475,0.69211972141491,0.68720936225827,0.77818742789632
2021-05-11,1.16410718614395,1.05453603187989,0.9479551965886601,1.6736954186264,1.20283440135622,1.0454398467382,0.7960720636838601,0.92545263404183
2021-05-12,0.85294733388437,0.9963182390599601,0.8507861262931901,0.8498916460127,0.7325777281727299,1.36977277153803,0.9430383881209801,0.89328240700732
2021-05-13,1.08334153405562,0.9593817069780699,1.0427850896714002,1.68317888666594,0.0,1.28160951867173,1.19015958791331,0.87075476289958
2021-05-14,0.61938245514976,0.54231195724196,0.5188216681325399,0.7405257394214,0.5977285766434001,0.94020040169559,0.71394074120911,0.83785758199479
2021-05-17,0.66178785883557,0.60804066539491,0.61079524897945,0.6272792143910499,0.68661651463109,1.08598172365146,0.7913845065357099,0.59693064298006
2021-05-18,0.6120133546406601,0.55765695236787,0.64524330535863,1.06758293430206,0.5945461229087601,0.9453742667720301,0.6772114636462401,0.49480108516092
2021-05-19,1.16523993366344,0.98442029742198,1.02919698124314,1.44962047183737,1.01369749815859,1.21341222109347,0.0,0.0
2021-05-20,0.55635545275554,0.59389352742379,0.7312552095805,0.7863192215039,0.68185418366525,0.8591242890711399,0.83707024756584,0.53939229940416
2021-05-21,0.65375940070236,0.61509072637369,0.48963591282395996,0.5432222457367,0.69749710604215,0.69594156503979,0.6853093186035399,0.5786492870722599
2021-05-24,0.38877060065048996,0.0,0.34561358182860996,0.30484385877955,0.47784499917759,0.9793099175141999,0.0,0.6650177326836401
2021-05-25,0.45893117638816,0.48953986529717,0.38814585860983997,0.44179553135691996,0.46297241728205996,0.48706067871614,0.58342799723427,0.6270641015303999
2021-05-26,0.34430035271955,0.51583409156518,0.4915566588686,0.58034252680909,0.6359954836160501,0.63904117742783,0.5218122213307901,0.60591688088469
2021-05-27,0.32371364217834997,0.49762848500843,0.46039963229264996,0.52388522720996,0.55876442242405,0.67660582097067,0.68823258690227,0.6997885619147399
2021-05-28,0.2754588090048,0.42364557313283,0.38588694058434997,0.49934631942033003,0.48929602733912003,0.54559641744745,0.60085793608313,0.5845635233836199
2021-05-31,0.0,0.38287709150336996,0.41226188089656,0.0,0.48103154271579,0.61795614693274,0.0,0.72735691267063
2021-06-01,0.53637569973307,0.48362611812811,0.45751515823973,0.6471099207027999,0.5278353825611,1.0017198630131,0.77791541626342,0.7024784030914101
2021-06-02,0.33837911565564,0.54527948652417,0.5554195928181,0.62116984552382,0.50319539612987,0.64302544437856,0.58837534661746,0.60765676440622
2021-06-03,0.57889769034503,0.5403633136434499,0.44719573871507,0.51128915965695,0.49353222972163996,0.66386062535177,0.47377640318753006,0.63871250504379
2021-06-04,0.30358777218744,0.35969869749657,0.32701642890348,0.38169844577604,0.51317544639542,0.65827653562828,0.63709793224175,0.7961387445862601
2021-06-07,0.27827611923002,0.0,0.5001335681567,0.5742438748995999,0.48663084049378996,0.57960917326745,0.68524558086344,0.8738262797231799
2021-06-08,0.40341735173718,0.49061415573933,0.42185964333442,0.42065238299056,0.37489073226683,0.53810933142735,0.58766446752116,0.7151044811724
2021-06-09,0.22873942310554,0.60140632338334,0.47545882496887,0.5154201222734001,0.54466546323534,0.42187272537341997,0.58678419050555,0.37908621318455
2021-06-10,0.51186315494311,0.6983162672212699,0.5113230146876699,0.44084543541877996,0.50450600998741,0.56163161753136,0.65644372271613,0.65041368113363
2021-06-11,0.26792011316165,0.42523956835358995,0.33238675677781,0.37831947865901,0.35635814510274,0.72527885191757,0.56362203900959,0.55705179341714
2021-06-14,0.33769222335724,0.43774273806671,0.5067467295645,0.72839204397477,0.57070788311984,0.36612822234715997,0.46331319020424006,0.0
2021-06-15,0.32430626152976,0.375178989202,0.3028874606269,0.49531313672246996,0.47901130687728005,0.50062862160272,0.537496533308,0.98687028179612
2021-06-16,0.8304785712935,0.41234502793190003,0.39937876846769,0.55321336799737,0.64325035481388,0.40733945479691996,0.51342717448995,0.5495423244560901
2021-06-17,0.6852960837127,0.5337968917568601,0.48464794670401,0.77357856670837,0.62048780732447,0.6598803694570501,0.47302821857586996,0.66548937535296
2021-06-18,0.86391436803945,0.74714791019938,0.68721664340867,0.71105738643029,0.8101750274839999,0.48609878896666,0.38425143169758,0.6760991286749
2021-06-21,0.43287624281792003,0.75966329308953,0.9248164689793901,1.06964443916284,0.72928859329299,1.17797148910616,0.61120467459816,0.92380778578342
2021-06-22,0.3020358368041,0.59194008846622,0.51914873207068,0.63952303862194,0.61280886583964,0.71260324970689,0.37923138815282004,0.5201043303155
2021-06-23,0.35524844624852997,0.65832296297938,0.54749156838515,0.6091717114984699,0.65619811225226,0.48157078215681,0.49584166453599005,0.73154040101874
2021-06-24,0.31317600178703,0.5659722792976299,0.46128240469264,0.52888425935159,0.58941982334011,0.44088492868119,0.49763920491604,0.5919048154538
2021-06-25,0.16702002872333999,0.47579208960327996,0.36200101310228,0.42703563762248,0.0,0.33361218360539,0.4154739328736,0.47852676061370003
2021-06-28,0.25354632014375,0.58831821194464,0.53691138287402,0.42058373472704,0.58184085604666,0.43194782744442994,0.51754609828773,0.3753283531514
2021-06-29,0.25146623614638,0.7089239534956899,0.49066055979423,0.55477421550433,0.6437756076013099,0.6450867640656001,0.50515940490332,0.56912114522148
2021-06-30,0.24284438841013,0.72711209191829,0.80664377607638,0.74815400595242,0.72001350721774,0.45113986070294,0.48158148160423003,0.59545964844347
2021-07-01,0.27916525104779,0.7437473487713601,1.06610708735379,0.99800263124435,0.7164032219210801,0.56940992467535,0.43849672502468995,0.0
2021-07-02,0.22380710540457002,0.5872007484481699,0.48899605000451,0.48672081148985996,0.54273651856787,0.33300966732638,0.4578360304432,0.8726470148145199
2021-07-05,0.0,0.53425827500617,0.2975706985637,0.36543419452765996,0.57461364546353,0.36073257992887003,0.38174720569121,0.75739048962681
2021-07-06,0.49937035724788,0.7755178856105099,0.71787483221225,0.68847568663212,0.79805315677029,0.4105174288355,0.39538581805831996,0.9525539559641799
2021-07-07,0.5314627894524501,0.62059600436366,0.6226751524598501,0.7561880606,0.60300221285526,0.52563498527771,0.55119716613977,0.71262724980323
2021-07-08,0.8685278448401701,1.19721903865625,1.18449292994344,1.4135695925482399,1.00402801800397,0.53046803998617,0.50752276383743,0.94873256369772
2021-07-09,0.4204798609948,0.6493241211977,0.69199063692816,0.75339153346489,0.57604503878567,1.19192931456903,0.86960452080406,1.18890851953882
2021-07-12,0.26349701363004,0.6458282186055,0.58508130117659,0.58708226864767,0.6373047862143799,0.47986435374386,0.38996243001009,0.8176075075991299
2021-07-13,0.43838753303865,0.44181098668987,0.51079118328746,0.62104750748355,0.5399678411191701,0.36681166118226,0.32801884991694996,0.9263683606729699
2021-07-14,0.50626511333756,0.44549572904074003,0.59105314025581,0.70696110116416,0.4729818734927,0.4597753114701,0.45670715007597995,0.7276248297294
2021-07-15,0.59992425236132,0.8358625985867001,0.7868496399836601,0.74478313544981,0.7459615739938,0.5172526290807601,0.46943099275708006,0.6824762339959499
2021-07-16,0.51195788254414,0.82582164614568,0.75425757182909,0.6862601013324701,0.8832060201127401,1.2057787726112899,0.456355584503,0.7965058171156101
2021-07-19,1.06436138469177,1.05151264425445,1.12258780932539,1.52327605389929,1.06711762125034,0.8919302816873399,0.40175383170013,0.84561525544398
2021-07-20,0.64982407226554,1.01855769890811,1.13106437276045,1.1891941112577,0.9777341040990299,0.9079054013689,0.50801859425136,1.03415005788231
2021-07-21,0.41121185557878,0.8163156326038199,0.6735331559678,0.89782841417851,0.6518038521442799,0.83181224762638,0.52817218975546,0.6635247753711899
2021-07-22,0.37222608815719,0.68036550657864,0.65575966029711,0.62157216148414,0.58896602968759,0.0,0.44512353964673,0.9118754663108899
2021-07-23,0.34357580400273,0.38767844238399,0.43859461493790003,0.70472662695065,0.4670324705262,0.0,0.44248825009931997,0.7860737946848899
2021-07-26,0.27754944750612,0.0,0.49208718799977996,0.6212929022392599,0.49373123456511,0.5748910360741399,0.46279311759190994,1.26235109076635
2021-07-27,0.69303765731745,0.7725961583223,0.80077356490873,0.88279183396246,0.63491921008002,0.5697376428439901,0.56570252616513,2.58273057230811
2021-07-28,0.53632427014162,0.48747844403177,0.5036422613618801,0.54885078288392,0.47785321696688,0.69660611789851,0.63548136850664,2.0557510360693
2021-07-29,0.43131433588168,0.5031741611492,0.49787144829611,0.61826822638288,0.47899113590044,0.5171585607272701,0.51221338136618,1.29156752985587
2021-07-30,0.4513542587184,0.60400209326732,0.7626082378305,1.0459845098155098,0.54851302033136,0.8363688759644701,0.6224487973121801,1.0927214779585799
2021-08-02,0.48132308798747,0.70907498599806,0.64634333615743,1.07261150425118,0.5853513689784899,0.55428634738984,0.63220281875814,1.29184286458144
2021-08-03,0.58664077590843,0.43759610383875003,0.56969749555086,0.5177558442308999,0.48581387840123996,0.62406675506239,0.56915901603261,1.6450053238491298
2021-08-04,0.35281091042347,0.5683982417316901,0.49783353243696,0.62349912066868,0.39647356828633,0.50394727258518,0.56561370253884,1.25798299405596
2021-08-05,0.24384958035204998,0.36345798903935,0.41868888222518,0.49669243982157,0.42840241555578,0.5337440329634999,0.49649952226599997,1.02504181123162
2021-08-06,0.36506722879455,0.38483561052341,0.44342982376030005,0.31473319518551,0.45693715763053006,0.5124819537037301,0.41684784969852,1.07062727262292
2021-08-09,0.2865932248753,0.38139866858157,0.33073786928553,0.39300148130773993,0.4249330248387,0.0,0.62967177992452,1.14981794240523
2021-08-10,0.3296978073686,0.33959491134616,0.26490981529819996,0.33551367396070997,0.45160700067224,0.72999419106573,0.63674453028537,0.8882720539794701
2021-08-11,0.26808189243499997,0.5631146491708501,0.44440304809205006,0.56061442709113,0.38548721613961,0.47627265042704997,0.5549313739157999,0.8225995172462
2021-08-12,0.23628745806532997,0.39120010966464996,0.31880858881172,0.3424540554078,0.33885823777586,0.5075625223890401,0.63871838803883,0.77848384467237
2021-08-13,0.24049014347899,0.36422385122316,0.31449562880779997,0.40047001439347996,0.28022395392210997,0.49106629493627,0.8488256120337,0.81774863219173
2021-08-16,0.43029047655855,0.61374963627029,0.5863508472544801,0.8872519864938999,0.63954929788844,0.9202675599721001,0.0,0.94264972051614
2021-08-17,0.67056210495117,0.50441016440406,0.56970751601926,0.63693686526349,0.5186007671762,0.61125641712668,1.03290464592526,0.9339990902261
2021-08-18,0.64621424660716,0.40815581126895994,0.5008968180908,0.48779397547430003,0.54002017337886,0.5921687689512201,1.0399244092798199,0.8510632566273599
2021-08-19,0.78228815344969,0.91480827779467,1.03219788720332,1.89992973154798,0.9314583996655299,0.4630967297008,0.86011735125013,1.04980443706006
2021-08-20,0.43261403995215003,0.67707809814993,0.75930858591411,0.73134017273153,0.8680056806633301,0.7954601414107599,1.39120925220507,1.5951281981270298
2021-08-23,0.41704282223211997,0.59765059320561,0.35616399919643,0.8298160909690899,0.58737077433466,0.59596469228665,0.7406166007949,0.99023476020629
2021-08-24,0.1850360116852,0.38716089350925,0.61192847530506,0.48693991131729,0.5031922493963,0.39616800382988004,0.70286129987168,0.9732010440900499
2021-08-25,0.22152341277017,0.33680112912466,0.35457085959235995,0.36514120330415,0.38793386736709,0.51396220513556,0.7875262165560899,1.1403188266064002
2021-08-26,0.42213439266539,0.76696242491669,0.7481297512755001,0.75484973654127,0.5153191474911201,0.409866527611,0.75528800978318,1.06762161127573
2021-08-27,0.38241336529381,0.44346801333448005,0.51428031111433,0.22439645131745,0.35989228998904,0.4761253066752,0.71832451869128,0.9714480804586201
2021-08-30,0.25129531855847,0.33784285402571,0.31779694677792003,0.0,0.0,0.40238120371062996,0.57338221176387,1.16332973077154
2021-08-31,0.35343434271738,0.67170217920926,0.5656074310721,0.50069854466798,0.60977605778417,0.95636576531965,0.77852967390983,1.11626982785167
2021-09-01,0.2728724393835,0.6439897667722799,0.55036517975682,0.8640612001010701,0.52059323679071,0.7181008125677301,0.8549901614055999,0.9688389853558099
2021-09-02,0.32273496314506,0.40145075334288,0.32167531894418,0.35314340611316003,0.55581169645014,0.5976342514566,0.59928562998706,0.87614185791118
2021-09-03,0.30708198741813003,0.71459222855247,0.59401535336084,0.49195530072681004,0.55408483029621,1.07898100934492,0.6118875067847099,0.92026192516427
2021-09-06,0.0,0.37710423765543,0.38266888777147,0.37723316624695,0.41540209890576,0.67966537308427,0.70422158500288,0.93177477796983
2021-09-07,0.35479403748555,0.47350378358399997,0.49228977837078,0.41947113139933,0.5181968507043601,0.59269366927815,0.51469983489705,0.7083604411956901
2021-09-08,0.52682111260899,0.8457229623650401,0.83378532626552,0.8280166684652399,0.7304445567787701,0.7080418542706299,0.60280451182412,0.93321971400009
2021-09-09,0.50509667375599,0.73461943893725,1.03523302028239,1.27250065845994,0.74367743512368,0.5001802642579499,0.69138557719963,0.91002426008956
2021-09-10,0.5463094082868101,0.56458229110821,0.6209432746097799,0.46780144648603,0.54125126664715,0.6760035142682901,0.71122987570056,0.8228492258109901
2021-09-13,0.0,0.49268952588484,0.59308858760325,0.61037350505085,0.54052339539113,0.62501062483286,0.67900449187903,0.9030766035905601
2021-09-14,0.54192593866785,0.56671980970804,0.75163667435611,0.46102849957715997,0.61363750812591,0.68533035892728,0.4909531893238,1.0804509797769601
2021-09-15,0.58655299904695,0.66831117656854,0.66516072400204,0.44925872146472,0.59704120575322,0.5038081355894399,0.69297490134395,1.01162867418336
2021-09-16,0.5980323385665499,0.56383476158834,0.61097262015331,0.51293511134322,0.57496162926435,0.62347130731856,0.62013222476247,1.4511368647219298
2021-09-17,0.631135669915,0.73794134103637,1.0864221256983801,1.11463739245281,0.72376074652532,0.45973284030975003,0.64296451587679,1.36172858316002
2021-09-20,1.1799860797941601,0.9770581321515001,0.8842985159876801,1.25017117762328,0.867513600801,0.0,0.0,1.41508399573311
2021-09-21,0.9745305589997499,0.86620156977686,0.81355450909968,0.94971010834506,0.78979300460536,0.7419030418077001,0.0,1.22898688257361
2021-09-22,0.81567119940311,0.5583985319997,0.57070421284409,1.08687334259149,0.48883984489451004,0.8316325546345,0.0,0.0
2021-09-23,0.5831931810623999,0.6392257181616601,0.69382984236477,0.76035155154579,0.64492906797852,0.0,0.64838131832505,1.1962848358915101
2021-09-24,0.5412780777584,0.67546364402029,0.72829214838965,0.63282804974523,0.65247650952795,0.48333941192957,0.6462964909215799,1.19447190855666
2021-09-27,0.42484095704990005,0.54067159169099,0.60414832813437,1.00972522999229,0.60251444859193,0.5593576903231801,0.43088288482779996,1.14819933184356
2021-09-28,0.87678549861027,0.8239222460696201,0.91276419772119,0.6588646580273699,0.95976128576148,0.43982121212654,0.59020455609971,0.9144296448993999
2021-09-29,0.72374173898846,0.59831600616595,0.69218321899776,0.7142251887464199,0.76469630085804,0.87854712332474,1.0618850361541,1.25372593525179
2021-09-30,1.01833630487526,0.8596626853915,1.30039455620284,0.8837320437320699,0.84830500866714,0.80656385590495,0.71925192032368,1.14358412326465
2021-10-01,0.91109277031865,1.10623962201776,1.83615320594905,1.4734275195784101,0.9296139003288301,0.8758091520410001,0.6724991782575099,0.0
2021-10-04,1.13284332770246,0.97428492878198,1.14354219095449,0.81584879366848,0.95244040735545,1.35112656907781,0.0,1.5975504542523802
2021-10-05,0.6369841206451999,0.68663030730367,0.68259052915837,0.5990149099509601,0.8085548563625901,1.6953951501570301,1.08228996914597,1.10374443288562
2021-10-06,1.05678928541265,1.01755002598348,0.98009011553527,1.18689219708152,1.11606978650217,1.6051948239687202,1.28917373702616,1.28714818225331
2021-10-07,0.74793676372148,0.60570270607191,0.56156961063366,1.2700586979986301,0.63264359049524,1.1985707495354598,0.8705894634072601,1.01403925189215
2021-10-08,0.5391753668292,0.59856820947942,0.65077487131696,0.53267734286657,0.76409914000248,0.74897045390407,0.7401745264833101,1.07569062589296
2021-10-11,0.54848328089531,0.83051977408857,0.8305286622067001,0.57679523321399,0.69556843326958,1.0160340643817,0.0,0.80256548546497
2021-10-12,0.72383132904559,0.7123096888231201,0.9723090845983299,1.20759025710793,0.8919795978245301,0.69636769792445,0.76832279425302,0.85542493748257
2021-10-13,0.71076048941735,0.60270144459934,0.72740552941729,0.66164148052847,0.94412031949327,0.82350982291517,0.71844778909053,0.0
2021-10-14,0.54290630425841,0.42109809885702,0.40893025492883,0.73367444650511,0.57735946242419,0.8252074741381,0.51799476852883,0.0
2021-10-15,0.44774569313362,0.43180697079666996,0.46271268239616997,0.55570515154034,0.60680782360106,0.62416773540101,0.5820251831636,1.1729505088813401
2021-10-18,0.4840865153424,0.5603323935867299,0.63791210267659,0.0,0.63196144174464,0.0,0.8348246038465099,0.81136323785475
2021-10-19,0.35779072532866,0.43336566143338995,0.47604235151779,0.34764611633458997,0.55028560759917,0.43849907780675,0.5133664219524,0.67652391766378
2021-10-20,0.34983583841433,0.53775535842086,0.47633431274671,0.35765814150795,0.69173653504002,0.5111114400266901,0.56427702954922,0.79743280769145
2021-10-21,0.31395082577704003,0.44547635832086996,0.63095525291715,0.62315255348796,0.63752984414084,0.81814751554809,0.58902581575466,0.77792385682905
2021-10-22,0.5504557444189,0.65211279144726,0.61192147172602,0.44679113349493993,0.6897930558594499,0.7926792151022399,0.588060726223,0.8020787140106799
2021-10-25,0.33294747329987,0.4149258018426,0.47823003106306,0.49267227437391004,0.63495592966267,0.70155341475888,0.7526098957472199,0.63566996789655
2021-10-26,0.52529052614035,0.47602927201054,0.51989118521075,0.48415080230384,0.54987385321684,0.54189704301084,0.41717402001972004,0.8393114570803301
2021-10-27,0.51519877685657,0.49663375326647996,0.51637285500096,0.39908252206909006,0.5687173189163299,0.52361011627456,0.50854701450607,0.66487041977518
2021-10-28,0.47731790384568995,0.48218945085034004,0.62454235166145,0.49212217675704006,0.5439955410199999,0.61859307761463,0.59622808837222,0.77688463731883
2021-10-29,0.38242649397378997,0.7872749879158101,0.95633391519324,0.9694127182311101,0.9236460971431,1.08393483038003,0.7914107649025901,0.8621812022753099
2021-11-01,0.49583401909533004,0.39515697152785,0.44936623319195,0.49966499740957,0.52604702938787,0.7455480907865,0.6144925235915,0.9598333740370999
2021-11-02,0.35370510881341,0.41622389882892,0.46202476429885003,0.46763065827646005,0.44619050951282,0.46843498834946,0.6944901752538,0.8196316621983301
2021-11-03,0.46754529976679,0.31902197950703004,0.34450564488812,0.35844854695906,0.58088924815635,0.0,0.82361370282121,1.02831168818165
2021-11-04,0.43541410725094,0.36166650119362,0.48507352005456,0.5137031738801501,0.53181048849212,0.42885207886016,0.5657214665027,0.63918960164115
2021-11-05,0.55475604634886,0.36816038839708,0.49933359206367,0.44079006239177,0.38789335923306,0.70410008010434,0.877850593319,0.83769851611148
2021-11-08,0.45234206361894,0.25301901033518,0.34322237209112,0.31317827519396996,0.59894255937066,0.49799694159575003,0.93700056955749,0.72812177772911
2021-11-09,0.5937186341975901,0.40311178961083005,0.61898321411691,0.39194318430053005,0.5676136822585199,0.9484947743344401,1.03720755275884,0.56132786157787
2021-11-10,0.56361753503113,0.41012703005875994,0.48214636392144,0.44552590857956004,0.5468265986493,0.58193237000666,0.69229841079377,1.0837448743911
2021-11-11,0.31505759882181,0.45726313013247,0.44942917272764,0.36820600449154,0.47408885268204004,0.67322683379826,0.55802233525267,0.90085230916187
2021-11-12,0.40074659704408,0.37791641412224,0.5563167881182,0.6341269302321799,0.62643567043188,0.6727471223522901,0.56646580104115,0.73069469537319
2021-11-15,0.44205504218256003,0.30530031026254,0.43765404938036,0.39094321931464,0.5058146781756699,0.37495651205944003,0.59117970492304,0.59622246355799
2021-11-16,0.37375462976276996,0.36155002029674,0.37659900698128,0.38587915550721996,0.53251746072574,0.7045184725916,0.53989494373404,0.73222079157803
2021-11-17,0.39750984717254995,0.25783462649195,0.3282051044146,0.43918027420127,0.56484379035413,0.4387778279338,0.5669898486770399,0.5326808908227301
2021-11-18,0.4745927822601,0.36369685995257,0.33602952987172,0.49447938606656994,0.5021261032989199,0.7978856295289801,0.87455984076685,0.57718593452433
2021-11-19,0.47124332610575,0.8659877473283201,1.03776061496088,0.75715505909147,0.62487320133062,0.5475459628673001,0.86020101445867,0.8541569334408
2021-11-22,0.6573035306882701,0.51779748831002,0.6179387363014299,0.65498436539919,0.5071750248047899,0.47859464971234,0.46622311765338,0.6355981345232
2021-11-23,0.80625824567202,0.76259224470441,0.93982737959191,0.55661005087241,0.97756226693711,0.0,0.62559160755697,0.6121250853194999
2021-11-24,0.55747408366996,0.82522514682783,0.8563564714603299,0.65371982933024,0.9559782790817799,0.60973953269369,0.71105696629939,0.71474279849294
2021-11-25,0.0,0.38387292119131,0.39774492673339,0.29447478450159,0.64787187385406,0.37654537713764,0.64236885655135,0.57984062428393
2021-11-26,1.03818446498972,1.25133417190173,1.57469103078318,2.70033441601276,1.27665002256295,1.0297184091449398,0.64343460106284,0.89932884396988
2021-11-29,0.60723800164832,1.1240444501326399,1.1300030331884001,1.27207624207513,0.99566389478033,1.38341009063364,0.82191834572387,0.9634443985231901
2021-11-30,1.07931695343073,1.53132716336875,1.5275143879086701,1.4529205589274299,1.2821785242048,1.1576740713961702,0.96720365792308,1.08468281442687
2021-12-01,1.27714561445553,0.76410500490874,0.8697244498490501,1.16580523458938,0.8178421889701901,1.78931834275458,1.202639612581,0.7163773568400801
2021-12-02,1.32726298637421,0.9549120209968001,1.1995880825058198,1.15854240084254,1.11991439211039,1.04073945576979,1.10461969261913,0.9047838904529801
2021-12-03,1.47507887597646,0.9752386874181199,1.33114452685161,1.09563631869338,0.8344206782902999,0.98024216469556,1.00663125125688,0.89022193416195
2021-12-06,0.93457781439768,0.9190914091385701,0.8626725598776299,0.8489877949778899,0.93748185498405,1.05700331740822,1.01740568056994,0.8821283433531999
2021-12-07,0.69872884096008,0.5643754932638,0.55968283860373,0.87661054358724,0.71156774921469,1.08667302564893,0.76090669026496,0.9158878497550401
2021-12-08,0.53949322909893,0.75665538098032,1.0086422313516301,0.69049938756405,0.74764034823794,0.7895195317264501,0.80902451644709,0.67591843862764
2021-12-09,0.50094198595761,0.61457557154816,0.6455935964253501,0.51240808332413,0.51091549437132,0.53828213209831,0.60386022181273,0.71820881622128
2021-12-10,0.66696735986265,0.53809697793022,0.76242530985976,0.51721990068178,0.60083533586416,0.60853229334022,0.54032218234175,0.57939795634029
2021-12-13,0.59420178584507,0.62704638987983,0.6781095593108,0.50798018013643,0.63983525159486,0.45559806709484,0.56560487375197,0.8208443588774501
2021-12-14,0.6932792527835,0.69754850447791,0.9442569182119,0.87735061563246,0.8277948247829301,0.69602567273187,0.70985815849611,0.9180713411864401
2021-12-15,1.0467917072335802,0.47041348744595,0.67406144873101,0.42488522167233994,0.77524943107484,0.54864113356447,0.6631294169212,0.8601311987654899
2021-12-16,0.9483364058070499,0.66085411206253,0.75729016839942,1.24007240084238,0.75290363980019,0.73212546755524,0.5562786694846,1.06775197827632
2021-12-17,1.2543006125997,0.8153009759989499,0.91572272236186,0.66248354705708,0.96278491653687,0.72657848998788,0.62383110573649,0.76686720997707
2021-12-20,1.07664599432357,1.04420774136375,1.45860358152275,2.05501377749663,0.9104589697816899,1.01513901856642,0.64209526407622,0.97129148100921
2021-12-21,0.78288741839065,0.63401497948737,0.76273054210396,1.0109615903317,0.66965333162754,0.58769383209522,0.73919414138617,0.97167635319154
2021-12-22,0.46976881864566006,0.52269363145676,0.6322529841650301,0.43465237028131,0.56058862726053,0.45466934888730004,0.52302842407433,0.7781086644789701
2021-12-23,0.4845195519523,0.41044209974042,0.39321062144290997,0.24148636711169,0.45526009115117994,0.33757490980786,0.53014960461283,0.7850004587406
2021-12-24,0.0,0.0,0.26489343269164,0.33377042172257,0.0,0.30856039369998,0.48884203977104,0.47191730239269
2021-12-27,0.42297038524117997,0.45625967797002,0.53382376761542,0.0,0.0,0.47688988094377,0.42355659258972,0.0
2021-12-28,0.55070879069543,0.43600192005927,0.45722196318312,0.0,0.47015999087195,0.53380085507282,0.52492945176309,0.8207996851038599
2021-12-29,0.42723250690729,0.5016713132396701,0.47041259158642,0.9881858963041199,0.6090074371234799,0.73839929009938,0.50752524246443,0.70920616794202
2021-12-30,0.38387778984296,0.33493442684167996,0.45776801690375,0.36452257098001,0.35802917673832,0.67280394679144,0.56962978120766,0.70497184836511
2021-12-31,0.52905832201249,0.0,0.33585134442829,0.56456979667694,0.0,0.0,0.0,0.69988274213982
2022-01-03,0.73903909398348,0.6005552322182399,0.60640134481873,0.0,0.69308129454427,0.0,0.71865459030082,0.82784965302864
2022-01-04,0.56046276040425,0.4515480216619,0.49957202504725995,1.14710794458847,0.61183723561787,0.62540375089563,0.5617707399523499,0.72525476491654
2022-01-05,0.6795848318086299,0.47988352291446,0.4198280641651,0.38405740287869,0.38017135389591,0.49703971106401,0.69303836595209,0.8529416734109301
2022-01-06,0.88479274507285,0.8939190855903899,0.8666572640606,1.16848224060958,0.0,0.8162488890728801,0.76524000969673,1.18124952352286
2022-01-07,0.6610003055964401,0.8221539969181201,0.46526613089781,0.33157018220877,0.91730804631535,0.76679380052665,0.68667994779961,0.91443718518214
2022-01-10,1.10777026022546,0.83141567826124,0.8200179490280399,0.5852242090519499,1.35470818581456,0.0,0.83630650058737,0.83672184658059
2022-01-11,0.80563197018125,0.5816529645555399,0.71213630634014,0.7924646238541,0.9752652323838601,0.8620614600997599,0.87921980703159,0.8364376383301
2022-01-12,0.6117503118313901,0.80883677134173,1.0152387068128301,0.63937368936586,0.91740629823616,0.57328818939153,0.43516687221065,0.57982795673654
2022-01-13,0.8205887285740401,0.54392020383551,0.5698634727893,0.38779632787568,0.68655237599653,0.43858734932802995,0.51451797060039,0.77196767274267
2022-01-14,1.05398533521344,0.76544427238677,0.61146409066401,0.64432581714358,0.92457136867455,1.21555666586342,0.8223082578641701,0.82720502081962
2022-01-17,0.0,0.47888611207123,0.5374161682389901,0.49274827219132,0.91727479562215,0.0,0.59793773710323,0.70947060496415
2022-01-18,1.11752911537462,0.77152054949947,0.76742392531098,0.62852816808156,1.0783574381178,0.93764606399024,0.72523024869344,0.87006307825616
2022-01-19,0.92771517314188,0.68869182753949,0.82240118215916,0.68269664960831,1.01833145329995,1.09426557010581,0.7732705825452,0.6733873532606299
2022-01-20,0.9887175344859399,0.65493963311603,0.69075321848722,0.56492896641485,0.92842985154939,1.31819605919187,0.71344551190619,0.8126670865336101
2022-01-21,1.51932677954513,0.9876600690105101,0.93681633602873,1.1839322464748498,0.84707665721324,1.38626782092061,0.90036436698919,0.89651741340896
2022-01-24,2.5621290982589002,1.3748701742837302,1.48934394565358,1.06622988100362,1.50929651993635,0.9121395132318201,0.8023725333274899,0.73301837202287
2022-01-25,2.0036791962954,1.61979647818699,1.86224637128522,1.23235902293568,1.9369881701153902,1.27666310343253,1.2933265110763699,1.15063929584166
2022-01-26,2.2504098707511,0.8804112776580899,0.9174562626696,1.23597950157152,0.9924179199701901,0.8192501232034599,1.06951960789973,0.76776397051267
2022-01-27,1.7296946623493898,1.15119225925298,1.6817432013503102,1.1571700770344802,1.1420814080835,1.52098238990463,1.71448108732963,0.89401406340762
2022-01-28,1.62049024780033,1.3052840567297899,1.45280785589767,0.95659988386448,1.25387965807449,1.15315977819381,1.39925564103704,1.15347823364335
2022-01-31,0.0,0.9757817127022801,1.17958681161116,0.81654354693914,0.8753313573514001,1.21761105964671,0.0,1.03122607614479
2022-02-01,1.02849764443191,0.84583410421159,0.9751368673611001,0.9559252736535301,0.9118420149558701,0.93565208390726,0.0,0.0
2022-02-02,0.88884053928446,0.58443398352692,0.5228142616070299,0.6638525579931099,0.6760336600419801,0.7287826672786001,0.0,0.0
2022-02-03,1.0450114852919,0.7872103213472,0.9842149187439599,0.6671999848689101,0.88106963782615,0.7883935082759599,0.92054470834649,0.0
2022-02-04,1.15602824957308,1.10641351906328,1.38279352696055,1.03937623080768,0.9816513082704099,0.8318010650429,0.89486134906606,0.82449732855063
2022-02-07,0.99449070872746,0.74785117735768,0.9674988493462501,0.7162221852274999,0.8707552354579399,0.74533347956568,1.16649098502946,1.01375032661301
2022-02-08,0.7876406590554399,0.73453293452453,0.75708249758251,0.64539481560546,0.65809850298357,0.56115588483557,1.09839617334821,0.77502858511883
2022-02-09,0.69424144406823,0.51822844166595,0.5807737123352,0.70965887858263,0.67360015580986,0.50943675187181,0.69546174007266,0.70367912932146
2022-02-10,1.25126523395121,0.8853650902787,0.99704188694026,0.7461174048435301,1.01985053784414,0.58483073626996,0.61972625974381,0.8610697285629401
2022-02-11,1.4471760456223,1.0167951317881099,0.55759634410735,0.73268724688464,0.7697584999224,0.0,1.05558788921624,0.80667544060635
2022-02-14,1.17994712915113,1.7091642534212401,1.7833598882561499,1.7759653728471099,1.72755684620362,0.9027369274007,1.07247237796597,0.77800837435957
2022-02-15,0.96516713687463,0.9039119580687699,1.30287644644455,0.9012613849921001,1.11320847402631,0.8754646471524999,0.8793345051511701,0.74525946660282
2022-02-16,0.8426929215112001,0.91897491103285,0.934106391157,0.66442613056076,0.96752653654288,0.5479579954114401,0.54446829757175,0.696286699093
2022-02-17,0.81085370385166,1.0615301535575798,1.1279545636505,0.54019715823893,0.90409093133734,1.01130471890573,1.47005124050524,1.03608544861029
2022-02-18,1.15100665702114,0.98251818786994,1.12340587467442,0.7893132530056299,1.08723218198,1.11179356161654,0.84316406929304,0.8547042245100899
2022-02-21,0.0,1.6073574448485302,1.67413777218901,0.99812205576224,1.30719798941093,1.13765667377421,0.88254062137428,0.89830087108461
2022-02-22,1.4668818179515999,1.45885549436536,2.26068755627176,1.48394689610747,1.7159981879430901,0.9407369505004,0.8163563811087601,1.08489850763239
2022-02-23,1.14323649822685,1.11537289902749,1.2643141839384702,0.6613274796244,1.2354273855298,0.0,0.70364016514655,0.77875506386732
2022-02-24,2.21216875941664,2.66529909383281,2.45584883506803,2.90653267204327,2.29148739355402,0.0,0.9125783223871999,1.2727480994254101
2022-02-25,1.20774901835232,1.7687150329091998,1.9507835810132799,1.58603022796635,1.80560763094283,0.89631564021672,0.83460848454887,0.84671225412036
2022-02-28,1.47295474172324,1.5139501800389599,1.67820120072713,1.31646304470767,1.47231589470432,1.1855244027332301,0.77926241646725,1.23472966587022
2022-03-01,1.35695233293288,1.6091898057845702,1.67863445492995,1.20834868618044,1.51200257603781,0.61198408028368,0.0,1.07054054407714
2022-03-02,1.28772388263905,2.02121782912456,2.0423335106257703,1.2088288896688302,2.13903376931431,0.8067006309917,0.62818956282324,0.9027892641706
2022-03-03,1.20185491206509,1.6251176069967899,1.39630166933331,1.00034768598422,1.3404178084228,0.5699058289683,0.48395196909034,0.69560756959321
2022-03-04,1.33730648966682,1.79706001002609,1.95154550805816,1.58050910190577,1.63294124298671,1.32920805495866,0.65192833261857,0.7492056939575
2022-03-07,1.2130264160153301,2.75176348402547,3.9512784321067502,1.9249664782873401,2.37030074688255,1.25901065349622,0.69526591722582,1.64971131466144
2022-03-08,2.10786543494526,2.83869925152172,3.1391625089846804,1.89769871718484,2.72491655351608,1.46956094235149,0.89302240441108,1.6418749246982798
2022-03-09,1.19957374085881,2.25664805278138,2.13592137160523,1.9314052096962901,1.8345710682502798,1.01756797831201,0.0,1.94780769721885
2022-03-10,1.25765880538721,2.3943543980948103,2.45693654650644,1.47416093284722,2.0967811846981,1.20943196684269,0.49025001685624997,1.29167600240966
2022-03-11,0.95685877175626,3.01475163836691,2.55575926193861,1.4450398425258,1.6771204594992501,0.99102441621126,0.7781386500599,1.9307429171559798
2022-03-14,1.035083381151,1.6183243490932202,1.47239727057102,0.8022796056994699,1.53688308393904,1.19695895645757,0.76627569715657,2.3419722491669197
2022-03-15,1.17297623301412,1.78128366708281,2.05527510717567,1.4450874602192698,1.50520882636264,0.77267741833144,0.68885492678168,3.3503305815059505
2022-03-16,1.59837306704849,1.6883262503906,1.8326497801334,1.4244217914097599,1.28118266268163,0.70271281564584,0.6255419199307101,3.2302655281329398
2022-03-17,0.8748772653577199,1.3655129347311201,1.49046497152298,1.05089153430313,1.28661837267233,1.2988964773491298,0.58451032930836,2.70094145494066
2022-03-18,0.75491985551745,1.3641833278940099,1.28201135962361,0.75019185750824,0.8516181421247,0.6768350465817,0.65182728099739,1.8061373419585198
2022-03-21,1.08253082496065,0.8893582977496199,0.8012112154817299,0.58629382547078,0.8884135047202899,0.0,0.5604779792825,1.88720949548665
2022-03-22,0.64723952756419,0.82197802876608,0.78915888669377,0.64348385757384,0.77314894420172,0.62220214908334,0.63411902741772,1.37973036833687
2022-03-23,0.7726452017855401,1.00587620337693,0.91055106298574,0.52362790803142,0.84337798678653,0.67586345086315,0.54398847224006,1.4019536723886399
2022-03-24,0.67912390063918,1.06477584553792,1.00766552765637,0.51499247287552,0.96014455353714,0.8256255849646,0.49808513036274,1.32428252286549
2022-03-25,0.8083228311544001,0.9706322573092699,0.9296234302243699,0.49546936508552997,0.9669636233593,1.1485688058274899,0.4687212065426,1.6889252295300101
2022-03-28,0.6705325361261301,1.15704532911593,0.9595715337350199,0.49601912113123997,1.06938689172254,0.74158755452306,0.73022216000301,1.58654981781695
2022-03-29,0.80588847689286,1.33664368495459,1.24685470234506,1.0906787981459,1.1516914067961,0.63140241344655,0.5326334355664499,1.12409286628196
2022-03-30,0.64364782218711,0.9354548366205201,1.216546750188,0.48429567202138996,1.24334298789392,0.86716939839353,0.5675704036573901,1.09546720355152
2022-03-31,0.73500529137671,0.93208985983028,0.9028611886666401,0.59513511058878,0.94490427062957,0.83857790736176,0.48337684267995995,1.0330928055663702
2022-04-01,0.78893487109267,0.8481388188126999,0.88432431244021,0.50109540400288,0.82981842860463,0.9722169396308499,0.4531154979878,1.05507013962911
2022-04-04,0.49210330444309996,1.00967651778577,1.10696596757262,0.73666443565724,1.02400610958724,0.50238066047189,0.61359557836603,0.82284630289948
2022-04-05,0.90124451229876,0.9607043543608499,1.08949109940788,0.53966992617118,0.77616270377217,0.62933040347453,0.41793535352681,0.0
2022-04-06,1.19067982265552,1.23337410699227,1.0982287740593901,0.6088275135257399,1.355426088249,0.74281194199701,0.49835363254393994,1.1182190872056301
2022-04-07,0.8510295210712701,1.01379220374788,1.25358398310085,0.56279573370241,1.06906703532098,0.77003233674068,0.44825913160851,1.32658291970347
2022-04-08,0.7661019416409,0.7337230536488499,0.9212471963011201,0.9926861539531401,0.74647279111102,0.74551706992262,0.49802917862759,1.00442019766679
2022-04-11,0.6538631240408,1.36476706509755,1.31595090115209,0.76383480944153,1.36607574833901,0.78896158418689,0.62273820810212,1.13409578658109
2022-04-12,0.83086154142352,1.0551480163417801,2.0013861929697603,1.0660729048113902,1.29029208131957,0.5890100685842901,0.70644401237304,1.6877353699303599
2022-04-13,0.6508251422826701,0.92541922178014,0.9081249915876499,0.47713663240844,0.8466376666053901,0.78896043703978,0.56614713205145,1.01126440997841
2022-04-14,0.80590027518966,0.94124934391655,0.9905859251253001,0.6055231527335699,0.88900517229014,0.6927153009345299,0.51852106294996,0.87703843496776
2022-04-15,0.0,0.0,0.0,0.0,0.0,0.9493802222392701,0.57435110959335,0.0
2022-04-18,0.93169017347326,0.0,0.0,0.0,0.0,0.66797675095723,0.45847920491916005,0.0
2022-04-19,0.74604442973317,0.9069237066444099,0.9578591356631799,0.58977609917556,0.93759839449987,0.88456794998214,0.60765958756973,1.06904284268872
2022-04-20,0.82783614670225,0.81503445689737,0.8447455083284299,0.47859530993905003,0.97436434639407,0.86239980490416,0.72311966293358,0.8979883004785401
2022-04-21,1.1310245420812,0.6611334985859599,0.73716291808109,0.61464850912677,0.79462831621633,0.5920027182412,0.55480306698237,1.17738745745357
2022-04-22,1.2330427139734401,0.9920686097872999,1.02510342195653,0.86751747050496,0.94857638220607,0.74625213924943,0.55843400957095,1.25786951767701
2022-04-25,1.57280345639275,1.3700958383649602,1.55029345524065,1.9761084304835,1.58136426420259,1.02884532081844,0.5153561838834,1.36412684544949
2022-04-26,1.21740764246656,1.2110794022433,1.25604185397661,1.2193547047405802,1.1745355586153998,0.66113104987642,0.46319899955922,1.01741701563075
2022-04-27,1.45709614388653,1.5236864038548001,1.53175315741701,0.9543358386075,1.51532697687561,0.96211531090113,0.60973307955962,1.50274412417151
2022-04-28,1.10648381722644,1.18943323969905,1.5066734867419,0.7392121634008,1.23445371160323,0.82105497834192,0.5758975882476,1.11083744615942
2022-04-29,1.2561781687658802,0.9488263900374401,1.09752220927323,0.77904582129099,1.06383168383208,0.0,0.6292050251982501,2.97828920558833
2022-05-02,1.8298071378030498,1.51226199725378,2.98324993246425,0.0,8.59745625137586,0.89956844944667,0.62959484385182,0.0
2022-05-03,1.32716329797843,0.9596335266989,1.13012637164256,1.15426126067844,1.0472240519234601,0.0,0.53477935709969,1.8460489271801501
2022-05-04,1.84255678246723,0.75368161514924,0.75524009318069,0.49861983894796,1.00630930565159,0.0,0.48788335781428,0.9026836764165
2022-05-05,1.81193119115931,0.87850101124017,2.68205149560294,1.79540089047293,1.08302411808278,0.0,0.0,1.03903412202054
2022-05-06,2.02374861149254,1.41331463479509,1.44187205734489,0.91471807984406,1.43270032530742,0.9130606182452501,0.5305881111859,1.0013353386763
2022-05-09,1.74576305299401,1.26200634049556,1.4612994823177,0.9439349779588799,1.54904246313521,0.71684961668227,0.63093005620926,0.0
2022-05-10,1.89502667815521,1.19093283732836,1.26690258345225,0.95264640982493,1.47118223903872,1.10418755070549,0.9183045770306499,1.691763786696
2022-05-11,2.02878189654999,1.48727506883393,1.6240161252438299,0.9969190276176499,1.56285183555319,0.99820494138361,0.64729750169492,1.33149455966519
2022-05-12,2.0598904080030502,1.5228698561535,1.58731052127143,2.1305836443617903,1.32522973532025,1.1075631188605,0.68061781230049,1.13677694358875
2022-05-13,1.3310475182366701,0.9021963860426601,0.72480097160527,0.81656976029567,1.01191526535278,0.7801343446814599,0.5860605784447099,1.1164406850764599
2022-05-16,1.27544383413147,1.05283856179758,1.09221538855117,0.8546970012207601,1.22270700931825,0.0,0.66613645167739,1.02533796291759
2022-05-17,1.21422943143995,0.7823050143975,0.8629359001079899,0.65110736250992,0.94301484599655,0.75212258915388,0.59783055866307,1.01093268764097
2022-05-18,1.26094430328543,0.7257859057914899,0.8792959748922601,0.55715755693809,0.9207658562285601,0.75247859342783,0.56610461852392,1.071667643508
2022-05-19,1.78959392857346,1.36279847842114,1.37630948872628,1.27181793039648,1.31856122675399,1.08761422572941,0.65992112514612,1.0847905412728298
2022-05-20,1.57876988996528,0.84342969266067,1.12458796922784,1.2963545905087,0.99778962039604,0.69034882335026,0.56395885630376,0.99499848806229
2022-05-23,1.30426952358398,0.95445282650759,1.08443740025047,0.92450513114848,1.01250382892313,0.7181854639669699,0.64840567283698,1.0761367147978902
2022-05-24,1.47851084639173,1.00312227293336,1.07466956413634,1.04871121264817,0.99044091245235,0.61909758975071,0.61279086653908,1.09226887929209
2022-05-25,1.20287370413813,0.86583760907546,0.9316963150156701,0.75417364881492,0.93688010152256,0.5504018502343799,0.63092864678019,1.2038093617354801
2022-05-26,0.9735225157311299,0.66668946468734,0.6803730669135499,0.41340659567468996,0.0,0.76848878202467,0.73626165612963,1.38888036970899
2022-05-27,0.76969618818407,0.64175166364525,0.71313565832758,0.48010965372942,0.9193306080273199,0.50399141677778,0.5490565271055,1.02722930380368
2022-05-30,0.0,0.5139994941938499,0.58841991136494,0.62010955032408,0.7901382195840301,0.57135175682251,0.53736702373572,1.02108155335947
2022-05-31,1.39269271000353,0.7446653300130099,0.7987297399832101,0.5326811125919201,0.9957781203823599,0.71786822050788,0.56292297607217,1.1009085058591301
2022-06-01,1.22670529085025,0.6765685852698,0.93305949608108,0.6775743772666699,0.95207896093618,0.50115929017189,0.0,1.13212685300897
2022-06-02,1.09127156918523,0.738693234928,0.7270560408723701,0.0,0.7211084210422201,0.42338142993673994,0.58168136047664,0.9260106445025901
2022-06-03,1.03471066587041,0.57870021317845,0.70970366532171,0.0,0.66886997127971,0.51805245777832,0.49485629901734995,0.0
2022-06-06,1.01845561293165,0.6071368050384299,0.59173243270843,0.9911166849333399,0.0,0.0,0.0,1.6111519827700898
2022-06-07,0.79499915222947,0.6962552595772801,0.82804826308004,0.5732395921782201,0.83502743203479,0.73995308390075,0.62847987509482,1.11294675410686
2022-06-08,1.0349845953099899,0.6922692374713599,0.84337681771806,0.53967884156945,0.72065905212912,0.51089681056745,0.49514517223341,0.8620858165318299
2022-06-09,1.15775937277527,0.9881817945281199,1.30058218937251,0.81367049463076,0.9657100326127099,0.5215134059594599,0.58524160674158,1.34451644164993
2022-06-10,1.61815915557679,1.14770463536965,1.19892757359942,1.0270915015898001,1.20848388278702,0.56705005044401,0.61171846413875,1.1904814590021902
2022-06-13,1.51682067718501,0.0,1.28426423810951,1.3565896505166901,1.31323181533193,0.88837841948,0.79670083342466,1.2147717674876202
2022-06-14,1.52429519125955,1.33790449234539,1.48447565540968,1.3048231742374101,1.41407454695288,0.91281814835738,1.22822832317692,1.3616230263696298
2022-06-15,2.3124832053109,1.1215093367814601,1.30114483884308,1.09508823194571,1.2428937216745402,0.68989308561487,1.0777897758324602,0.9360952472109
2022-06-16,1.72011922939748,1.41968665651333,1.48152801227448,1.25033827272782,1.36596821591353,0.8524472065615201,0.9207568169093501,1.51117621606647
2022-06-17,1.6278995367162499,1.37975591946728,1.44502917572241,1.1810016136394499,1.55155515171552,1.34521232820696,1.10299291244685,1.5060062735875301
2022-06-20,0.0,0.7269299334054999,0.8713759325197501,0.73037567872372,0.0,0.0,1.37529985751108,1.19684481591432
2022-06-21,0.0,0.76734798775696,0.95845448645554,0.64457402980024,1.0937944503123,0.77049198159484,1.00194411594908,1.07275355389996
2022-06-22,1.21866837051512,1.27214081279786,1.50828043115993,1.53336085459131,1.21148725507245,0.85470498352824,1.14702113620935,0.91467072316424
2022-06-23,1.16404640681632,1.17408807511659,1.26805517779748,0.94069639472399,1.17411015310532,0.9573384291416,1.84262946009093,1.08486621456657
2022-06-24,1.07200584363239,0.94031536118881,0.92845398595799,0.7774014522614501,0.0,0.5330771802531801,0.99955632057292,1.15117150048244
2022-06-27,1.10058216169534,0.9130594580167499,1.2973850315018198,0.82420254081974,1.1497088295033602,0.60612531009839,1.1053235560233001,0.0
2022-06-28,1.27940550866525,1.10064820826638,0.97860591435608,1.22597614419694,1.03002477529814,0.8024602394997501,0.9772099197537301,0.0
